#bits	20
41	3.0674543
66	3.9794064
170	0.97417456
264	8.751622
328	-2.9527912
382	-0.6901149
418	5.808643
481	1.9486722
552	3.7668333
571	-0.9146994
581	5.6187654
607	-0.6726804
643	3.166456
664	-6.702278
677	-2.3280582
699	3.420332
706	-2.1287558
736	-4.4095063
783	-4.1952214
788	-3.4968345
792	0.6264312
806	-4.408776
832	4.181414
853	4.66847
877	3.1997406
879	2.5969567
908	2.0761425
933	0.49335438
1078	3.0704408
1132	-3.7665062
1134	-0.34142783
1158	-1.6489779
1218	2.852138
1223	2.128571
1267	2.9372823
1288	-2.4666455
1291	-0.9467727
1311	-0.036225684
1322	-0.79309565
1338	-0.6269461
1346	0.9612895
1396	-0.5094377
1414	-3.237371
1534	3.326992
1548	1.5071663
1569	-0.5109186
1582	-1.867416
1584	-4.2439923
1599	-2.1024036
1606	-0.95390356
1653	1.7765303
1654	4.7466397
1658	1.7726753
1672	7.6280847
1682	2.1965997
1702	2.8461635
1723	8.76665
1726	2.6037722
1730	-0.3469274
1746	-2.447465
1755	-0.29150122
1806	0.051440906
1831	-0.9993781
1864	2.400136
1898	-6.533082
1948	-11.552343
1969	2.4016016
1985	-4.0136642
2004	0.5006199
2041	-0.36693442
2042	1.7911216
2089	-3.722408
2093	-0.63530076
2122	5.2656045
2158	-8.449697
2171	1.8743055
2204	2.5648394
2241	-1.977245
2284	-2.994252
2299	-1.4400563
2317	-0.7834246
2347	-0.99676174
2352	-0.28260297
2392	-2.263442
2417	-5.1296706
2439	4.056189
2459	-0.9603837
2523	-4.1538897
2563	-7.7858014
2568	0.39912915
2572	-4.285774
2596	-1.0733038
2651	-3.202138
2719	-1.793491
2744	-1.8749142
2795	-0.2372784
2815	4.514729
2906	-3.5315797
2911	-0.954802
2939	5.223533
2963	-2.0491266
3028	-2.6035717
3121	-0.807231
3154	1.3134682
3253	-17.930012
3309	-8.321207
3324	-0.110683225
3340	4.5642185
3346	1.2753334
3382	-0.98697096
3398	1.7638859
3463	10.142004
3489	-3.8847477
3492	2.816339
3589	1.9493508
3657	1.0805413
3759	0.6525772
3778	2.500162
3781	0.97646093
3810	-1.2102262
3828	-2.6349585
3833	-3.7598917
3837	-3.8638022
3898	3.3679
3981	-1.7095151
3991	2.5002623
4015	-0.92554045
4024	2.391116
4038	-1.5192484
4039	-0.35397518
4057	-0.8575404
4074	-0.9885014
4138	1.9531114
4194	-3.589091
4211	-1.5244849
4250	-4.9671044
4333	-2.3719146
4351	1.5422698
4391	1.3447943
4417	0.8836437
4425	-1.5613997
4426	-2.5348303
4448	1.6145127
4459	2.1363213
4492	-5.109381
4551	-0.8076692
4592	1.4117718
4646	-1.6865569
4687	1.6084553
4698	7.3889766
4703	-3.1304085
4768	9.814895
4771	0.9232235
4802	-0.20105346
4883	3.3819115
4926	6.030363
4944	6.130485
4950	-0.80187327
5027	-0.8658322
5064	-5.462647
5091	0.624295
5103	-0.99990475
5133	-0.50431633
5184	0.3772781
5202	-2.2182066
5203	5.896212
5205	6.900155
5206	1.8879174
5223	-0.27944505
5296	-1.9050845
5329	2.556219
5341	-5.371452
5425	-0.8519178
5428	15.032541
5521	-0.018771434
5529	0.86297053
5579	3.8336792
5633	-2.5323446
5638	12.745604
5641	4.717739
5727	-6.4700165
5767	0.18947513
5780	-6.947104
5787	-6.057904
5797	-1.8208883
5827	-1.472822
5863	2.367149
5884	-1.7799792
5949	0.99717885
5985	-4.1322618
6008	2.2659538
6073	5.437333
6076	-2.0045476
6162	5.702351
6165	4.162729
6166	-1.0109217
6178	3.0539227
6199	1.6992681
6275	3.4060926
6286	-2.4684916
6319	-2.5593853
6322	2.9581723
6362	-0.9771129
6384	0.18212599
6421	2.3508809
6443	-3.1847227
6472	-0.6391878
6508	8.269895
6634	1.9613642
6644	2.5268779
6733	9.232388
6754	2.8607152
6862	-1.7427908
6888	-1.8625674
6904	-3.318739
6907	-0.9869151
6942	-0.69239724
6946	0.97515
6966	1.4009613
7017	-1.0315441
7027	1.8173083
7036	-0.6388857
7068	-1.1651883
7074	4.004393
7164	-0.62000024
7167	-1.8581933
7175	-1.8148441
7189	-2.3610451
7238	0.9393959
7265	-2.3675883
7297	1.3152374
7309	-0.0030420497
7313	4.443067
7378	-0.87297964
7381	-0.6829815
7390	-0.91783816
7503	3.6114926
7504	-1.3174266
7507	0.12350025
7560	-0.8519178
7624	1.0803226
7674	5.148828
7689	-3.7042806
7697	-1.5106977
7799	-0.9541863
7812	-0.15586981
7813	1.8405697
7897	4.8271413
7905	-7.0324154
7939	3.2553332
7942	4.0827003
7961	-0.8673756
8048	-1.1975074
8073	-0.87788343
8127	1.2061679
8144	1.9250581
8145	2.7083585
8183	-5.8659935
8247	-2.1945531
8248	1.58999
8332	-1.8970231
8341	-0.63378716
8363	14.483128
8374	5.660627
8397	0.27179137
8407	2.4997458
8429	2.7142308
8442	-0.9677776
8472	-1.8581933
8482	5.288133
8488	-0.70098823
8559	-0.36056754
8599	-5.4189153
8647	4.8199325
8669	-0.5594335
8683	7.4816566
8695	-0.8649058
8697	-2.3040633
8713	1.5669345
8776	-0.6085105
8798	-8.314595
8809	-1.2036201
8907	-0.85874814
8927	0.7785466
8929	-0.4470562
8994	4.687191
9053	0.9852925
9210	2.9980295
9244	0.55463845
9275	-0.45170835
9320	-0.7114406
9412	3.4159508
9426	-2.2255409
9436	-4.7636886
9463	-4.0726757
9500	1.556254
9506	-2.5822012
9517	-0.2372784
9553	-6.068331
9567	6.0801177
9573	-0.8519178
9587	4.1372585
9679	-1.3237234
9682	-2.6911683
9743	3.8963015
9755	4.1298175
9780	5.1716104
9799	-0.49872133
9865	9.158804
9871	1.5099201
9884	-3.206242
9900	5.0337343
9985	1.1698955
10022	-1.7804034
10072	0.8406294
10077	-1.012712
10080	2.15683
10103	-0.38731208
10105	-1.7463224
10113	-0.94824684
10114	0.5598993
10117	0.88473374
10296	2.9064772
10297	-1.7904593
10306	5.3537307
10333	-1.5140848
10335	-4.2090607
10423	-1.5480853
10426	-3.8365304
10478	0.22904111
10516	-3.8284392
10538	2.182947
10549	5.305192
10570	3.785684
10582	6.8377542
10619	-1.3374059
10641	-0.6323641
10663	5.9548244
10676	3.347401
10736	1.8592955
10741	-1.3224179
10846	0.9535574
10857	-0.99105847
10858	3.853899
10861	-2.086253
10932	0.78588986
10942	-1.5458214
10944	-5.7845197
10973	1.6886156
10984	0.6447233
10994	2.4245954
11015	-1.605856
11017	-0.40661573
11042	-1.3010607
11060	0.9160952
11103	4.0559497
11169	-2.2641525
11170	10.113258
11171	-0.6757917
11176	-2.9633095
11219	-0.8578832
11234	-3.455658
11277	-2.161721
11327	0.63930404
11340	-3.4284651
11348	-1.8999784
11367	2.6071618
11382	3.0938451
11408	-2.2283642
11419	2.4088619
11482	2.0297513
11507	-1.6713986
11528	-2.5323446
11541	0.43133327
11610	5.709359
11657	-0.6414145
11678	-1.472822
11702	7.1449723
11723	-2.28347
11793	-1.4180317
11807	-1.6329092
11820	4.628758
11854	-0.32132873
11942	0.4311452
11973	-1.9611
11977	0.3133287
12019	12.458608
12105	-0.99901867
12137	0.99151
12166	-2.5215046
12180	-3.788214
12193	-5.74955
12197	5.1709876
12256	-0.83100533
12259	-1.4854008
12289	-0.7412095
12311	0.98773783
12377	3.8719022
12457	-0.21825163
12459	-1.9808371
12468	-0.0902807
12471	4.0139284
12495	-0.6136481
12510	4.2959857
12528	-6.695808
12601	-0.17095903
12676	-1.684558
12724	0.77422106
12734	1.5812016
12794	4.1296864
12796	5.9899445
12804	2.508976
12890	-0.8063381
12929	3.8518643
13039	-0.19466576
13107	-0.9967752
13128	27.026468
13148	5.9538183
13192	0.8991457
13231	-0.26717958
13238	4.5589724
13351	-0.1739471
13363	1.1777352
13394	-0.9831533
13398	-1.1307256
13421	-1.5118272
13430	1.5817333
13465	-1.0300106
13471	-0.78361565
13600	-3.3186328
13618	3.0453568
13692	-0.37396395
13764	-2.6000397
13786	-2.5518808
13820	6.1048126
13844	-3.372882
13865	1.882343
14029	-4.5261717
14117	-0.93275434
14267	3.1113489
14268	-8.38091
14311	-1.3176242
14335	2.4895144
14455	1.0751554
14502	2.4917727
14536	-0.8889529
14588	-3.11449
14703	-2.9786744
14726	0.6157554
14828	-9.551219
14835	3.4295497
14932	-0.43965235
14995	-0.99849546
14997	-5.578448
15001	1.4650643
15038	-1.6302398
15125	-4.241408
15138	-0.94620216
15142	-0.9983805
15150	1.5287678
15211	3.667985
15223	-0.9422646
15263	1.6052074
15398	0.23471956
15406	-0.40802926
15452	2.1061158
15508	-0.9618748
15573	-5.061351
15607	-0.31980798
15616	0.31269243
15646	1.0892466
15744	-9.09269
15758	-42.692913
15760	4.381318
15857	-0.88208294
15867	-2.0263638
15869	2.9902046
15939	2.1636941
15956	2.8144896
16001	6.24878
16051	-0.621768
16081	-0.97533166
16083	5.1123343
16092	-0.96098554
16107	3.8241544
16179	-5.4808693
16193	3.5775332
16276	-1.8640239
16292	0.023899607
16398	-3.2799811
16443	-1.4517914
16487	0.6743253
16513	1.9544221
16518	-1.7107067
16531	2.5711176
16711	-2.4880729
16843	0.26639867
16980	-0.14181739
17003	2.9628763
17040	-2.2915323
17116	4.7111173
17123	-0.12815885
17138	-0.29374212
17146	4.6459255
17172	7.0226445
17197	-0.31805253
17244	7.6866817
17290	-4.191898
17336	0.9765471
17438	3.9747274
17604	-0.89988905
17607	-0.8924303
17748	2.6538696
17804	-0.54928756
17821	-1.4552791
17830	-0.0027627698
17838	4.1968975
17848	13.67811
17985	-2.4671528
17986	-4.466232
17997	3.6183834
18022	5.305159
18148	0.630798
18183	-1.673436
18223	-0.31657636
18258	0.45845786
18265	-2.735109
18293	-3.0073211
18308	0.18299201
18345	-0.93455106
18392	7.5744095
18451	1.2331955
18477	4.296478
18495	-1.7824005
18606	-1.7656426
18618	-1.1764876
18661	-1.113782
18700	3.1534102
18702	0.19561689
18934	-2.390838
18938	-1.2457504
19023	-0.9994965
19046	-0.6147711
19053	-9.700563
19081	-0.97808135
19103	-2.3277564
19119	-0.27944505
19122	-0.5966004
19141	-2.3979766
19157	-1.4101765
19215	-0.9807494
19278	-1.977245
19282	-2.8517823
19291	-3.9171717
19391	-1.7599677
19468	-0.63378716
19538	1.4821436
19570	5.3142304
19613	1.9101554
19664	-0.95571077
19804	-2.3674817
19814	-2.384278
19844	-5.694972
19853	-0.2582767
19867	-0.5170145
19916	0.40831056
19928	3.9295897
19973	1.3723227
20028	-3.6075766
20048	1.4476093
20079	4.175189
20085	1.0986967
20147	5.6571784
20238	0.9867193
20239	-4.1436596
20338	0.7733007
20363	5.749203
20368	3.3350823
20408	-3.5072148
20440	-1.4180317
20442	-0.9076588
20477	-1.6948172
20520	-2.254782
20521	-0.98697096
20560	4.067381
20582	-0.99500924
20596	2.0354228
20626	-2.7618194
20632	4.0071125
20794	-0.97007614
20798	1.4293455
20843	9.3080635
20855	0.86297053
20873	-5.5837665
20875	0.18371803
20910	1.5307031
20947	2.6541321
21083	4.224481
21159	1.5999848
21221	-0.8115976
21464	-1.8557413
21471	-7.022853
21496	-6.97947
21522	-0.90643334
21544	-0.99493647
21575	-0.7544359
21612	-0.83779705
21643	-1.9050845
21645	2.3614316
21668	0.9841649
21745	-1.432827
21752	-2.8161917
21780	3.4092076
21848	-0.05078508
21931	0.1936319
21937	-0.7752179
22010	0.80164355
22046	-1.3183589
22091	-2.388403
22121	3.5353181
22136	-1.5370775
22148	-2.4249458
22171	-0.94572395
22180	-0.20105346
22204	-1.2303584
22208	-0.6856494
22224	4.560651
22366	-0.75083804
22368	-21.17
22372	-0.8534378
22376	-1.4950061
22414	-4.5682178
22576	-0.18799546
22678	-0.9999849
22695	-0.8956581
22734	-12.892072
22757	-0.36806682
22829	1.8963695
22865	2.3304021
22945	3.4768112
22955	1.1885
22961	-4.4983015
22968	-0.35015792
23008	-4.2983985
23011	4.178835
23085	-0.58310676
23130	-1.5144624
23153	-5.136639
23162	-1.8877245
23189	1.2630011
23192	-0.91301244
23201	-2.3046186
23234	0.6918234
23284	1.2308288
23300	-2.156916
23303	-0.9177794
23403	3.602338
23408	1.6861756
23426	-1.2394369
23441	5.0537567
23446	1.9714409
23487	-3.16783
23528	8.522155
23638	-0.87193364
23699	1.1514945
23838	0.25894395
23851	4.4835916
23897	-3.796526
24016	0.65674686
24134	1.5586557
24154	4.325472
24165	2.438284
24169	-2.017487
24170	9.64569
24266	-1.4760563
24273	1.1013018
24276	4.947112
24286	-0.9532903
24398	2.4750803
24399	0.859056
24449	-0.6823253
24451	0.16843869
24516	-2.4500823
24561	-0.9870791
24655	0.09315879
24777	-1.0378634
24951	3.6285744
25013	-0.9965293
25123	-2.343816
25136	1.6842049
25143	6.448989
25150	-0.7637243
25212	-1.0736989
25264	5.527958
25268	3.6414235
25281	-7.022853
25305	5.6906605
25365	-2.0797756
25390	-0.5017523
25413	3.080356
25472	0.97642535
25704	-2.3310003
25763	2.041932
25834	-4.679056
25838	-0.4732829
25872	-6.0173297
25874	0.05148125
26039	-1.9334778
26056	-3.328901
26095	-0.8547244
26123	0.44528106
26138	-26.66546
26155	-3.5641515
26291	-0.80155605
26294	1.7656575
26427	2.2333336
26428	4.4516063
26451	-0.6222348
26493	-1.832973
26514	-1.9209163
26573	-2.87661
26663	-3.0631676
26722	-0.5063788
26726	3.4382334
26784	0.36240348
26799	-0.33735266
26876	0.078570284
26926	0.99592245
26930	-6.08219
26952	-0.90113366
26965	-0.917529
27004	-0.050780103
27045	-0.37393594
27052	-2.2806687
27079	1.7738181
27151	0.3850187
27169	-7.2636356
27179	-2.2705467
27277	-1.184127
27283	1.5822984
27341	-1.5792303
27347	-0.9422646
27361	-2.8338559
27471	1.2296494
27503	0.8966381
27521	1.3896347
27577	-1.8105155
27586	2.0349395
27695	1.7570119
27746	1.4340131
27881	6.2874317
27891	-3.0028198
27938	1.6639096
27962	-1.769925
28012	-3.282381
28021	-3.6916826
28023	1.3361213
28032	-2.25673
28119	1.5733067
28181	-0.59341764
28231	7.8561
28241	-1.4338967
28295	-1.1087612
28412	-0.939519
28467	3.5573018
28554	1.4041786
28588	3.5207865
28598	-3.23225
28610	-0.6886522
28616	-6.038166
28666	-5.623882
28697	-4.02184
28808	1.2375762
28902	0.7857211
28917	3.5790389
28946	2.9237165
28951	-2.142582
29033	-1.9727361
29044	-0.99254674
29051	3.8595605
29054	-0.85874814
29111	4.4910636
29236	2.894212
29282	-4.4576936
29337	-0.3469497
29351	-1.1908028
29359	-1.3665531
29424	0.43588743
29440	-1.1591772
29486	1.8162429
29514	-4.7565846
29536	-0.5353759
29575	-0.97351575
29621	-4.6075296
29669	-3.7940826
29671	7.6218133
29678	-0.57103527
29717	2.8901536
29761	-0.9969679
29772	-1.1968994
29789	0.98780453
29893	-6.892969
29951	7.577494
30106	-2.0783885
30222	-0.7847775
30319	0.11322622
30356	-3.824921
30403	5.6906605
30467	5.9536004
30512	-2.2793226
30526	2.206788
30541	-4.4954286
30587	-0.49803105
30631	0.70191157
30649	4.005232
30658	-0.9943293
30753	0.7910781
30755	0.97783667
30791	-1.6734445
30864	1.4782983
30867	2.4975162
30872	-3.1467984
30873	-1.8518977
30902	-2.4988222
31022	4.5199585
31066	1.9143453
31072	-3.4958088
31092	4.1793222
31179	0.91725487
31197	-0.6789078
31200	-0.87193364
31233	-1.4333041
31302	4.592045
31349	2.5821562
31408	-2.9842165
31512	-0.47598562
31542	-0.9429225
31715	1.5383052
31721	0.29307154
31830	-4.2983985
31853	-0.63416815
31890	4.940333
31947	-0.9208264
31956	-1.7904593
31962	3.956732
32034	-4.3484545
32068	-0.11002887
32096	2.1631262
32142	1.2137591
32143	-0.37393594
32187	5.1384525
32188	4.911385
32192	1.0072671
32193	-1.8013664
32207	3.336054
32232	-4.755234
32266	-0.9203778
32327	-1.2314714
32382	0.28239515
32397	0.92038554
32401	-1.4654464
32525	3.2268016
32531	-0.3338357
32591	-2.5899906
32607	-0.5298199
32629	-0.9823532
32657	3.0402863
32687	-0.795182
32705	0.9736296
32816	-1.1224891
32817	-1.0619346
32834	2.3981216
32895	-1.5707383
32966	-1.5561264
32973	-2.2474394
33022	-0.70831895
33042	5.9571815
33111	-5.4160123
33197	-1.9609162
33247	0.8788624
33302	2.0496676
33401	-2.2222438
33432	10.170275
33482	-0.774682
33525	3.174833
33586	-0.13170788
33632	-0.9134402
33667	-0.93989
33704	1.0037885
33737	4.716235
33816	0.80858964
33836	4.950181
33917	5.1934814
33932	-12.1303215
33960	-1.0812353
33975	-0.83288217
33997	-1.5508527
34117	-1.5334325
34122	-0.2036915
34139	-0.24220927
34141	2.6407585
34153	-5.2807403
34301	7.6920004
34502	4.499857
34537	-2.4107287
34557	-1.2073866
34607	-3.100995
34706	7.459113
34712	2.5765824
34795	2.9185536
34849	1.8579986
34880	1.7510164
34992	-1.0035652
35001	-0.9557559
35113	4.143179
35155	-0.5170145
35305	-0.5302324
35321	-0.80004287
35346	-2.1281955
35356	-2.3486924
35407	4.130145
35408	-2.7510304
35419	5.7065697
35422	-0.40185305
35554	-3.1484513
35565	-3.2489965
35612	-4.71507
35628	-2.4586172
35650	6.2186823
35744	5.0954137
35752	-0.87531596
35826	-0.4739181
35857	-0.9384472
35899	-4.6898293
35912	-6.450641
35964	0.99680483
36011	-5.1524444
36102	-0.7804142
36150	-1.4022846
36167	-1.2394369
36242	-1.3017327
36261	-2.0903473
36347	6.3463755
36352	-2.3339126
36446	2.0613167
36496	-0.961151
36520	-0.39983454
36696	3.3224597
36712	-0.95907927
36769	-0.82620984
36782	3.9087863
36835	-2.9862409
36838	3.4981136
36881	-3.5508823
36915	3.5497968
36956	0.3437623
37067	-0.62348753
37112	-0.73987705
37121	5.7866983
37148	4.712358
37167	-1.6577703
37217	2.4665873
37322	-0.52982235
37326	-0.056441966
37330	-1.7251058
37350	-1.7425005
37363	-0.93455106
37366	-0.8090769
37388	-0.16297892
37407	-0.8547244
37547	1.9878668
37595	2.5473664
37597	4.4203353
37633	0.250259
37639	-0.9548263
37723	-3.1108603
37757	-4.512878
37827	-4.466232
37832	2.7392917
37838	-0.9611569
37882	-2.319754
37925	4.7167573
37963	2.5473664
37990	11.109125
38028	-0.6071954
38054	-0.55905515
38057	3.2716725
38063	-3.0880668
38068	-1.4525226
38074	5.686936
38087	1.9670424
38144	5.677092
38169	-1.5676489
38186	1.4939356
38189	-0.8175566
38282	-0.99343157
38378	-2.7879605
38451	3.5488827
38452	-0.8314325
38475	-0.83563244
38491	3.0883172
38494	0.7910781
38509	-4.6469164
38521	-0.7609728
38543	-0.87660307
38712	1.7359912
38750	-1.3365918
38839	-0.589037
38850	-2.8091166
38886	0.07024771
38906	-10.29668
38957	-3.8639183
38962	-3.2196786
39010	0.2976345
39016	0.9717767
39027	0.97953075
39062	1.5667082
39070	9.270849
39103	1.0986967
39207	-0.84493726
39220	0.9118476
39337	-0.73987705
39345	-4.168693
39363	-0.85753965
39372	8.231824
39392	1.7641925
39412	-0.5806846
39491	4.225332
39497	1.5307115
39527	-0.9557601
39547	-2.7912884
39574	1.6024926
39609	1.6084553
39677	-3.0724869
39683	-0.28277558
39722	-0.59190995
39756	-1.7238271
39757	5.0954137
39786	-0.90434116
39827	3.918888
39832	8.01798
39885	-2.2975533
39901	0.93563485
39909	4.7603774
39973	-0.9807494
39993	-2.883534
40002	-0.70474285
40011	-1.5765948
40024	-1.622915
40039	-1.7810516
40044	-0.98697096
40083	-0.9229619
40262	-4.224887
40267	-2.836317
40314	3.011162
40361	4.4777317
40367	-6.9317565
40406	2.9898403
40416	5.3221555
40504	2.3485856
40524	4.023017
40570	2.3274803
40630	0.8766169
40647	-1.6104559
40696	1.5887338
40697	-5.838061
40702	-2.5593853
40756	0.8667828
40767	-2.3048599
40783	0.43575403
40784	2.3890882
40790	0.85048825
40802	1.3082656
40805	-0.1953903
40848	0.74252284
40872	-0.5921854
40970	0.99655175
41028	-1.6761566
41060	-0.73486674
41061	-1.4158701
41062	-0.56599754
41065	9.050901
41080	2.795264
41085	-0.35949168
41106	3.3804708
41132	-1.5549194
41147	-2.6614943
41204	0.9447772
41216	5.6395426
41237	6.0193067
41272	3.4535427
41281	-0.6248362
41305	2.1367328
41307	-1.505872
41360	-2.352184
41376	-0.99189645
41388	4.6397343
41394	4.361427
41409	-0.5170145
41423	-1.6291775
41469	-0.7777463
41470	1.5630298
41496	2.545307
41516	-1.7223526
41547	10.204155
41572	0.69763374
41624	-1.813061
41626	1.8654677
41637	-1.6600761
41739	-3.6140814
41747	2.5946567
41792	-2.3084095
41823	6.2321053
41829	5.065394
41832	3.2839355
41847	-0.2077523
41862	-0.8216872
41905	-0.5679667
42002	1.4049067
42012	0.1536586
42037	-1.5334325
42055	2.0576067
42061	-1.274147
42107	2.1407151
42118	-2.6167674
42135	-1.6582922
42144	-1.1330795
42148	-1.5144624
42153	-0.5866808
42306	-0.2900129
42367	-6.304423
42396	-1.4895567
42407	-10.107167
42437	1.8457353
42542	1.3727415
42558	-1.116546
42577	-3.335924
42675	2.4675546
42679	0.16917115
42693	-7.939776
42775	-1.6100072
42800	-2.8201656
42820	-4.748555
42871	-1.3910403
42880	-0.76877564
42933	-1.576791
42993	0.91725636
43023	2.1517146
43050	-0.9618673
43052	0.11457785
43128	4.8525333
43135	-0.70097035
43210	-1.2481424
43221	-2.985831
43236	1.0250405
43237	-0.87762684
43255	5.184925
43262	2.8128338
43300	-0.8930414
43315	-5.2360415
43344	-1.3665531
43412	-0.98211396
43420	0.15415472
43453	-0.8956581
43524	-1.7427908
43535	6.7834187
43580	2.491145
43585	3.5606847
43671	6.9532566
43690	2.071821
43707	-0.8314325
43709	-0.18398865
43759	3.1788437
43779	4.1615534
43826	-2.29391
43828	0.3279618
43875	-2.6516407
43917	-0.8130992
43959	1.3152374
43970	-1.3122941
43998	-2.994142
44015	-1.9494376
44033	-1.6749672
44105	-0.71168065
44106	0.6427466
44107	9.324866
44125	1.3128093
44131	1.3482908
44177	0.98773783
44182	-1.467288
44282	-1.3805602
44298	-16.800972
44310	-3.556236
44352	-0.9644357
44415	29.604704
44433	4.821708
44536	-5.255843
44541	0.768492
44542	-3.1862905
44592	-0.43499357
44610	2.365468
44612	-3.1292534
44617	-6.797758
44620	4.2297974
44682	-2.5505383
44717	4.902417
44725	-1.7761064
44733	-1.9232033
44758	2.15683
44771	-2.066361
44868	3.0674639
44903	-0.2900129
44923	5.792125
44929	0.87337387
44951	0.091881394
44976	2.4600925
44977	7.409429
45040	-1.7804034
45047	-0.47758374
45140	2.2760015
45196	-2.2631872
45222	-1.9620708
45264	-0.9701259
45303	-2.9513128
45346	-3.567774
45385	2.8442929
45411	-2.5806246
45441	-0.89738274
45447	-1.8020284
45482	-7.3802643
45490	2.199785
45510	-3.4823039
45519	-0.158817
45595	-2.9903023
45657	-0.93741095
45846	1.6264448
45857	-0.99359703
45865	-3.5490627
45872	-0.9011333
45882	-3.3471594
45917	-0.7196755
45925	-1.7423912
45954	-4.6121745
46003	4.9040093
46055	3.4076426
46085	-1.5561264
46092	4.2113647
46155	-6.713733
46203	-0.64753085
46280	-0.88022965
46281	4.479538
46305	-0.99493647
46352	-1.2256438
46360	-0.9070133
46398	8.708217
46438	-4.6325374
46445	-5.4743447
46465	-0.93455106
46569	-0.5740939
46608	-0.86792904
46690	-1.567483
46715	-0.27924773
46740	-0.62856525
46746	10.3191595
46754	3.298552
46787	0.09839528
46795	-2.3135924
46900	-3.008404
46958	-6.656592
46962	3.6414
46967	7.2635717
47014	8.600124
47125	-2.3669298
47150	1.7751422
47151	-4.821874
47175	-2.2883732
47222	1.1657214
47227	1.3802238
47230	-8.074898
47288	-0.7944792
47308	3.6703131
47397	1.2601532
47507	-0.94683367
47545	11.159973
47552	-0.9215156
47586	4.2700353
47602	-0.019248199
47621	0.95348686
47657	3.5309808
47662	7.642915
47665	-2.1891117
47745	3.6477404
47837	-4.8607626
47884	-0.046213992
48006	-1.7706823
48021	-4.575085
48033	0.73772424
48078	5.027892
48091	2.174651
48097	8.040498
48191	-1.4698699
48197	-0.9869315
48250	-0.9869151
48309	-0.95666814
48442	0.9235442
48456	-1.240746
48461	0.71924293
48481	-4.544261
48527	1.4114727
48532	-16.48153
48547	1.966502
48564	5.2953115
48598	1.9960083
48615	-0.90432733
48632	3.9839528
48667	-2.3856533
48684	-4.614239
48699	-3.4914122
48857	-2.4169636
48891	-1.0527723
48903	-1.9998038
48912	-0.37115806
48942	-7.503246
48999	-1.9488865
49033	0.88412064
49083	2.2508593
49189	6.407745
49204	0.29419473
49259	-0.52187854
49319	-4.1711173
49326	1.2922934
49346	-1.6256503
49394	0.52908635
49395	-9.408253
49402	2.729994
49490	-0.9232117
49603	-0.917529
49677	-1.4461124
49712	-4.5949206
49761	0.6240155
49762	-1.227528
49781	8.648601
49812	-2.6212587
49830	-3.6296523
49837	-6.5657773
49890	9.53646
49965	-2.026153
50029	-3.0066845
50155	-3.5971131
50196	-1.7186722
50197	2.5494661
50225	-1.5119679
50267	-10.132322
50269	-0.5973973
50325	3.3707647
50360	0.97190017
50392	-0.38477737
50478	4.0578737
50523	-0.7986787
50525	4.9826303
50594	-0.9913281
50597	-3.9239488
50631	-2.266412
50702	-0.35062435
50718	2.9889636
50734	1.6983293
50835	4.512632
50861	7.0793133
50953	-0.7752179
50958	-6.0519757
51023	1.8208684
51029	-3.3570838
51066	6.4536543
51113	2.8645916
51124	2.7168603
51165	6.269525
51194	3.473083
51195	-1.9549518
51230	-3.4283774
51283	-1.5613997
51343	-6.4245853
51393	-2.4779062
51417	-5.8175907
51464	-3.4867797
51501	-2.8730328
51502	1.5607649
51572	6.0629497
51576	-0.8452007
51580	-7.055611
51639	-1.9662764
51685	1.5706756
51693	0.7910781
51778	-1.992155
51813	-1.3937696
51857	-4.355922
51936	-3.196112
51955	0.9148291
52015	4.977265
52140	3.2443488
52174	1.9531114
52220	-0.021812195
52263	2.075658
52364	3.6112006
52371	1.8923043
52372	-3.2505054
52390	1.2416162
52411	3.2097085
52416	-0.62000024
52450	0.86978227
52513	1.1741298
52518	12.924907
52539	0.048023596
52581	-3.2099798
52683	-1.3065574
52747	1.9530318
52762	-1.2541083
52806	-4.309916
52877	-0.22748353
52885	2.3568745
52937	7.1957245
53023	4.162729
53133	-0.9873204
53192	-5.0847006
53209	7.6127005
53236	2.7763848
53260	4.1158533
53309	-0.68296015
53383	-7.2028265
53445	0.21386237
53475	-2.0797756
53492	4.730747
53545	0.75923634
53636	-0.20633563
53666	-0.9994783
53676	1.1934519
53677	3.9425383
53703	0.7487687
53755	3.9881337
53920	1.9511123
53922	-0.9629455
53931	0.985809
54020	0.1443626
54052	-4.3371143
54111	7.1431427
54130	-1.7054534
54190	15.451635
54213	3.3824286
54246	0.13354234
54253	5.653112
54287	-0.99063987
54315	-0.95127875
54357	2.777739
54409	-1.6580986
54497	-0.7468679
54509	2.2333336
54520	3.5006316
54546	2.033841
54565	-1.5442305
54575	1.9651136
54622	-0.99698555
54625	-4.6125035
54672	-0.7807751
54722	5.2188573
54763	-7.0324154
54797	-7.360564
54855	2.1495595
54897	-0.98418033
54914	-0.48487505
54981	1.3001
55000	-0.6821971
55010	0.36507747
55050	1.444002
55083	0.2838413
55088	-1.53226
55107	2.6500156
55112	-0.9975167
55185	-0.7148367
55220	0.41944104
55346	-1.5057017
55416	1.0933015
55435	0.7529492
55463	-2.2805865
55474	-0.86942047
55492	1.2539219
55523	5.9873905
55542	-1.4337646
55592	1.6084553
55767	-1.7899464
55781	-0.28584158
55825	-1.4082159
55853	-0.80154866
55880	1.8778156
55885	-0.70463824
55896	-0.9869315
55930	-0.52616864
55952	-0.99254674
55953	-17.841717
55961	0.5583888
55993	6.1123476
56028	-1.6991879
56052	-0.90643334
56068	2.9980295
56081	-31.238361
56163	-2.6701405
56184	-2.257603
56240	-0.72403824
56263	-1.576791
56286	-1.5340539
56305	-3.5706327
56306	2.988073
56321	-0.62483364
56365	-0.3498963
56564	-0.4838296
56637	-0.19312787
56651	-1.6207975
56701	-0.94683367
56721	-1.7121305
56740	0.9562969
56754	-0.6797797
56847	-0.8280655
56851	-1.5978146
56885	0.98434263
56891	-0.88200593
57049	-1.5827041
57110	6.322178
57136	-1.5330554
57138	0.8007344
57155	-1.8060915
57156	-10.022115
57175	0.70561296
57235	-7.808922
57282	3.1480215
57320	1.5485024
57531	-0.5147788
57541	0.8182893
57545	-1.9872657
57585	-0.95907927
57591	-0.89150995
57601	-2.4196138
57610	2.2465787
57624	4.907098
57667	-3.925361
57670	9.881391
57676	1.5997014
57690	0.1714253
57717	1.6878471
57719	-0.028290711
57811	10.920315
57818	-2.0285647
57884	0.9785111
57980	-1.1287439
58006	-0.97772485
58026	4.1178885
58036	-5.51014
58045	-3.4239042
58059	-1.6962835
58101	0.95575297
58102	3.6147895
58105	-1.3303361
58142	1.5853595
58167	5.9330425
58197	-5.7581697
58230	0.9661609
58246	-3.6174312
58256	2.8650844
58437	-0.99683726
58461	3.445125
58468	-0.78780687
58471	-1.3151857
58494	-0.90272075
58537	-5.2807403
58552	-3.2803733
58571	8.730024
58621	2.1518826
58665	-5.1471877
58674	-4.5741706
58678	0.8875967
58847	-1.8616601
58896	-1.7394719
58906	2.1641777
58929	1.4253483
58975	-0.28765598
59006	4.858709
59038	-3.4080448
59052	1.257334
59100	0.6794625
59116	3.8402643
59126	3.8690984
59147	5.555409
59208	-8.760202
59305	-3.1388674
59331	0.07100357
59341	1.6281592
59364	4.3977394
59384	-1.706228
59407	0.17657815
59441	-4.669453
59487	-0.8934087
59531	-3.2738943
59551	-3.0396028
59561	2.0117304
59584	6.768811
59646	8.452599
59760	-1.8105155
59766	1.7473906
59799	-1.3282166
59804	-0.25274986
59817	-1.3106608
59842	-5.6031394
59845	-5.0895486
59876	-1.0652018
59892	1.9464467
59913	-1.1886861
59970	1.4563094
59983	3.576191
59986	-3.304262
59996	-0.04945887
60072	-11.807649
60088	-0.5323808
60173	1.8987188
60201	-0.68362224
60239	-4.604871
60280	-1.4581141
60311	2.3669438
60327	0.36163068
60358	2.3692944
60395	0.91725487
60468	-0.89228183
60496	2.2978249
60526	-3.7836075
60582	-2.7017236
60590	-1.4388716
60599	0.15031001
60610	-3.4218695
60636	1.2302437
60637	-0.096555464
60669	3.7986288
60712	-1.9483232
60762	-9.43041
60771	-1.8853288
60789	-5.592571
60828	2.3741138
60866	9.938943
60871	-3.0863001
60878	1.0516112
60987	-0.35998595
61025	1.2293532
61071	-1.1620512
61104	-1.1382492
61147	-1.4265745
61187	-0.8381078
61197	-3.0206923
61228	-2.182704
61295	3.571447
61373	2.3820412
61427	-1.8967682
61430	-3.5072148
61460	0.048041835
61506	1.4138817
61539	4.2671485
61585	6.753136
61608	11.916261
61632	2.708134
61648	4.227131
61661	2.237074
61726	6.6601315
61740	-2.6060965
61755	-0.2879417
61782	-2.1328926
61872	0.52097493
61941	-0.30486852
61965	-0.98338467
61974	-2.636765
62096	0.2045636
62123	-0.7708209
62141	-0.99961996
62161	5.5315604
62307	-2.7644932
62315	1.1728722
62377	0.40371644
62400	3.872052
62455	3.8530197
62475	-2.5655723
62502	-3.4685316
62579	4.756234
62805	-3.282381
62812	-0.9578116
62823	-1.7556707
62890	0.85400814
62910	0.79785395
62937	2.022072
62966	-0.97301596
63031	-1.1028138
63053	0.8432225
63060	2.7649918
63096	2.7027504
63223	2.1117465
63247	4.0084124
63275	0.9140914
63325	-2.1498904
63372	-0.7613221
63381	-1.4274714
63456	-1.0857505
63544	0.68676394
63546	5.9921756
63558	-2.9014647
63660	0.90637934
63676	0.8284909
63707	1.2630011
63732	-0.8827268
63738	-1.4756397
63757	0.01756202
63768	-0.056441966
63861	2.0481265
63884	-6.136109
63885	-0.07415044
63934	1.4158268
63966	-2.5387444
64014	2.8131826
64067	-0.9557098
64095	-0.7511306
64116	-0.53261036
64145	0.9447772
64218	-0.84400344
64226	0.21670252
64242	5.9230475
64271	-2.393276
64320	3.3347993
64336	-3.1536257
64401	-4.199865
64427	1.5412402
64460	-1.8407495
64494	4.219235
64551	-1.5580366
64661	6.359947
64665	-0.7816399
64677	-2.1795652
64693	0.6477243
64761	0.7115961
64768	-3.701421
64771	9.42372
64802	-6.087488
64873	1.660904
64940	-7.032515
64987	-1.5122688
65012	-1.2652962
65066	-4.726619
65083	0.69184256
65096	5.2394524
65121	1.6417526
65145	0.9443115
65149	3.0447626
65189	-0.29423878
65206	-0.4126042
65257	-7.537195
65314	-0.6777076
65372	-9.218643
65375	-2.0483365
65450	-2.2433891
65531	1.6403775
65743	-0.8649058
65746	-2.9122005
65750	-0.9440794
65807	-4.5109506
65810	-0.044133577
65856	3.0677352
65857	-2.6516407
65932	4.404294
65966	-4.9719024
66098	-0.4382694
66141	5.193519
66164	5.23845
66184	-0.99799293
66245	6.231431
66252	-4.8436465
66276	4.0624146
66283	0.9482546
66291	0.5237528
66292	-1.2049619
66315	-0.032418195
66391	4.8422823
66393	-1.9382316
66399	4.850785
66401	2.068354
66428	-3.436291
66456	-1.6877759
66501	1.2469956
66504	2.6647794
66534	0.9944638
66680	5.2210402
66698	-0.3229528
66726	-2.3548908
66727	3.4584317
66750	-3.9047854
66836	-3.2453477
66840	8.298114
66842	-0.3554727
66921	2.9247522
66979	-1.348219
67077	-0.17704129
67102	4.6046276
67161	-3.3972015
67162	1.2612379
67180	-0.16495857
67234	-0.9663521
67267	1.1282581
67303	-5.1535797
67316	-11.807649
67361	0.98545206
67371	-2.8091166
67416	-1.1148425
67457	-0.25406927
67478	-1.5419526
67489	4.5065985
67512	-0.8406954
67550	-4.8210473
67557	-3.9814847
67596	-5.80888
67597	-0.69004476
67615	17.393473
67629	-0.20645243
67677	-1.8625674
67698	0.8514823
67722	4.79262
67752	2.8377988
67777	4.5044947
67813	1.6031411
67820	-1.2769115
67821	-0.9871848
67839	-0.8820039
67972	0.9985336
67982	2.532463
67985	-5.690095
68030	4.5991797
68031	-0.21830542
68050	-15.748909
68141	5.4738026
68166	-3.5681047
68168	-0.9651243
68188	0.7592951
68233	0.7319247
68274	1.4060686
68305	-2.3318973
68466	3.156713
68485	1.5023322
68495	3.7780786
68519	-1.996291
68621	2.213655
68670	2.3582263
68676	1.4847078
68700	0.25545996
68791	4.818092
68800	-1.7684609
68843	2.1066735
68855	0.45182902
68879	-0.9885014
68883	1.6923252
68886	-1.150791
68901	1.3523748
68920	4.0031404
68926	9.424563
68930	-1.4949708
69027	2.5343044
69036	3.529775
69038	0.08162836
69106	-2.1439202
69121	-2.6659236
69145	-0.5494784
69151	-0.5006383
69233	0.4588661
69287	-1.4958981
69336	3.3123567
69412	1.7516681
69455	-0.97801465
69495	3.0805912
69522	1.81847
69540	0.86297053
69670	-2.7744288
69695	1.7094206
69698	-0.9229648
69725	2.2476642
69759	0.8648724
69770	-3.3695302
69771	-6.7266464
69776	-3.2472758
69792	9.470116
69795	-0.14095248
69815	-8.411218
69823	-2.1639519
69824	-7.007987
69897	10.652188
69911	2.438284
69981	0.70268047
70015	3.732908
70056	0.99017066
70069	-12.14725
70185	-3.7327518
70225	-1.7568043
70227	-0.609236
70231	4.075112
70255	3.7756286
70316	-4.760252
70320	0.9802244
70332	2.0087333
70363	1.9875057
70410	-4.7293577
70416	-2.225971
70450	-2.1576362
70457	-0.28446323
70491	5.8168926
70516	-1.832973
70582	-1.4020231
70662	6.198699
70743	-1.3520997
70767	-13.673824
70776	-0.8115125
70822	-3.5293024
70845	6.8661656
70851	-0.38112813
70886	0.86665016
71027	4.9687214
71056	-4.516998
71076	2.580382
71095	-4.749989
71235	4.141334
71261	1.8903712
71286	-0.19917403
71306	-5.4856386
71320	-2.2297926
71359	-0.38762617
71403	-4.3368006
71405	1.8255078
71410	2.7270553
71452	-0.08606073
71458	0.64531374
71465	1.2839181
71511	-1.6001933
71530	-1.6607927
71540	-1.1633453
71564	1.6984934
71572	3.3639593
71619	2.4768481
71637	-2.2351668
71692	-9.752868
71736	-4.175614
71741	-1.386981
71745	5.117237
71801	-5.590129
71805	-0.62682104
71828	-5.2879834
71946	-8.389743
72015	-0.95688444
72032	-0.5446956
72033	3.3302262
72035	-0.95127875
72137	-0.24218385
72149	2.3235915
72229	0.7948935
72335	-4.7018943
72342	-0.84775674
72355	-2.035562
72371	4.0725026
72380	-1.5593952
72381	-2.759235
72400	-0.3238454
72405	0.8991457
72410	-2.6371145
72553	-0.25082788
72572	1.8767867
72584	-0.80235815
72625	-2.475517
72806	-2.3016148
72835	0.98248535
72953	2.909677
72976	-9.133948
72977	-0.94513386
73026	-1.5575838
73076	-0.6455855
73199	-5.875827
73206	-1.5696658
73207	-0.43610352
73212	-0.6649945
73224	1.9796133
73270	-2.9949186
73336	-1.8208883
73353	-1.8489354
73377	1.3156903
73388	0.8770852
73404	6.6717143
73411	1.1399834
73536	-0.6191303
73553	1.1094998
73611	-1.2341892
73634	-1.4131703
73637	-3.9749584
73640	2.7540653
73705	-1.710142
73717	1.0570536
73723	1.2597978
73755	-0.7989106
73812	-2.5989187
73825	-16.962168
73862	0.9888981
73886	-5.541459
74020	1.9390094
74075	1.3007462
74140	0.9748713
74156	-4.408426
74247	-2.3344367
74252	3.2206807
74256	-3.900051
74296	-1.1382492
74297	1.3890102
74318	0.636771
74332	2.8038635
74365	-0.10134338
74510	3.8215497
74546	-0.4211482
74558	-1.9483232
74566	-0.98931277
74575	-20.601973
74577	5.9028134
74581	-1.7980453
74641	-5.109381
74691	8.46419
74715	-2.0091348
74719	-1.7825204
74737	-0.7771034
74743	5.360023
74766	2.3431432
74777	0.2904661
74818	3.646354
74945	2.3242433
75010	-2.459591
75020	2.2945194
75033	0.90628856
75076	-0.8575404
75101	0.575134
75126	-9.872875
75154	-1.8092728
75231	-1.9445301
75232	-1.1942503
75281	0.9777396
75342	-0.9976626
75347	-3.3468647
75445	2.9612901
75447	-0.764615
75568	-0.93061906
75607	-1.5121251
75624	4.007852
75674	0.8574715
75679	-3.0780306
75680	-0.9773225
75699	-1.4684262
75705	-0.9603837
75711	3.2443488
75734	-6.8347106
75803	-1.7124938
75804	3.2868335
75844	-1.4576339
75880	-3.7410905
75914	3.739611
75987	-3.0263155
75992	-0.87660307
75996	5.905213
76021	10.923589
76037	-0.86580884
76105	2.7428615
76195	4.461628
76284	1.843584
76315	3.5117483
76320	0.9669258
76339	-0.9999453
76403	-5.599787
76407	-0.41020805
76422	3.4875503
76431	-6.2393937
76460	0.30306002
76489	-4.4095063
76540	-1.4854008
76554	-0.6071871
76662	-0.96463627
76688	-0.6395224
76722	-1.2217185
76750	6.4363627
76752	-5.9612885
76755	-0.7639017
76773	-4.2879305
76857	3.583833
76866	-2.4785414
76891	-3.2711143
76907	4.674064
76963	5.172628
77004	-1.8191444
77104	-0.99997276
77138	0.972502
77141	1.6632065
77185	0.9049563
77187	1.0065407
77210	5.6477647
77276	-5.4354467
77297	-2.1870599
77301	0.2995016
77342	-3.0486913
77417	-3.001584
77419	1.547302
77456	6.009498
77580	-0.80187327
77589	-1.2997175
77622	-3.769001
77623	-1.6538163
77630	-2.7005174
77672	1.5512224
77790	-1.2779284
77821	3.7707996
77825	-0.8329962
77884	-5.710149
78089	0.39631608
78107	-1.2167372
78112	9.298992
78138	-0.87225604
78144	-0.7114406
78167	-1.6821893
78212	0.4967997
78257	-0.99046767
78338	0.9443115
78414	-5.0327363
78422	-15.019944
78492	4.9358773
78493	5.293959
78509	-7.9050565
78538	-2.3675883
78542	-3.359239
78581	-4.3792725
78647	-2.6459844
78652	-0.03272161
78660	-0.96204245
78675	-0.6757917
78692	-3.7641268
78731	0.72564447
78756	0.6749852
78779	5.5588217
78780	-2.7721767
78866	-2.7867904
78881	0.9729668
78894	-5.671142
78907	-5.444383
78925	2.7953188
78927	-14.2717495
78951	5.1664906
78977	-2.3628573
78982	9.08815
79005	-0.9999849
79082	3.8148327
79106	3.6955848
79123	2.3444698
79131	2.5092852
79159	-1.7502629
79179	3.5983827
79182	-0.9701558
79191	1.2750176
79222	-0.90227455
79282	-0.7847775
79317	1.8485266
79321	7.577227
79326	0.05232425
79342	-1.0284662
79356	-1.576791
79362	-5.1915336
79366	-10.945865
79412	3.1436973
79417	5.6789565
79455	1.2375762
79476	24.762163
79517	3.909559
79526	9.192851
79617	-1.9609162
79631	1.7157197
79649	4.0923567
79675	-4.5484343
79707	-1.9446439
79741	-0.39983454
79800	-2.675
79872	-3.4218695
79911	-7.3691263
79968	3.3970249
80036	-0.7556355
80088	-2.8201656
80105	-11.327537
80110	-2.3181372
80169	-0.2808711
80282	-0.9994956
80309	7.1449723
80353	2.894212
80422	-5.7928243
80428	3.739611
80545	-1.0725551
80604	2.8390427
80647	-6.0968285
80719	3.6613748
80757	-0.37396395
80786	4.5028105
80836	-2.6214468
80855	-2.987957
80867	-2.3939624
81024	-0.98283535
81039	1.8903712
81082	-3.451196
81102	4.748779
81207	-4.620651
81257	-3.75552
81321	4.510964
81345	0.28317812
81382	-0.680652
81393	-0.062187836
81476	-4.611915
81488	-2.8652067
81515	-0.55529225
81517	-0.72027975
81537	-25.5412
81569	2.869377
81605	-1.9222248
81647	0.1339504
81692	6.103098
81737	-4.191044
81762	4.4502373
81767	0.047304396
81777	6.3477044
81781	6.2525344
81831	0.5545502
81936	-2.9903023
81942	5.174539
81972	-0.4146441
82036	-1.3506328
82047	-3.1388674
82077	-1.562279
82082	-4.114652
82086	5.760562
82087	6.9523
82266	-1.60727
82271	-0.15209273
82285	2.7492824
82396	1.7302605
82421	3.1074195
82428	-1.876443
82471	-2.1840782
82551	-2.257486
82674	-1.6650126
82698	-1.9290351
82706	3.3132699
82796	-0.5961977
82874	-0.82955825
82897	-2.650174
82942	-0.70097035
82952	4.4890504
82989	3.2566824
83104	2.9097383
83219	0.59218055
83239	2.5719006
83244	-4.2090607
83345	-0.87775284
83382	0.2433076
83387	-0.9957502
83416	-1.3851143
83419	-0.8642363
83432	7.6121545
83435	2.7083585
83445	-4.521454
83457	-0.19917403
83460	0.78709483
83477	-8.917882
83494	1.81847
83654	-2.4290888
83675	-0.963722
83679	5.0337343
83701	-1.3791269
83828	-1.3666936
83851	1.1606913
83867	1.1971855
83912	2.1210144
83936	-5.487593
83964	8.308267
84042	-0.29031134
84064	-6.5846033
84086	-0.4640921
84106	-0.88022965
84128	-1.880768
84158	0.1676622
84243	1.9464467
84252	5.3486753
84257	-1.0315441
84286	0.2530227
84352	5.5098615
84372	3.6250837
84434	-5.029221
84441	4.5965457
84455	-0.99997383
84468	0.8803419
84499	5.25789
84521	12.286788
84524	-2.0490015
84541	-0.89988905
84546	-2.002106
84560	-0.99105847
84629	-1.813061
84630	-0.8054693
84673	1.7024449
84721	5.2385178
84782	-2.9304564
84787	5.4397593
84795	-0.6409523
84846	-1.8831838
84975	-0.30671793
85038	-3.779978
85089	2.3973465
85121	-2.1258485
85156	-3.1734653
85159	-0.4569082
85161	1.5765684
85175	-0.3369728
85185	0.88053733
85222	-3.1032724
85230	0.9918976
85281	-3.2380898
85289	-0.4838296
85378	2.7664986
85392	0.26542634
85395	-0.83563244
85484	-2.268415
85496	-1.8625674
85557	0.52770454
85567	-0.44808766
85591	1.7706008
85603	-7.0134096
85623	2.6381555
85635	1.1598923
85657	-1.2885623
85683	-0.17773728
85716	-5.098983
85784	8.838445
85833	1.6600399
85963	-0.056441966
86026	-0.27344826
86029	5.1664906
86031	-0.9097127
86070	-3.1794794
86092	-0.7240751
86098	2.025763
86118	-0.9618673
86217	-0.21764609
86239	-8.65031
86284	-0.9891919
86289	4.2959857
86399	2.6324391
86436	-5.8572392
86454	-0.08339984
86456	1.5890591
86464	-2.9319441
86486	2.6708858
86522	2.9704716
86527	1.7228113
86548	-5.239551
86642	0.93363994
86735	-1.6203161
86747	-0.5902726
86769	-2.8852885
86855	2.2333336
86867	-0.50886106
86871	-6.8131332
86892	2.7428615
86899	-2.078502
86921	13.650277
86935	-0.95100427
86962	-6.06036
87044	0.8210728
87131	0.8359815
87132	1.531374
87159	-0.94667137
87326	-1.6174827
87352	-4.553215
87397	-1.1028138
87416	1.418844
87417	-11.645052
87470	3.7286994
87479	2.4243047
87484	-0.55529225
87532	-2.5061004
87544	9.941042
87566	-0.48906314
87571	-0.99891937
87586	-0.08655371
87761	3.646777
87832	0.6551644
87915	1.7656575
87998	-2.966794
88001	-7.856441
88003	-2.824481
88026	-2.7426496
88029	-2.664383
88073	4.915625
88167	-3.1446831
88180	2.9898403
88267	-3.7619634
88290	1.4202722
88349	-1.1957947
88436	11.903029
88439	-1.7711811
88455	0.97799677
88602	2.1952152
88636	5.3983674
88652	3.5638616
88702	-1.9225647
88837	-0.99986994
88863	-3.0700407
88871	-4.4829783
88872	2.9160168
88890	5.9419675
88894	1.1885
88908	0.02334031
88966	-1.0467123
88996	-3.122378
89013	-0.5863693
89037	1.5582926
89137	-1.2988039
89170	-0.6150666
89230	-0.9816445
89231	3.2034757
89271	3.0829747
89306	4.144482
89345	-2.3598344
89351	4.6242795
89414	-0.9350468
89501	1.3361213
89525	-2.6423326
89550	0.19109702
89572	-3.8251488
89584	1.0354018
89610	1.7914244
89741	-1.9402809
89743	-4.3376713
89761	1.5998856
89778	-0.94492996
89951	-3.6564865
90007	-4.0287323
90054	-20.80115
90130	-1.4786597
90131	-1.7212113
90206	2.3520632
90208	3.0533075
90239	-0.9467727
90376	-0.7457933
90442	1.3502342
90468	-1.9672585
90480	0.9440171
90525	-6.383413
90533	-2.3003268
90623	0.44046846
90650	3.829561
90699	-2.6351223
90736	-0.7834246
90782	-0.8810766
90827	4.6124015
90854	-0.8367239
90855	-1.4808222
90877	0.90390235
90915	-5.163855
90924	2.7567163
91024	-2.3177652
91046	-7.407794
91047	-2.3737302
91164	-1.8105155
91217	2.713352
91235	-2.3899438
91346	1.3000227
91359	-0.62386394
91382	1.7467585
91437	-1.8242735
91481	-1.3958192
91484	7.611763
91546	-0.9735226
91574	-2.225971
91608	3.45748
91622	-0.87652206
91666	-1.1224891
91674	-3.856453
91689	2.2849436
91697	-0.9993781
91700	1.4335773
91742	2.4721446
91747	-3.26689
91828	-0.94667137
91874	-0.8791767
91989	-2.1913073
92054	-3.6108189
92059	-0.5178752
92087	-0.11617616
92105	-0.9541863
92116	-0.99187934
92182	-0.8594755
92305	0.6918234
92366	4.915625
92433	0.9443115
92487	-1.4082159
92595	2.2446492
92617	-2.2235818
92664	-1.962167
92708	-4.9821215
92738	3.0470366
92781	-0.4126042
92784	-1.0856175
92837	-1.3391647
92913	-3.0002313
92922	3.5006316
92982	1.2154839
92986	-0.49828398
93005	5.8727264
93012	-2.3193288
93030	-1.7226586
93052	-2.9951882
93143	4.1665773
93173	-2.0998785
93232	-4.023487
93287	2.3508809
93350	-0.8140571
93431	-0.54261374
93465	-3.4294517
93481	-6.66111
93482	0.85213995
93487	4.055818
93578	-0.85456544
93610	-2.3046186
93611	9.794517
93654	-0.7781437
93667	-9.519693
93696	-1.2387503
93740	-0.62932426
93792	-1.567483
93842	6.1108027
93849	-0.9780815
93856	5.775609
93922	-2.174577
93948	-0.4475269
94013	0.04660362
94047	-0.758652
94131	1.4953525
94152	-2.2631872
94164	-1.4941204
94184	-1.6610767
94224	8.314939
94227	-2.3669298
94229	-8.084271
94232	0.9614971
94277	-3.9219484
94335	-2.6860502
94357	-0.78888637
94368	-0.99972254
94524	1.1907551
94599	-0.70831895
94608	4.4504967
94653	-2.1152284
94659	-9.805462
94665	-1.8919743
94667	-3.0440192
94712	-1.673355
94726	-1.8877245
94792	-1.2155112
94851	-0.94594187
94896	-6.094634
94998	-0.2797665
95001	-1.2802022
95070	-0.86921984
95090	-0.99683726
95096	-0.71279943
95227	-5.253026
95228	-1.4576339
95233	-0.720379
95253	2.7607982
95279	-16.52405
95351	-0.4606048
95362	-1.8112142
95388	-2.6423326
95436	1.5383052
95529	-0.6814333
95537	-0.9323804
95623	-0.15885328
95640	-1.8013664
95662	-6.294365
95702	2.6629565
95737	-3.0587828
95787	-0.6848108
95856	-3.1287777
95871	2.95796
95924	6.707774
95939	-1.3487349
95967	2.8442929
95972	-0.8838461
96043	5.6216207
96097	-2.7104266
96104	-0.93334186
96112	-1.9995731
96137	-2.3420806
96148	-0.62039983
96180	-5.8604813
96269	5.1123343
96306	2.3607597
96367	-10.544978
96404	2.0613167
96407	-0.9828225
96510	-2.681652
96516	8.240051
96549	0.85753083
96551	3.2725744
96555	-0.7438043
96621	-1.4788245
96722	-2.8852885
96741	-0.49368635
96789	-3.6262174
96828	2.9814913
96830	6.3360276
96842	6.0140805
96886	-0.8066995
96973	2.4262555
97005	0.6734381
97155	-0.99359703
97176	-1.121617
97190	-2.1927695
97277	-2.483591
97402	-2.590353
97421	1.0351356
97461	-0.68081284
97577	-1.0730826
97582	5.902584
97611	0.9762855
97712	2.106469
97815	0.9928684
97837	-0.8930414
97930	-4.5261717
98000	0.72472465
98017	-5.390906
98046	-0.96179485
98108	-0.28277558
98176	-0.98418033
98256	-1.3128299
98262	-0.9422646
98270	-0.82955825
98286	-0.6388857
98298	-0.5094377
98347	-2.3792064
98352	-0.93774474
98367	-0.5358357
98435	-2.9696736
98481	-0.49055883
98611	5.9901686
98685	-6.1642
98698	-4.0996876
98724	-0.99103266
98829	1.9299065
98864	-0.6352501
98870	1.340567
98887	2.6905456
98916	-2.3565369
98971	13.061788
99026	6.586446
99120	3.992965
99189	-3.28846
99251	-3.0792902
99264	1.7949959
99305	-3.4878726
99331	-0.4306476
99438	-0.43610352
99452	3.8900821
99472	-0.85874814
99481	-1.1975074
99492	-0.49083388
99504	2.713096
99508	3.39679
99595	1.7302314
99757	-1.8112142
99758	-0.7478227
99782	1.8034506
99800	5.9921756
99824	2.7850177
99865	1.4371858
99887	4.731056
99990	1.0570536
100012	4.968944
100040	1.8812726
100175	-4.001242
100200	-1.2246741
100217	1.2380912
100221	-1.1942503
100283	-0.57440746
100313	6.287079
100316	0.75923634
100322	-3.2508621
100351	-0.95754725
100352	6.1352677
100361	-2.1328638
100384	0.58330256
100572	7.576352
100638	-0.25082788
100652	-1.8257898
100711	-0.9780172
100757	-2.6582212
100763	-0.59656227
100860	-2.492978
100899	-0.99432725
100925	0.8395167
101028	2.2243145
101049	-0.9644357
101076	4.9879975
101091	1.504246
101178	2.3922582
101184	-0.642194
101192	-1.3343521
101269	-0.94841063
101295	-3.5420902
101297	0.93024176
101340	-0.49688444
101348	-1.4664474
101439	-2.257603
101442	0.643123
101526	2.489941
101619	-0.78686714
101730	0.2696382
101754	0.9232235
101769	-2.5644004
101770	-0.8311829
101799	3.9560106
101874	-1.3306639
101961	-13.2090645
101990	1.9137378
101996	-5.4175944
102062	-2.5323446
102064	-3.4134858
102107	0.39631608
102121	1.5412402
102124	-0.7944792
102205	2.8377988
102376	-1.9301308
102396	-6.632422
102492	11.109125
102556	0.7943265
102568	-2.8436973
102706	0.04190505
102708	-1.9232033
102719	-1.8054832
102811	-0.8022806
102831	4.6753635
102892	-4.478453
102952	6.1008625
102961	-0.2372784
103035	-0.7138767
103132	-3.2779305
103147	0.70113117
103165	-0.20645243
103178	-0.10086146
103266	-4.2457933
103301	4.234573
103330	0.8395167
103367	-2.089785
103438	3.1203694
103510	-0.8934087
103544	3.1542966
103609	3.3874564
103701	-10.321633
103869	0.89147955
103873	-1.0520784
103880	-0.93308944
103945	1.257334
104136	3.2814863
104150	-0.97800064
104232	-1.2481424
104235	0.56268245
104272	2.0290196
104277	-4.0727854
104296	-1.5284642
104444	4.4307976
104494	3.268305
104502	-0.77863204
104609	2.0879338
104660	-0.95688444
104664	7.7358174
104669	-3.003881
104692	-1.9893003
104799	-5.9060383
104881	-0.08015201
104958	-0.9557098
104997	1.4609935
105002	-0.98237777
105019	-3.824921
105098	9.327103
105136	-0.922949
105296	5.8653636
105312	-19.274014
105357	-0.6004466
105359	0.14708632
105399	-1.8021294
105441	-2.0766292
105484	2.4245954
105537	-1.6100072
105562	-4.6121745
105682	12.272492
105708	3.285442
105719	-2.912036
105758	-0.93061906
105794	-0.25732833
105832	3.78874
105834	1.8431664
105968	-7.427822
105969	-0.47391957
105972	1.5630298
106006	-0.30671793
106128	-2.0331469
106154	-1.597789
106229	3.320606
106266	0.4240512
106311	-0.4540485
106318	-0.9851919
106396	1.8592955
106404	3.606361
106407	-0.5679667
106419	-7.104555
106471	1.5119652
106515	2.7574952
106516	0.9998856
106592	2.3409421
106606	-1.74177
106664	-8.787804
106701	0.25135127
106746	2.269576
106766	-3.856453
106774	-2.8201656
106832	-0.08655371
106839	-3.0408967
106854	7.4602523
106875	5.841264
106882	-5.534897
106906	-2.4330397
106989	2.774247
107036	-0.9962222
107289	3.1165059
107391	-4.482653
107407	-0.9629455
107459	-1.4570572
107471	0.9328321
107542	-2.9552796
107616	-5.2167115
107665	-0.73996437
107724	-4.3957667
107788	3.941781
107792	-2.4484305
107820	3.9182577
107967	-2.614294
108159	-4.5578713
108181	-1.3805602
108222	1.6983293
108227	-1.2027833
108273	-0.9078487
108308	-1.8131038
108357	1.6194566
108416	-1.4180317
108475	-1.1330795
108535	1.4340131
108673	-0.98780435
108706	10.386439
108720	-4.1297035
108725	0.86297053
108729	2.2827563
108738	0.9970449
108928	-0.8367239
108974	0.9910623
109029	-12.233664
109050	-0.97807765
109084	-2.9138255
109097	4.908368
109125	-3.3990207
109147	7.4914665
109149	-3.4629824
109173	-2.591712
109205	1.99674
109451	-1.5131394
109499	2.0552053
109519	-9.1003895
109532	-1.4649593
109599	-0.9873204
109608	-5.362868
109634	6.992259
109701	-0.9169189
109760	-3.7554746
109776	1.7738181
109875	-1.8131038
109884	0.91597307
109920	-3.6703997
109979	3.1145215
110001	1.3917874
110014	-0.94492996
110069	3.1534102
110097	4.7572355
110226	0.5261449
110318	2.1609333
110362	2.447477
110391	1.0999953
110414	-0.5401019
110430	-2.5692544
110567	0.94841045
110661	4.785716
110720	0.9410906
110782	0.08241775
110791	-0.018171793
110801	-1.0827459
110839	2.809084
110865	-0.756179
111050	1.9237916
111155	-11.64884
111196	-0.5494784
111201	10.4826765
111242	2.394161
111250	1.537153
111333	-1.4854008
111337	0.9985336
111338	2.9481814
111374	-0.99322194
111392	-1.5530425
111531	2.777713
111582	-1.8953587
111590	-0.74041957
111666	-0.95644766
111730	-0.9459247
111775	-2.5496147
111805	0.09767921
111869	-0.6886522
111957	-2.3310003
111966	0.3632813
111974	5.917373
111993	-0.78361565
112025	0.6023776
112129	-0.54385704
112138	-0.42690718
112206	-2.1453476
112209	-0.658109
112218	-3.0298328
112317	-0.944815
112332	-0.9351369
112401	0.49992448
112460	-0.85509616
112580	4.3784623
112628	-0.99904776
112641	-0.8743134
112653	0.92037815
112656	-1.7904593
112754	0.8963428
112767	0.9195641
112836	-0.08703103
112869	-0.9522999
112892	-2.0417807
112895	2.614834
112947	-0.95704913
112976	2.6393397
113042	13.116205
113079	-2.813907
113189	1.0733826
113269	3.583833
113271	-1.3854605
113330	1.5126694
113460	-0.756179
113544	0.9868374
113545	-4.5167723
113691	3.6475
113697	3.2587862
113757	-4.8143153
113846	-0.9570567
113882	1.7782946
113933	-0.86507267
113941	-0.8512684
113947	4.4404025
114026	-0.8790284
114072	5.9740176
114112	3.0776207
114141	3.63513
114200	-1.1812758
114251	-2.1145608
114270	-0.8932278
114345	-0.96098554
114367	-0.9869315
114461	1.0481995
114494	3.2936735
114527	-0.50545335
114576	-19.843817
114588	-2.125354
114611	-0.28186554
114635	4.565912
114705	-0.7811148
114747	-0.20645243
114780	-3.9752896
114882	-1.7735258
114922	-4.1875505
114929	5.722803
115011	-0.5594335
115104	-0.95644766
115175	2.3669207
115237	-0.9427104
115265	-1.7825204
115364	-0.8141772
115376	-1.4784918
115384	-1.2399648
115417	-1.3328054
115437	3.7246594
115446	-0.28584158
115454	-1.6582922
115499	0.9482546
115524	-0.37134025
115546	1.1067704
115588	3.5706625
115650	0.93024176
115689	-0.4548425
115766	-1.4013714
115799	5.279869
115902	-0.026776226
115940	5.1636014
116010	-0.89614975
116080	-1.8729203
116107	2.0087333
116223	3.6799188
116224	-7.9865575
116234	-15.363886
116316	-1.9147968
116348	-0.6405094
116375	0.9254988
116385	-0.575475
116427	1.7849321
116458	-0.5184728
116520	4.4968348
116542	-0.7922232
116543	-0.85772276
116669	0.5220889
116751	1.6225406
116810	-3.014662
116850	-0.18588373
116880	-0.25293097
116911	10.500009
116955	4.12475
116974	2.2446492
116977	-3.331462
117094	17.368969
117132	-1.3805482
117157	-0.99710554
117186	2.1320806
117245	-4.41636
117295	-2.493368
117390	-0.17673492
117412	-2.5936756
117529	-0.13528453
117602	3.285557
117621	-3.5688949
117680	-0.8618674
117734	-1.5579963
117740	2.2610948
117761	-1.1131122
117825	1.5759807
117847	-5.5785694
117899	0.995916
117958	-1.857197
117964	-2.4553263
117974	-2.7003667
117986	2.4381614
118056	0.894715
118115	-6.5870266
118140	1.8579986
118185	-2.8611755
118196	-2.689122
118212	3.2859242
118221	5.209734
118232	-1.3891122
118282	-1.5596594
118303	-1.9549505
118372	-0.72813344
118395	2.438284
118399	12.213611
118421	0.25259843
118426	-0.95688444
118489	-0.3085808
118550	0.116638556
118667	-1.1124359
118717	-1.7753636
118738	4.906568
118769	-1.4619437
118849	4.727464
118856	-6.3482847
118910	-0.37446854
118926	-4.2184453
118962	-1.7702304
118985	4.5660067
119055	-0.5172212
119096	1.660904
119115	-0.9636551
119125	-0.98747665
119130	1.2023227
119147	4.9826303
119152	-0.85718304
119269	5.3629117
119379	0.9573997
119390	-0.34913567
119458	-0.85438025
119496	-3.593512
119537	1.4194486
119560	-0.95983696
119587	-4.0293636
119593	2.816339
119633	-0.9829759
119639	-0.85227275
119714	-0.27268025
119726	-1.6297288
119756	-0.20633563
119767	0.17314094
119796	-0.8939866
119800	-4.310508
119961	-0.84580976
120022	-1.3152883
120033	-1.5087413
120074	0.24444868
120099	-1.6913913
120202	-0.31808698
120231	3.4118123
120235	-0.4744422
120401	-0.008293468
120436	4.433458
120469	-0.3559209
120539	1.6196587
120584	-4.3488917
120596	1.0234982
120666	-0.022064947
120758	1.3135226
120836	0.60176176
120865	-1.8367958
120876	8.988292
120892	1.5696788
121003	-4.679056
121031	0.5283697
121057	0.12772445
121101	-2.2222438
121105	6.922
121130	1.6883243
121160	1.9341513
121204	1.6983293
121261	-8.028778
121311	-4.8275137
121327	-2.3701992
121353	0.16843869
121379	-3.601535
121454	6.438226
121466	-0.7249755
121536	2.828422
121540	2.5081277
121642	-0.8916733
121689	-3.2779305
121728	1.444002
121762	-3.3441303
121889	-0.8916733
121901	-3.6392033
121923	1.1881589
121942	-7.8993716
121947	5.9357686
121949	1.1082693
121971	5.684135
122063	-8.246895
122105	-1.8919743
122197	-2.7412934
122281	-0.065922745
122324	2.340219
122337	-0.2715086
122406	5.931425
122410	0.45650274
122413	2.8986957
122441	2.3226187
122448	-0.99621385
122465	1.6487634
122496	4.2647862
122501	-1.4127119
122571	-1.769925
122576	1.5202698
122616	0.41944104
122632	1.1624455
122718	1.8875812
122771	7.98467
122841	8.116694
122845	-5.024683
122970	-0.9700773
123009	-3.8879042
123020	-6.485168
123033	-0.5271539
123092	-2.268415
123109	-2.17818
123120	-0.99990475
123122	4.523172
123179	0.07443654
123280	4.9863086
123377	4.182154
123502	-2.306957
123511	0.9919197
123641	-10.786327
123725	1.2835256
123761	1.1000594
123770	0.14165178
123890	-1.6668212
123937	-2.345468
123962	-1.3937696
123985	8.448012
123990	5.392163
124054	0.8991457
124076	6.319092
124093	-1.3930305
124205	3.475057
124372	-2.4182084
124393	4.5321555
124456	0.55649906
124552	1.3392946
124664	12.524586
124671	-1.3421798
124677	-2.035562
124746	-3.4323282
124838	-2.046
124843	-5.5494943
124919	4.0104175
124920	-4.527046
124926	-7.2636356
124946	0.07899086
124999	-0.97174925
125016	3.90097
125103	-4.528864
125121	2.6756153
125234	3.591894
125242	-2.4468899
125354	5.788291
125374	-0.10181093
125381	2.0209649
125451	2.075066
125586	-0.642194
125620	-0.67898005
125621	-0.93989
125677	-2.6801147
125725	-1.5813831
125747	-1.3421798
125758	-1.8014674
125767	1.5601004
125778	-1.5131394
125798	2.8375967
125804	-5.2936044
125816	14.069751
125877	-1.507939
125886	-0.89285403
126021	-0.78686714
126062	4.838961
126073	-0.6082786
126112	1.8003824
126164	-0.8167272
126168	1.1082693
126182	-1.6995268
126233	7.577227
126239	-3.7662718
126251	-1.1035949
126254	2.6398406
126258	-0.08606073
126321	9.423063
126334	8.914865
126429	-4.6706758
126432	5.568813
126547	1.3447943
126549	-2.350548
126578	-1.1582325
126659	-2.7634532
126664	-1.5484055
126686	-3.5222867
126727	-2.1106305
126756	15.702692
126955	-0.7863603
126982	5.927664
127034	3.5907238
127052	3.5299697
127101	4.216766
127121	0.13376415
127162	-2.161721
127191	5.297094
127299	-0.99981964
127310	-12.614621
127326	3.606361
127361	2.7142308
127397	-1.5420256
127417	-0.96823764
127448	-0.66153795
127589	-0.14672819
127626	-31.3586
127633	-0.9911658
127734	-1.7432468
127743	-4.214324
127761	-3.0408967
127813	1.8812726
127814	0.21495628
127818	-0.8111267
127835	0.6943465
127874	-0.5735346
128016	-0.76508605
128052	-1.5651147
128093	0.97136146
128103	-4.4328246
128154	-3.593512
128169	-0.9872408
128192	-4.8937073
128287	5.0399747
128309	-0.9712782
128318	-0.76877564
128404	-0.9700773
128407	1.6453589
128414	0.40524954
128487	-4.466232
128536	-0.37134025
128538	5.1599708
128559	-1.8147155
128586	3.7939246
128606	-0.6918768
128613	3.8997762
128631	-0.47391957
128632	3.0957966
128656	-2.0463157
128665	4.361561
128768	-0.9060638
128792	-0.81562006
128831	4.4890504
128849	5.945003
128869	-2.483755
128956	4.7182956
129048	-4.636025
129066	7.7358174
129157	-2.966794
129171	1.1097944
129274	-0.8415964
129296	0.15546231
129304	2.5678034
129370	-0.27377048
129449	-3.4055336
129497	-1.5370775
129502	0.99680483
129535	2.2742155
129548	-0.51044333
129565	2.0914555
129592	-1.2975638
129593	-0.99500924
129738	-1.4519447
129801	4.69602
129814	-7.4468417
129898	-2.6205075
129909	-0.9773129
129918	-1.7433218
129927	-1.7735258
130027	-0.086907044
130072	-0.31980798
130079	0.9966588
130139	-0.48851728
130166	0.7319247
130236	4.103524
130344	2.652885
130367	5.7011313
130390	-2.6167674
130423	3.3804708
130462	-0.78850085
130463	0.14418095
130514	1.2576196
130532	0.15828294
130609	-1.3146175
130671	6.7838297
130721	-0.2909961
130779	-0.90573794
130806	0.91597307
130826	-0.5594335
130862	0.7523975
130897	0.25207064
130930	0.749416
131009	0.81198907
131024	1.7042788
131036	-19.198122
131097	-9.3273945
131106	-11.466113
131125	4.1492715
131207	-2.2898498
131231	-0.42988494
131237	5.339637
131332	-0.51160043
131439	-2.2529843
131459	-0.4243054
131471	-3.3746383
131538	1.4929091
131541	-0.4746102
131600	1.1251506
131620	-4.942973
131637	-2.3689034
131666	-0.0590546
131767	-0.67745507
131791	-0.62483364
131807	-0.57160157
131864	-5.352719
131906	-2.1531825
131976	-1.7702304
131978	-0.77863204
132035	-0.5850153
132066	-4.3720875
132101	-1.7212113
132120	2.232587
132202	5.9098873
132341	-0.32760018
132409	0.68344
132411	1.3744882
132468	-2.5822012
132478	-1.7463224
132637	2.1865335
132977	5.021865
132984	-3.446626
133006	-0.5866808
133025	5.749559
133072	5.4260406
133211	5.65644
133281	0.49765727
133286	-0.9301281
133372	1.8292438
133412	-1.1342334
133507	-1.3156009
133646	-6.7273464
133687	-2.9512746
133716	-9.845593
133745	5.3202305
133748	-0.72813344
133785	2.3516004
133885	-3.066633
133942	0.13313153
134151	4.6717544
134166	0.9762855
134317	-3.839574
134320	0.41600293
134348	2.0192704
134377	2.8033988
134516	3.3926435
134531	-1.6219366
134586	-4.56489
134591	-3.5121665
134639	1.5891949
134645	-0.13533169
134741	-1.8367958
134755	-1.8388027
134812	3.3439322
134827	-1.1094582
134909	-0.9983733
135021	7.515482
135026	-0.61383027
135080	0.5751299
135152	-7.164428
135190	-0.5835734
135236	-0.9562605
135247	-0.86294544
135248	2.5233223
135394	-0.38590187
135461	-0.611491
135515	1.8731499
135562	-0.9763852
135611	-0.93824327
135618	2.7142308
135625	-8.291805
135638	0.9700609
135653	0.97417456
135654	2.6904182
135682	-4.2526665
135745	-0.97174925
135775	2.3508809
135795	0.98382354
135807	-1.966076
135821	14.339941
135837	5.486648
135896	-3.746834
135952	2.8582473
135995	-1.7804034
136036	3.8518643
136088	-0.25082788
136098	-1.6324217
136117	0.025714742
136150	-3.9040775
136230	-0.983846
136263	2.1367328
136269	0.19109702
136272	0.9354425
136294	3.081569
136297	-3.0079472
136331	-1.4267683
136385	2.5104432
136429	-0.5178752
136443	-5.569339
136495	2.9282093
136504	0.7787157
136530	-4.6481023
136552	2.463619
136582	-1.2797799
136729	1.3021889
136766	-1.4127119
136822	-0.8518509
136830	-0.658109
136878	5.416735
136899	-0.7597304
136930	9.433942
136963	-5.7614527
136984	-13.271589
136987	0.8906266
137017	-3.7463608
137023	2.1860793
137114	0.13673122
137162	1.444002
137167	1.1082693
137201	0.56511366
137247	3.0784812
137255	-5.653293
137264	-0.20105346
137305	-1.641238
137356	-6.0725446
137365	4.957424
137388	2.5648394
137400	0.6814678
137419	9.176261
137422	1.220636
137454	2.1952152
137636	0.7319247
137689	-0.23075107
137797	4.5545444
137805	0.43812165
137854	-9.99675
137857	2.7821567
137907	-4.348494
137952	-5.6031394
137970	5.015446
138034	-2.4855518
138125	-1.7570035
138175	-5.9150887
138270	-2.319754
138289	5.3877773
138292	-0.014743799
138322	-6.947104
138440	-0.9834687
138443	-3.0899029
138472	0.73224103
138479	0.9095071
138528	4.3376646
138604	0.1802541
138703	-0.7595504
138720	0.44528106
138727	2.526974
138728	1.5101806
138809	-1.2802022
138887	0.9328321
138904	-12.116486
138940	-3.0823388
138985	-1.7904593
139105	-2.8813298
139123	0.71436346
139130	-0.99990475
139133	1.64022
139140	0.5274359
139161	3.1125712
139162	-0.26979348
139287	0.012978589
139339	-0.095602855
139342	2.0976255
139421	1.5765684
139423	1.3602211
139491	3.013838
139517	0.9918974
139571	-1.9529003
139597	-1.5350738
139603	-0.9629455
139642	-1.2398515
139649	1.3799931
139694	-2.0491266
139774	1.8735803
139777	6.9134736
139827	-4.5695715
139841	-0.8642363
139863	6.4281936
139974	5.7542706
140029	1.8809391
140084	0.749416
140101	-1.832994
140127	-0.90314096
140131	3.1542966
140157	-2.8216732
140180	0.98780453
140209	1.9640553
140212	2.754724
140345	-0.98418033
140452	-0.86507267
140523	1.5834166
140564	6.5188465
140711	5.818507
140725	-1.4035083
140799	-1.4788245
140807	9.642657
140878	5.2241416
140903	-0.9229619
140952	1.864903
140971	0.49765727
140994	-1.6821893
140997	2.0879338
141040	2.352963
141082	3.7286994
141108	-0.44224876
141116	3.6300817
141202	-3.1397946
141215	1.7705357
141234	-1.8708173
141276	1.1698955
141298	2.8006048
141313	2.5248435
141336	-2.550488
141373	-2.2171876
141385	2.5381386
141404	-1.8407258
141450	-0.30049604
141514	2.9934483
141550	8.393614
141551	-2.2726772
141841	2.5238833
141884	-4.6663504
141986	-0.5446956
142025	1.843584
142072	-2.5078719
142200	-0.42988494
142206	-0.922465
142237	14.995602
142319	-2.069201
142344	-2.381954
142416	-1.7657744
142421	-1.8417125
142495	-0.99977964
142517	2.4837258
142532	-0.046443347
142547	-3.0032792
142585	-0.98211783
142595	-0.8022806
142644	-0.93564516
142856	-2.348983
142871	-0.9967759
142952	3.2704844
142982	-3.1331172
143038	-3.2055666
143076	-3.307255
143182	-1.7196229
143202	1.4054425
143222	-0.99891937
143286	1.2734499
143377	-2.39838
143389	-2.6050103
143409	-3.3031638
143417	-3.5691037
143511	-2.6205015
143514	2.249937
143663	-2.8400047
143736	-0.98829144
143822	5.599153
143921	2.5521386
143942	-2.2312531
143978	-1.220309
143981	-0.998372
144042	-3.8290913
144060	0.62938815
144156	2.6324189
144161	2.2945194
144168	-4.842324
144185	-1.7491835
144235	-1.0378634
144239	-0.7545189
144283	-3.0409515
144287	-1.0533725
144381	-0.9894231
144388	3.5754333
144445	-2.393276
144477	0.7905851
144507	2.27348
144519	10.807875
144591	4.646367
144603	-0.65132505
144648	0.97953135
144708	4.537624
144716	1.7077544
144722	8.564266
144774	-1.4020754
144791	3.8674138
144816	-6.7429986
144847	-8.488524
144929	-0.42578232
144938	-3.6022253
144954	-0.7519076
145026	-6.1022305
145031	-3.4149294
145105	-1.9721489
145117	0.85550034
145139	-1.1199334
145157	-1.1746676
145164	-1.0290346
145251	-6.3322234
145398	3.8864462
145461	3.6889594
145466	-0.35502946
145493	7.958369e-05
145540	-7.989121
145682	7.678558
145686	-1.3217365
145795	5.841264
145812	-2.3859947
145917	1.5176052
145947	1.4287755
145953	-1.0522258
145975	-2.343962
146027	-5.710096
146031	-0.6814333
146121	-3.285733
146250	-1.1642642
146260	-6.9316792
146331	-1.4462495
146352	3.1810021
146394	-2.29391
146419	1.5022372
146456	-5.1614695
146460	3.829561
146466	7.5108294
146523	-0.9853783
146539	2.9097383
146552	-1.20553
146556	2.964849
146578	-1.7908566
146582	3.285442
146592	0.9041007
146599	0.1301361
146621	0.55152696
146649	-0.29031134
146766	-25.70293
146784	-1.4664474
146786	2.025763
146879	4.049339
146891	-5.4553275
146901	-9.805462
146963	-0.61716783
146991	-2.7746778
147135	0.88053733
147168	1.4979559
147215	-2.6713543
147222	2.8639843
147230	-0.16334128
147254	2.0481265
147269	-0.83412826
147273	-2.4107287
147305	-0.571155
147326	1.6945314
147330	-1.5128249
147349	3.1828945
147398	2.9119298
147426	-4.9868097
147459	-2.5999784
147462	-0.8991586
147608	4.073985
147636	-24.152275
147677	-14.5556345
147703	-0.99493647
147745	5.159419
147759	-1.526919
147784	1.0755851
147797	-0.36426634
147861	0.060522474
147878	1.81847
147892	2.4768481
147957	-1.6761566
148041	-0.85697985
148071	-14.979637
148083	-0.720379
148089	2.371468
148139	-0.6535838
148150	-0.80155605
148188	6.968762
148192	-2.3598344
148202	2.1066735
148213	-4.779797
148219	1.5022839
148260	-3.0922956
148268	4.722386
148296	6.2840567
148426	-0.29031134
148515	-0.9967669
148518	0.12772445
148597	0.9802244
148634	-2.8688397
148654	1.0485623
148679	-3.8959372
148716	1.8879174
148731	1.7076458
148767	-1.9970351
148768	-0.912289
148800	-0.33851475
148801	-0.0034464158
148934	14.238301
148953	-0.9962214
149000	0.9562649
149009	-0.7981019
149010	1.8377984
149020	-0.8406954
149032	-2.661336
149072	-0.9924771
149082	5.393432
149089	-4.383425
149104	-0.9505376
149166	-8.891835
149197	-2.6075497
149222	-0.7011914
149235	2.6727476
149295	-1.5367047
149388	-2.9527912
149397	-9.083202
149435	-0.6355756
149489	-0.55379564
149524	-3.9491236
149563	-1.3284086
149601	-2.210151
149657	-4.2636633
149665	5.864571
149719	-4.726619
149823	-1.7656426
149867	6.568366
149870	-3.0984528
149959	-3.1468098
150008	1.5853595
150036	-2.4761477
150053	0.88412064
150104	3.634057
150105	-0.9317782
150183	-0.37115124
150305	-2.5731483
150352	-0.65201646
150359	-3.1493168
150363	-0.53570855
150394	-4.1892414
150433	0.66977024
150618	1.9511123
150724	14.607262
150804	-2.1740198
150829	1.0568357
150870	-3.417445
150906	0.38161522
151128	-0.7708209
151137	0.1536586
151207	3.9077528
151224	-0.3766416
151239	3.392545
151241	3.7668333
151378	-5.3155823
151389	-0.8267682
151475	-2.9465468
151524	-1.8980118
151565	2.7590446
151610	1.7208246
151668	-6.0605664
151710	0.38052905
151738	-3.0724244
151872	-1.6782546
151936	0.45749512
152031	-0.7804142
152044	-0.61969054
152099	-0.6896592
152103	5.17052
152173	1.5755372
152237	1.3654218
152243	-10.009788
152260	-5.375414
152280	3.2636955
152316	-3.678666
152496	1.7018867
152546	6.456582
152559	11.287645
152609	-0.85753965
152672	-5.1825633
152737	-0.92565554
152973	1.4542383
152981	-2.0946126
152987	-0.77863204
153025	-0.7313411
153053	-0.97688097
153092	-1.7170323
153241	-0.7115393
153375	-6.960104
153396	-1.980071
153433	4.284458
153472	6.172029
153473	-0.95672673
153488	2.1004174
153543	-0.76352847
153582	0.81722337
153621	8.236949
153645	-1.7409801
153676	-2.8211877
153731	0.5687277
153851	-0.9739205
153855	2.9771192
153923	-2.3774438
153930	0.6716692
154066	-1.8971847
154090	0.039411426
154190	-1.3438879
154198	-0.94513386
154265	-1.3729023
154378	4.8268867
154416	-2.5215046
154423	3.5353181
154482	-0.9731729
154546	4.6898856
154574	0.41914335
154608	0.071807146
154617	1.8046204
154663	-0.62932426
154671	-1.328379
154773	-2.5854688
154816	-3.846979
154851	-0.17095903
155036	-0.0652706
155115	2.9898403
155140	7.3389316
155231	-0.99674773
155240	0.2904661
155251	-0.73385775
155293	-1.9974399
155314	-0.98338467
155325	0.7368447
155416	-0.7819849
155422	0.13361365
155478	-5.429563
155487	-1.6824684
155647	0.74771655
155660	1.2924985
155760	-4.9339123
155868	8.65623
155905	-3.0222495
155906	2.6545997
155955	-1.7462509
156005	-0.62106484
156010	-6.6127067
156042	-1.0862173
156182	-0.9581723
156222	1.2825214
156237	0.94492793
156341	2.9023685
156383	1.0596586
156406	0.6085127
156484	-9.9917
156800	0.9443115
156908	-1.977245
156909	-2.9823108
156934	-3.4867797
156943	-1.4440662
156965	-1.090364
157016	-2.1258485
157029	4.2954483
157078	-1.8242835
157211	2.9534485
157218	0.087391734
157246	-0.85404074
157267	1.3877218
157461	-0.78361565
157468	-1.2797066
157634	-0.8875547
157725	3.971358
157760	-13.846131
157828	1.0691855
157896	1.0892466
158026	4.5759645
158043	-2.8020864
158054	-0.8216872
158081	-1.1144936
158232	-3.5688949
158270	-0.8916733
158273	-1.0749437
158276	-3.7189894
158297	-0.23924497
158331	-0.97533166
158335	-0.8449376
158337	-0.48873466
158368	-2.5822012
158448	3.2740924
158516	0.97275954
158568	-3.4016054
158636	-3.264895
158673	-0.93752277
158693	5.917373
158708	0.95563245
158711	0.44801545
158744	-0.8813256
158770	-0.8069176
158804	-2.4032283
158818	5.3415823
158851	2.4685702
158854	-0.6379172
158934	8.202003
158951	6.056774
158963	1.7738181
159065	-0.408497
159201	3.667985
159208	-1.4264026
159240	3.1854813
159267	0.80164355
159288	1.6170087
159359	-1.8092728
159386	2.9923937
159454	-1.8407495
159479	0.2097885
159556	2.4245954
159632	-2.3792064
159652	-0.8445635
159675	-1.5319161
159702	16.400608
159716	2.0429356
159724	-0.8807536
159766	-2.51229
159821	-0.026690012
159828	1.2015288
159829	-1.8850431
159941	-0.2379812
159992	3.4824882
160003	-0.9317782
160013	-4.7871795
160071	-1.4552791
160123	2.2425737
160137	-8.471239
160206	-1.1382492
160229	-0.30396107
160300	-4.7619333
160376	3.9870076
160424	6.272969
160438	0.16661435
160513	-0.4573063
160526	-3.1537397
160558	1.4642189
160623	-2.9399247
160679	-3.384137
160687	-1.6761566
160781	3.0581546
160805	3.2452066
160811	-1.9050845
160873	2.272747
161007	6.1695776
161051	11.086653
161072	2.1117465
161135	-0.5533266
161168	-2.824481
161180	-1.5002251
161184	1.77565
161344	8.159595
161376	1.8879174
161415	-10.127562
161442	0.9591931
161530	-2.7302256
161536	-2.3318973
161574	-3.400345
161615	5.31825
161640	1.8061218
161721	-1.176783
161743	-0.82186574
161748	-2.3193288
161775	5.841264
161776	-0.87531596
161779	2.1641061
161800	-0.6755859
161811	4.717739
161850	7.740681
161928	4.9081197
161965	8.287992
162009	0.62938815
162011	-2.350548
162054	-1.9200398
162097	-1.2357078
162143	-0.44949642
162163	-1.0109217
162212	0.16029039
162214	12.909237
162252	-0.6332078
162356	6.8872056
162365	-1.8970231
162421	4.881493
162545	1.0950577
162555	-1.1618804
162558	-0.963722
162649	-7.702302
162681	0.9232235
162748	2.272747
162755	4.114216
162769	-0.032200813
162791	-8.156291
162944	-2.1161819
163116	0.97515
163142	-3.7213104
163156	1.6039008
163176	-0.99513084
163226	6.011046
163233	2.4895144
163264	-1.0722368
163337	-1.1930695
163379	-2.277346
163409	1.7057616
163421	-7.477839
163517	-1.4640293
163551	-0.6829815
163638	-0.4678036
163661	-4.141389
163681	-5.3107824
163699	-1.6782546
163814	-0.84380007
163848	0.972502
163856	9.072176
163956	-0.97031176
163986	-2.0045476
163997	-3.0920684
164004	3.8738058
164031	-0.83100533
164038	-4.189519
164063	-4.209095
164103	-1.0300106
164134	3.8200595
164191	-1.9523222
164225	1.9003673
164249	-2.4545927
164295	1.8517166
164402	-0.9643533
164439	-0.90378535
164569	-4.6429605
164594	-5.2132034
164718	1.876361
164726	2.174651
164751	0.29992992
164766	-1.3553016
164931	-0.6832497
164936	1.0357704
164962	2.1788576
164990	-1.278491
165048	1.9757942
165054	3.475057
165057	5.182043
165072	-1.6062752
165119	17.1116
165259	-7.576364
165357	-3.368918
165366	-3.1997318
165378	2.6025722
165397	3.2050745
165484	-3.144178
165528	-0.6071954
165532	-2.949864
165554	-0.86568373
165643	-1.7908493
165671	-3.7778518
165694	4.6610227
165696	4.1372585
165744	-0.7837109
165801	1.2058983
165866	-1.6713986
165947	16.953913
165955	1.6316054
165967	1.6787549
165969	-0.1445074
165989	-4.683379
166035	-0.9764099
166093	-2.2915323
166131	0.07292464
166185	-0.55529225
166241	1.5699852
166248	1.2741312
166342	0.23370045
166353	4.532622
166355	-0.506373
166371	-2.1219313
166403	-0.6823253
166562	-0.95704913
166564	-2.3953683
166583	-0.8991586
166596	-3.8365304
166614	-0.68950313
166740	-0.43575737
166744	1.1747521
166792	5.027892
166859	9.150175
166948	6.4274764
166954	-1.505217
166997	-6.7914395
167031	-2.086253
167119	-0.82391685
167140	2.6381555
167152	0.65624505
167212	-0.66133493
167225	3.065722
167268	1.0453115
167336	-1.404996
167417	3.5190094
167484	3.076859
167492	3.376707
167600	-0.9999849
167713	-2.4336252
167718	-0.99189645
167729	3.7479746
167757	-3.8956323
167828	3.8901746
167866	-0.7640005
167869	11.107495
167871	-0.7234703
167987	3.268383
168049	-0.054578938
168082	-1.2457266
168113	5.3486753
168253	-2.18743
168289	-2.5593853
168302	0.1367303
168304	-2.2892826
168306	4.6848845
168328	5.939317
168333	0.16917115
168336	8.235762
168340	-2.8517823
168349	-2.1712766
168354	-0.031369053
168416	1.6453589
168517	-1.3708806
168528	2.6958213
168555	-0.8559891
168577	1.9579655
168599	-3.1163783
168648	0.93796027
168737	7.5744095
168739	-3.5539224
168763	-1.5470244
168767	1.8159825
168901	6.2501664
168919	-0.24265195
168925	0.97507226
168952	-0.9937011
169034	-0.974545
169041	-2.7667322
169076	-2.742345
169123	-0.43610352
169172	0.29375094
169174	3.655207
169179	-2.344317
169206	5.356232
169210	5.882376
169354	-9.587501
169404	-0.9891919
169416	-0.17483486
169447	-4.4345365
169510	-0.13548018
169522	3.6449606
169551	-0.47380665
169607	-0.5866808
169633	4.0135465
169641	3.4165528
169760	-0.6150666
169771	-5.586346
169812	-0.9911984
169822	0.22689825
169882	2.0613167
170042	1.4052265
170068	-2.2034538
170102	7.1449723
170116	0.61397266
170132	-3.264895
170164	0.97298795
170224	2.5878599
170230	1.6555301
170244	5.1820254
170304	0.338918
170479	-12.567939
170641	-6.002685
170659	1.1370789
170675	1.9447757
170697	5.2155986
170721	1.5535681
170754	6.1070795
170816	2.51807
170886	3.5606847
170902	-2.8665698
170964	1.9677293
170966	0.97417456
171138	-1.7735258
171139	-0.8939879
171156	-0.9467727
171245	3.5205128
171269	-0.70097035
171343	0.60479367
171351	-0.0902807
171373	4.59443
171385	-3.465551
171529	-0.35907295
171562	-1.641238
171591	-4.6175165
171624	-2.2820315
171812	-3.9544778
171816	2.6037722
171863	3.3575277
171952	-1.769925
171964	-0.23882678
172032	-4.231035
172076	0.9955472
172121	-0.7013495
172202	-0.1400835
172221	0.8489236
172290	-4.298633
172317	-0.7708209
172324	-0.9310129
172432	-1.6435981
172433	0.16123821
172443	3.4654572
172467	2.9425328
172472	-0.63367647
172473	-2.8124943
172494	-7.2285256
172514	41.290245
172517	3.7226784
172549	-0.847542
172595	-0.42858285
172613	-1.5446141
172637	2.6426673
172656	-4.3498044
172759	-1.4704823
172834	0.9925427
172923	0.71924293
172929	-0.9984706
173012	-3.856453
173035	-0.09433983
173048	1.8785973
173121	-0.9467727
173125	-4.978686
173191	0.9600022
173232	0.22944383
173319	-1.977245
173336	-0.87685674
173458	-0.9205941
173470	-1.4699594
173522	-0.97016054
173524	6.851248
173527	11.241077
173636	-0.7944792
173741	-3.5228539
173754	2.4129057
173772	5.033336
173819	-4.1836095
173905	-5.172662
173908	2.7034695
173959	-7.2533665
173980	-8.276227
174036	-0.96635085
174057	-0.7080043
174059	3.8901746
174071	-3.436291
174254	-2.2255409
174390	0.622403
174394	9.120905
174426	-1.0733038
174450	-1.5471138
174540	1.7071965
174595	2.3274803
174669	-0.9993893
174689	-0.97808135
174744	-4.7530875
174746	-2.8566747
174773	-1.7702743
174781	0.9859115
174829	7.3774
174902	-0.6004466
174941	3.4981887
174975	-2.0299594
174985	1.5290862
174997	-3.4323282
175091	2.636587
175132	-0.5510968
175155	-0.5823422
175264	5.6598406
175266	-0.99849546
175410	3.3326175
175477	4.23954
175494	-2.5599692
175590	4.0658555
175630	3.1113489
175699	5.9014397
175701	-2.1350439
175816	-7.0141487
175845	1.6460313
175847	0.13361365
175861	-0.13223015
175879	-1.9726672
175994	-7.510505
176025	2.428826
176057	-2.125354
176170	3.7169874
176232	-1.5358965
176280	6.8315997
176284	-0.97801465
176302	-1.0966376
176314	-3.0781534
176364	-1.6213673
176387	-1.4438968
176506	2.318192
176661	-0.96216255
176681	-2.3655732
176715	-12.764137
176749	11.73622
176782	-3.4538863
176799	-0.8703202
176872	1.7972561
176892	5.2143493
176901	-0.6339878
177004	-8.762974
177060	-1.8131038
177062	-1.667081
177116	-2.8783815
177150	2.857941
177153	-0.5017523
177165	-0.90272075
177166	9.625112
177184	-4.675034
177234	-0.76877564
177307	-0.84775674
177354	7.112027
177439	4.954271
177463	-0.94513386
177585	4.448703
177607	-2.3084095
177619	-1.9392227
177625	0.39487585
177742	3.2828677
177798	-8.375269
177855	-1.0353923
177859	-3.195584
177874	-7.4238234
177930	2.0241344
177980	5.9155498
178020	7.3590584
178041	-0.94666713
178054	-5.9936075
178064	1.532696
178116	-4.300448
178120	0.7445242
178162	4.512632
178171	-3.2803733
178211	4.1912274
178224	-2.275068
178322	-5.1986637
178415	-1.6185815
178416	4.769301
178455	-1.0115424
178472	-0.9562605
178477	-0.53348076
178488	3.741208
178539	-3.2174146
178608	-1.0725551
178693	1.5022372
178742	-1.2802022
178744	0.3368118
178833	-0.9598294
178842	-0.007638376
178861	0.29275376
178890	-2.5375278
178893	-0.67717063
178974	-2.1377547
179038	5.5443983
179064	0.7559165
179081	-0.95140755
179083	-2.9681664
179103	-2.4333496
179291	-3.2713757
179325	-1.0430347
179335	0.9869186
179341	-5.8149424
179409	-2.8900728
179419	0.91725636
179425	3.7100716
179443	-0.9942431
179450	-1.7415193
179516	-2.551304
179518	-7.584463
179529	3.4019444
179588	-4.924737
179614	-13.037905
179616	2.1325502
179642	-2.36527
179670	-0.2909961
179740	-2.5616608
179903	9.030913
179917	-0.8518314
179968	-6.158541
179978	3.339529
180023	-1.1484671
180049	-0.90088147
180051	-1.8625107
180192	-1.7998354
180195	6.839967
180229	3.5373886
180279	-1.787037
180328	0.9963959
180338	0.16992259
180403	-0.7208622
180458	2.9481814
180462	-1.9085526
180484	12.181344
180591	-0.4912526
180596	12.458608
180627	-5.6010904
180630	-11.958457
180664	1.1694648
180714	-1.0218555
180761	0.95348775
180782	2.5861704
180783	0.6814678
180893	-2.4696803
180917	7.7071276
180921	-0.27765718
181003	0.27179137
181099	14.647804
181184	-1.5803398
181256	4.218276
181273	-0.974545
181354	7.009426
181356	-1.6495535
181358	-3.3330488
181452	-2.4107287
181465	-2.3737302
181500	-4.286289
181557	3.0493774
181584	-0.77592826
181624	2.6581995
181643	-0.7997608
181680	0.5443465
181691	1.0928292
181713	-0.65296096
181719	-4.3300195
181772	-0.70437056
181791	2.438284
181896	-3.5228539
181901	-3.8876817
181932	9.110787
181959	-0.61071604
181969	0.68877506
181977	2.2176523
182048	4.12724
182126	4.207546
182148	-14.726051
182222	8.607814
182226	5.8066955
182331	0.9017162
182361	0.6467217
182391	-0.062244024
182438	-2.6078143
182454	5.2828465
182483	-3.001584
182492	-0.48289853
182554	-1.6913913
182561	-1.5530425
182564	0.9654226
182578	2.5807755
182661	-0.4838296
182753	3.7298043
182805	-7.0065556
182829	3.4166603
182839	-2.5502515
182968	-8.559624
182985	-1.890302
183013	-1.3062063
183018	-0.6078107
183052	-0.99322194
183188	-4.9076014
183237	0.50658536
183240	-10.460083
183318	1.1111534
183346	-1.0479387
183358	-0.104673736
183389	-5.066311
183395	-3.3031638
183414	4.58217
183420	0.39648777
183448	-5.8220186
183452	-9.426373
183531	0.06443902
183613	-4.1659293
183621	1.8226044
183667	4.2290964
183675	-20.96528
183696	-1.7127103
183709	7.4531226
183746	-0.82572794
183771	4.6128516
183818	-4.033572
183866	-1.5567992
183879	-1.9309632
183885	3.2636955
183888	3.4332907
183945	5.8699107
183966	-1.74177
184000	-1.5520461
184026	0.93512475
184063	-0.19481055
184065	-2.6167674
184076	-0.68346655
184102	-5.0389824
184110	0.29441324
184229	0.044443253
184239	0.99575037
184243	3.8344452
184290	3.8209944
184301	-5.8966293
184318	-1.5718223
184323	3.6077027
184328	-0.8102283
184357	0.12844218
184444	-2.1387725
184506	2.5739646
184511	-1.5212252
184545	1.544349
184567	1.1698955
184629	4.542571
184639	-0.604127
184675	-0.9855666
184753	-6.412388
184758	-2.053416
184826	2.1086595
184836	-0.658109
184922	-2.6960251
185009	5.599153
185014	-0.3559209
185033	2.1517146
185041	1.4680971
185076	-1.6551223
185125	-0.57486635
185143	-2.882719
185187	-2.3315706
185188	-3.0373406
185192	3.5606847
185193	-3.8361137
185254	0.4521527
185301	3.646777
185379	-4.8160357
185470	-0.3231201
185502	0.32311696
185550	-1.861637
185578	-0.95694137
185616	-0.87900627
185623	3.829174
185628	-0.18148784
185648	-0.8669444
185675	5.4446845
185690	2.1982687
185706	-0.7593161
185754	-0.8167272
185781	-0.81827193
185788	4.829246
185837	1.7547977
185918	-4.4879856
185934	-0.88781315
186058	-3.4500096
186068	0.5208067
186073	-0.5870889
186139	-0.5940311
186141	-6.766719
186175	5.339637
186248	4.5179596
186251	3.0453568
186374	-0.7545189
186398	-0.91344297
186428	-1.7570035
186448	5.292363
186489	-2.5348382
186493	-11.709466
186498	5.269103
186601	-4.4617524
186639	0.9818177
186720	-5.702205
186756	1.8985604
186809	-1.8986336
186853	-8.402663
186900	-1.8054832
186919	-3.4066052
186928	7.811341
186933	9.265741
186961	1.2230355
186969	-0.8649058
186980	-1.5274177
187006	-1.7196229
187011	-1.5825206
187098	0.1436189
187126	2.7953188
187135	-2.7694836
187155	10.943283
187184	-0.9983805
187199	-0.6004466
187223	2.6561818
187226	1.6984934
187245	-1.0479387
187256	-0.036225684
187262	-0.9422646
187278	-0.69056535
187300	-0.85663277
187329	-1.6749347
187367	2.7763848
187368	-4.082006
187373	-2.630412
187411	-0.5006383
187536	-2.3801146
187538	0.6945265
187540	-5.037968
187545	0.80164355
187556	2.0906746
187590	-5.8805037
187606	-3.2124894
187624	-15.736201
187632	1.4890003
187656	-3.6484585
187749	-1.8853288
187796	3.6406431
187798	-3.6277504
187802	-0.951005
187839	1.660904
187872	-7.2364736
187991	-2.6904619
188065	-2.1453476
188109	-0.8406959
188114	-1.8567663
188138	-2.5440893
188233	-7.510505
188238	4.9847426
188258	-1.5683562
188307	3.8179138
188342	-2.2975533
188351	-1.7692287
188426	-0.8430274
188457	-3.1953125
188460	3.8329127
188494	1.2023318
188510	-0.6909476
188543	-2.4575016
188600	1.6516738
188635	-1.9175682
188668	-8.919225
188673	6.012222
188742	8.724514
188776	1.6883243
188856	0.68609357
188859	-0.47246367
188895	0.4758622
188924	5.260366
188929	6.835687
189071	-0.8673756
189078	-2.1779199
189084	-3.9379156
189157	-20.96528
189177	8.620616
189178	-3.7313235
189186	2.3226187
189316	-1.890302
189320	3.0207899
189330	-5.120039
189441	2.148602
189536	1.5101806
189538	-10.013636
189612	7.143303
189621	-0.7804142
189726	0.01577636
189736	5.917373
189765	-2.2637818
189796	2.5124288
189872	-1.597789
189883	6.0280423
189969	4.757996
189973	0.8773352
190054	-1.7684609
190200	-1.3264992
190234	6.92933
190250	1.8437618
190253	-0.99102324
190359	1.6417526
190408	-1.1377366
190482	-0.99990034
190509	-1.832973
190516	-8.212011
190635	3.5754333
190669	-6.285803
190759	-1.5219078
190815	1.9531114
190841	1.8062232
190926	-0.87685674
190973	-2.8484085
191000	2.2718816
191041	1.6516738
191138	4.5028105
191172	-1.1746676
191243	-1.7824005
191272	3.3808835
191274	0.15214007
191311	-0.9777394
191314	0.28534842
191318	4.0591583
191364	-1.5106977
191433	1.8810496
191545	1.4944581
191573	1.2711965
191594	6.13274
191607	3.491651
191681	0.98773783
191707	-2.6035233
191713	5.767056
191753	2.055328
191793	1.4340131
191796	6.3477044
191904	4.7213955
191970	-2.3195083
191977	-3.8284392
192029	-2.5897117
192113	1.9406835
192120	-0.5907858
192148	-0.9967669
192226	1.9488076
192370	-3.0631676
192384	-2.786024
192388	0.7691607
192493	-1.3437132
192507	0.7785466
192736	-1.2755331
192819	-1.7386982
192832	-0.027479032
192850	2.8758962
192889	-0.28727907
192899	-0.96513426
192903	2.7695274
192936	-2.7312927
193040	-4.714306
193044	4.2568173
193206	0.9944704
193216	11.635298
193280	6.6308875
193289	0.96567845
193306	-0.7639017
193404	0.13354234
193425	1.2182444
193453	-3.8284392
193475	-0.8519533
193493	-3.1007707
193515	-3.9779265
193570	1.8149817
193590	1.6272602
193651	1.6126022
193680	2.6431928
193696	-0.54667675
193810	-0.7667835
193852	2.445757
193879	-1.1307256
193882	2.452072
193976	1.5706756
194041	-0.92929137
194077	1.8208684
194086	13.241868
194105	-0.98959017
194115	9.005959
194133	1.8628103
194140	7.4995303
194150	2.5621157
194183	-0.67086047
194189	4.232908
194245	-1.7620404
194462	-0.8747069
194502	0.93563485
194533	-0.9953191
194545	-1.3917463
194550	4.31773
194601	2.0879338
194618	5.8109894
194682	-0.45599592
194985	4.202563
195133	-0.5780084
195232	-0.9522999
195314	-0.09020406
195384	8.155491
195403	-5.2746863
195429	-1.2357737
195491	-3.3879087
195568	2.025763
195570	-3.5072148
195765	-1.6601043
195803	0.78569585
195826	1.5363084
195855	6.298891
195864	-4.2344995
195944	-1.4035083
195968	2.6709495
196271	-4.2239633
196299	13.557488
196361	-2.6762824
196400	-0.0652706
196481	-0.11175668
196508	5.690428
196592	-2.3276286
196598	0.5963959
196649	0.71924293
196683	-2.8091166
196725	2.2442222
196741	3.353189
196929	-0.57160157
196973	-3.405004
197124	2.7573614
197140	3.8273604
197160	0.28317812
197169	-4.0603056
197187	-3.498984
197228	-13.261695
197231	5.2226167
197239	-0.99541694
197249	2.4003627
197288	2.0858781
197301	-2.0320737
197347	1.504246
197408	-2.2631872
197434	-1.0083526
197488	-3.3577745
197525	1.7492278
197604	1.4257817
197656	-0.6539281
197662	-2.5277627
197674	-4.2378817
197678	6.966809
197708	-1.6014836
197727	2.5336134
197797	-0.67513716
197842	-0.9870522
198030	6.715013
198039	-5.10376
198091	-0.6207152
198101	0.41330498
198173	-0.31805253
198210	-2.606207
198436	-3.6205213
198465	9.375576
198474	-0.4043802
198481	3.0628843
198528	-2.6101604
198536	-2.3737302
198578	-0.95426553
198624	-2.4785414
198633	-0.76041275
198714	-0.5323808
198909	0.5841404
198967	8.074125
198968	-3.3683963
198981	1.8257858
199002	2.1589582
199048	-0.98747665
199059	0.4765429
199090	-2.600133
199091	4.1907096
199130	-1.2043109
199173	1.9392679
199228	-2.9401913
199234	2.8309946
199245	-1.8028665
199265	-0.24218385
199293	-2.4107287
199335	-0.46286997
199395	1.5101806
199396	-0.83204454
199414	3.2859242
199487	-3.006957
199494	5.905213
199530	-2.2156293
199656	0.6445625
199728	1.5071663
199736	-4.441838
199741	-5.854332
199742	-0.6909535
199757	-10.4255085
199805	-0.9777394
199812	5.8231564
199892	-0.16943644
199929	-6.2393937
199949	2.6381555
200098	-1.4457822
200108	-1.0438612
200163	3.285557
200214	4.6558566
200221	5.0537567
200258	2.9238942
200266	-7.1798677
200273	-4.3214264
200318	-2.527698
200364	-9.872875
200386	-2.664383
200478	3.3132699
200526	0.54845375
200611	2.9697855
200701	5.932174
200711	9.879942
200753	4.491725
200766	-0.3758699
200816	9.577662
200828	-0.93625474
200831	-1.2068172
200961	-3.8821125
200968	13.848097
201033	-1.2418212
201046	-4.26561
201084	-7.4631267
201171	9.526137
201234	-3.900051
201266	-0.85563904
201429	-0.5541952
201474	1.4828149
201481	-2.451411
201484	2.7428615
201503	1.418844
201571	4.089823
201656	2.428826
201669	8.46419
201671	5.094366
201759	-0.7752179
201792	3.8321397
202024	-26.892426
202104	-5.3404083
202112	-0.9316004
202227	9.573959
202259	2.0317218
202266	-2.2953072
202299	-0.9576913
202341	3.0232239
202372	6.0136447
202414	0.5597318
202451	2.8172548
202463	-4.0038705
202600	15.130762
202662	6.818414
202734	-0.85831267
202773	5.2143493
202801	2.9407983
202824	-1.4517914
202876	1.0753446
202886	2.3179371
202974	-22.993774
202989	1.7018867
202999	-1.3111715
203008	-4.412256
203088	-2.0159266
203097	3.1246688
203160	-0.99500924
203221	5.1606565
203242	-3.1152935
203311	-2.8566747
203321	1.1058321
203329	5.9905405
203409	-7.3691263
203506	0.99961036
203532	1.5903674
203549	0.749416
203643	3.5916932
203646	-0.9782862
203656	-0.94683367
203668	2.2845845
203746	3.646777
203748	1.5759807
203844	4.7348495
203945	-5.352719
203956	-4.4983015
203967	6.0075383
203999	-2.6291084
204006	-7.0050445
204010	-0.8156372
204084	-3.0347753
204105	1.7910223
204133	2.011814
204150	-2.6942296
204188	1.9351075
204279	5.3670425
204532	-1.6639162
204552	-8.388347
204560	-0.43575737
204607	-0.14506356
204621	-6.95455
204697	0.7194098
204714	-7.024928
204837	7.958485
204851	6.8315997
204990	-0.8648374
204994	-1.7904593
205058	1.7180312
205103	5.89008
205149	-2.6866786
205235	-1.3553016
205248	-0.9557601
205272	-0.906879
205276	-0.7999426
205315	3.9767675
205320	-0.8512684
205328	3.2684696
205383	-0.5407533
205396	-3.6525419
205434	-0.95672673
205452	0.9482546
205496	-0.88815063
205520	1.8785973
205558	-0.64049137
205573	0.597665
205698	-3.6924386
205774	-2.4034004
205813	-1.6577703
205910	2.5023928
205931	1.4680971
205941	-1.7124938
206043	-1.7702304
206077	0.8768266
206133	-1.8586992
206142	2.6206841
206153	-0.7234703
206185	4.6902843
206194	1.4158583
206295	2.7723434
206304	17.903358
206347	-2.5505505
206384	-4.053534
206403	2.0481265
206454	3.529775
206477	2.0521333
206561	1.6582464
206568	2.334983
206577	8.1375065
206578	-1.621133
206620	-1.8993338
206701	-4.133099
206790	-0.7986787
206791	4.496701
206793	-2.7694836
206865	-1.432827
207055	-1.4197685
207150	-0.94673437
207162	-0.8172753
207226	-1.8858088
207233	0.7139099
207254	-0.9235265
207278	-1.8835348
207324	-3.5681047
207348	1.378332
207395	-0.71319234
207417	0.8051058
207438	-0.9177794
207447	2.9294603
207470	-3.1003342
207490	2.5351708
207566	-0.71279943
207581	-5.7718015
207587	-0.6323641
207597	3.3984432
207600	-7.9236298
207630	-1.1959475
207661	0.23333256
207671	-7.331773
207733	3.1300056
207791	-2.2156293
207801	0.5110024
207830	1.3599657
207831	-2.9527912
207882	-3.9935892
207925	-2.0775733
207934	-2.9518654
207953	-0.611491
207994	-2.286211
208000	-3.85799
208015	4.5386453
208019	1.678266
208035	2.5782597
208040	2.4505067
208070	1.4482722
208124	-5.988477
208243	-0.62239325
208248	-0.83248055
208317	-1.4274714
208429	-3.3140714
208435	-2.085696
208450	-0.98338467
208470	0.77147657
208559	8.39467
208795	0.02334031
208876	0.07423979
208892	-0.23882678
208905	1.8355143
208923	-0.82831603
208934	-1.7462509
208966	-2.6851437
209023	8.651968
209048	-4.6767373
209055	0.21490727
209286	1.4009613
209293	4.0391145
209337	-13.228516
209340	-9.286385
209361	1.9447757
209400	0.88412064
209411	1.28779
209429	0.52584666
209533	0.88586575
209544	0.90087575
209746	3.5438197
209767	-1.2372925
209836	-0.9557098
209838	-2.0177922
209881	-0.8242636
209980	-1.3553016
209983	-4.726619
209984	-1.654254
210168	-2.0797756
210201	-0.7807751
210202	-5.005212
210210	0.4127516
210221	-0.9983805
210271	-0.9547751
210379	-3.3982303
210404	-0.13170788
210536	0.22511831
210589	0.9591931
210616	-1.8306676
210646	3.154615
210716	-7.460832
210729	-3.6924386
210846	1.8149817
210853	-0.54928756
210878	-0.8965935
210973	-2.9026823
211051	0.52072734
211080	5.730095
211132	1.1484485
211249	1.1335698
211281	2.9185536
211338	-0.9459247
211379	-0.90314096
211414	-0.94821715
211486	5.0537567
211515	8.093491
211674	0.18608361
211709	1.8337458
211732	-0.426526
211798	1.9666811
211843	-4.160887
211896	-4.7281384
211945	0.2610507
211994	-2.3737302
212021	0.12965564
212151	-5.076596
212195	-2.8455017
212232	0.8771416
212247	0.02204413
212379	-1.4020754
212394	-2.9170446
212420	-0.9994783
212512	-0.48851728
212544	-3.290682
212579	-2.4330397
212637	-0.66470546
212701	3.7694414
212711	5.2305307
212766	-3.5795655
212912	4.6128516
212949	-0.68872
212962	-4.020678
213103	12.954078
213201	3.0745559
213220	-8.447162
213255	3.3123567
213415	-1.1148425
213446	7.7721195
213548	-1.4762026
213581	4.3833175
213597	-0.82955825
213636	4.6347218
213647	-2.2297926
213652	0.49765727
213671	-0.790364
213725	-0.50545335
213733	0.30306002
213812	-4.4219275
213825	-2.1576362
213849	0.82032824
213982	-0.9701558
214013	1.5850326
214026	-5.073788
214101	0.9235442
214168	-1.472822
214180	-2.3519373
214209	-2.0463157
214254	0.97275954
214260	-1.6495535
214267	0.7368447
214284	1.8410845
214307	8.541799
214326	0.29419473
214368	2.5145717
214453	1.9493903
214518	1.7570119
214531	-4.1355376
214595	-8.178474
214638	3.971358
214645	-1.0119274
214666	5.318103
214719	2.0940707
214751	-7.0315995
214803	1.2890016
214941	-1.0913829
214979	-0.9701558
215079	-0.7114406
215114	-2.440536
215154	-1.7177896
215238	1.489353
215257	-0.9317782
215262	-0.5134301
215278	2.1265972
215331	-4.0644054
215355	4.02674
215418	-0.7208622
215430	-0.7114406
215673	5.252134
215678	4.8007965
215692	-9.369663
215697	6.778101
215713	-2.4298472
215766	11.728328
215790	-5.444383
215822	1.8225318
215919	2.4917727
215923	5.917373
215954	4.2696257
215957	-0.7777463
216010	-1.8105155
216064	-4.3543744
216147	-3.3167922
216148	2.2252092
216209	-1.7433083
216271	-0.95275456
216301	-2.664383
216335	-2.430434
216367	-3.63713
216418	-1.861173
216423	-2.0116606
216429	-5.2436466
216459	6.1581693
216492	1.1698955
216499	-0.9481568
216501	-0.99105847
216543	6.795315
216548	-1.9175682
216582	1.8424157
216658	-3.7761672
216706	0.95333797
216744	-10.551429
216928	-4.312414
216934	2.3345983
216936	-2.3076482
216991	-0.6789174
217141	-4.542488
217288	-5.609344
217329	4.778534
217333	3.8209944
217363	-1.3577791
217413	0.6385064
217426	-1.8753544
217433	0.0576138
217452	-6.898461
217453	-2.6969566
217562	-1.3903449
217576	-3.2880583
217764	-0.522833
217796	-5.4189153
217804	-2.268928
217806	3.2318945
217842	-2.9679956
217853	-0.9525414
218000	-2.1515467
218011	-2.066837
218062	-1.176783
218143	2.419239
218153	-0.21143857
218199	6.7785006
218292	0.22923529
218302	1.4753605
218323	-1.4390553
218378	-0.5940311
218446	-6.2001348
218473	-0.485123
218536	-3.8734396
218588	-3.463507
218593	-4.2096066
218634	-0.85983175
218668	13.9659
218674	0.6286338
218676	-0.97031176
218752	-1.5370775
218757	-1.5464863
218795	-4.1776686
218836	0.5963959
218870	4.1068263
218875	-1.1180388
218926	3.3162065
218932	-0.97174925
218965	-1.1695726
219069	8.374504
219101	2.4769907
219109	1.7347523
219172	6.954236
219183	0.9998856
219186	-0.9381298
219192	-3.7794037
219316	-0.41333723
219380	11.3081
219429	0.86297053
219515	-0.68162066
219544	-3.7566333
219554	5.027892
219621	1.6984934
219627	-9.750251
219683	4.838978
219689	3.475057
219801	-2.4613998
219973	0.85940325
220028	-2.5822012
220062	3.9527075
220063	-0.3147242
220278	1.2747179
220440	-4.186415
220497	-10.307671
220622	-0.9869315
220647	8.437299
220685	-16.250021
220833	1.6349646
220933	-0.32699925
220940	-1.2802022
220958	-0.37115124
221031	5.2512927
221038	-0.71279943
221068	-0.7863603
221104	3.7509544
221154	0.47369114
221186	-0.5940311
221215	-3.0339346
221234	2.0408525
221244	5.760562
221255	5.0462627
221325	-3.376296
221367	-13.529192
221390	2.7664986
221405	-0.505639
221539	5.7578855
221622	-1.6217223
221745	-0.6528556
221768	-1.4580544
221793	-0.84580976
221796	-1.8498503
221965	0.9910623
221991	1.8923951
222068	-2.1549141
222079	-2.345653
222090	4.542571
222114	0.74182904
222360	-3.7313235
222443	1.8660128
222503	-1.6006061
222553	3.7023416
222589	-2.771216
222598	-0.7597304
222672	-1.8927283
222673	-2.7966557
222734	-1.1971072
222805	-3.8613515
222938	-3.0374649
222945	-0.9618748
222970	-1.4854008
223018	-5.244518
223033	1.9796133
223050	-1.7692287
223073	-0.6321861
223118	-0.62682104
223125	-0.59635484
223264	-0.23189195
223357	0.8873681
223363	8.345763
223373	-1.2079335
223453	-2.0603166
223493	5.9587007
223495	-0.72513026
223512	-1.977245
223536	0.7463911
223583	2.6907613
223602	-4.536445
223666	-1.2858471
223731	-5.943289
223784	-5.7264895
223854	-4.9313793
223886	-1.673355
224037	2.5565734
224149	2.7808015
224180	-0.85456544
224193	-0.78929424
224289	-6.8131332
224297	-0.99904776
224306	2.1636941
224345	-0.8813256
224412	-18.444801
224584	1.9159082
224603	2.6936846
224643	-1.7202144
224847	9.921672
224881	-2.4419043
224899	-1.6297187
225019	3.9423096
225160	-2.0159266
225233	0.8283334
225276	-4.1137743
225282	4.6309695
225456	-1.059585
225488	-0.3349239
225537	-1.9016653
225601	-0.485123
225639	-0.89988905
225717	-4.8895936
225749	3.6750076
225835	2.3791554
225841	0.10672247
225889	9.982815
225891	-4.4250154
225951	-0.85736704
226021	3.6750076
226078	-0.6379172
226103	2.4142914
226347	1.6018548
226386	-0.48873466
226401	-0.5335611
226485	-5.3494425
226496	-0.13849533
226521	-2.0232344
226538	6.2486672
226587	3.584357
226662	-2.5328543
226724	-1.8407258
226759	0.3207184
226931	8.830064
226948	-0.8807536
226988	-0.3795556
227022	-18.11919
227023	15.336508
227074	12.64451
227282	-0.65132505
227306	-0.7239793
227337	1.3528175
227345	0.9985977
227383	5.193561
227400	0.83068883
227457	5.9917693
227458	-0.92369545
227575	1.7810209
227594	-1.0751452
227631	4.8785768
227699	5.198962
227763	3.0766938
227769	-2.0959048
227783	-3.1143026
227886	-1.8804994
227892	10.565553
228064	-1.4034132
228134	0.91407156
228135	0.037528314
228148	-2.900086
228169	3.8167775
228204	10.3665905
228244	-15.758495
228288	1.7277138
228307	-1.8218004
228312	2.6164627
228327	3.081202
228344	0.8841801
228379	-1.5158303
228453	-0.39249405
228467	-0.89738274
228499	3.8542523
228554	-0.49083388
228569	-0.8952992
228639	-5.6708984
228673	1.1362158
228742	3.5002146
228756	2.6426673
228762	2.634847
228814	-1.233834
228880	1.9527844
228928	2.1860793
229010	0.93804795
229011	12.4490385
229074	-7.202429
229158	-5.7940474
229178	-6.5753355
229191	6.6685967
229197	-0.17934571
229214	2.0354228
229323	1.4154489
229369	6.3644576
229403	-1.2615923
229503	0.51284796
229509	-4.73987
229541	-1.1954255
229583	-4.430878
229593	-0.5557937
229633	1.8326548
229676	3.268383
229758	0.74847555
229772	10.3191595
229798	-0.53938156
229802	2.6629648
229804	1.2868516
229938	-1.5158303
229975	3.29459
230001	-4.5759726
230028	-16.312763
230029	-0.92585987
230039	-1.5593952
230068	-3.5567443
230108	4.6191244
230187	-0.031248756
230192	3.7126198
230214	2.8309946
230233	1.0217459
230273	-2.485854
230304	3.000485
230344	-2.4651701
230373	0.53311306
230379	2.2097063
230411	-1.916404
230419	-4.6656647
230498	-0.73547524
230558	-0.95688444
230643	0.12912674
230674	3.2998877
230739	6.3728123
230814	11.044339
230860	3.5898612
230898	6.8477883
230997	0.76575166
231057	0.30185837
231113	1.4767997
231327	-0.8247304
231373	-0.04744938
231458	-0.8534378
231492	3.0844831
231513	3.295995
231605	0.7635683
231614	-0.64376885
231649	2.2884047
231684	2.8325832
231744	0.7822528
231768	-2.125354
231867	-0.48873466
231892	-6.570382
231927	-1.9672155
232023	-3.5434744
232059	-2.4336252
232203	-3.581776
232208	-0.9541863
232261	-0.99710554
232317	-17.131372
232437	4.6819015
232479	1.0379725
232603	-0.6755859
232638	-3.477719
232657	3.656583
232701	-4.3841724
232720	-2.142582
232739	5.003006
232755	-1.2977614
232785	5.0337343
232795	0.94316894
232814	2.6473572
232857	-1.3540174
232893	-1.5062621
232914	1.99674
232989	-9.12521
233013	11.670347
233021	9.226287
233038	-0.63378716
233073	-7.0171223
233103	2.2816007
233269	-0.8076692
233284	6.258074
233298	-2.2481916
233312	-2.3956814
233424	6.1917324
233458	-0.9967759
233473	-3.446626
233508	2.2590718
233532	4.257036
233607	-0.7300484
233719	4.262165
233727	-4.786697
233821	-0.2525605
233824	1.0848528
233859	-2.0288787
233866	-0.58888113
233883	-1.3065574
233908	-0.99961996
233960	-5.792522
234019	2.4442532
234122	-1.4895567
234148	-6.92342
234154	0.9961385
234223	-0.9552189
234231	-0.8616174
234251	0.7463911
234294	6.6976104
234343	-2.7174025
234434	1.3367306
234469	-0.86507267
234477	-1.1094582
234530	-0.8175566
234546	5.015214
234569	-0.9816893
234589	-0.98524034
234603	-0.8559891
234669	-0.6455855
234729	-10.529033
234813	-2.9319441
234830	2.8986957
234837	-3.7102547
234863	16.383774
234869	-3.0770657
234876	0.9918974
234989	3.0123956
234998	1.5706756
235022	0.8081051
235023	-2.2237659
235024	2.7659557
235089	-0.6854123
235118	-1.6568491
235138	-2.3486924
235158	-1.1330795
235164	0.6297465
235267	0.72809
235314	-0.50627494
235457	0.1367303
235478	-0.7825368
235529	2.083068
235587	-1.5330554
235599	9.568812
235639	2.4262555
235683	2.4699342
235688	-0.94513386
235727	-0.9911658
235749	2.0918174
235766	-4.2074027
235863	-1.8737218
235894	2.166206
235922	2.0700932
235962	1.0848528
236034	-0.9816445
236058	5.381475
236123	-1.9541914
236168	-0.99576163
236329	-31.726604
236332	-0.47405702
236395	-0.9422641
236399	2.641023
236416	-0.33576837
236423	-1.4547569
236465	3.3123567
236469	10.329588
236491	4.8144593
236553	-0.4906865
236558	3.7694414
236568	1.5022372
236587	-0.1879227
236659	-2.3046186
236698	-3.2738943
236732	-0.90434116
236858	-0.9106255
236904	5.6426167
236970	3.1439557
237044	-2.7853074
237097	0.10274346
237100	5.902584
237102	2.9029105
237116	-4.574376
237193	-0.7008514
237243	0.9443115
237304	0.74228925
237339	5.765584
237379	15.190359
237425	-1.137281
237473	-0.21915616
237603	0.78779286
237653	0.24832174
237728	-2.053416
237754	-0.9726998
237767	-0.14812054
237772	-1.9688659
237774	0.8306172
237806	-2.8534505
237814	-1.1664143
237904	-1.1094582
237908	1.244301
238028	0.34607023
238069	1.5472723
238088	-2.6420305
238104	3.3123567
238146	-4.5949206
238163	-3.8361137
238209	0.3679692
238226	-0.9525414
238241	-2.8444402
238343	-2.9575257
238489	-4.26561
238504	5.4032493
238598	3.4332907
238638	-0.6017993
238700	-1.684558
238715	-0.8367239
238761	-0.7759281
238801	0.795973
238907	-0.9557559
238958	-2.1554995
239004	3.4159508
239016	1.2805058
239033	3.6077027
239049	-3.096521
239073	-3.1486335
239123	-0.77333736
239145	1.7799561
239178	-1.7604754
239246	0.77063376
239259	0.8073922
239444	-3.4764287
239468	5.269103
239580	-10.042149
239602	-1.9478556
239603	-1.4853538
239634	-2.3193288
239731	-1.6763048
239750	1.0352333
239809	4.504018
239832	-0.7239793
239848	1.8615636
239874	-1.3577782
239879	2.1611896
239903	9.265741
239943	-1.3176242
239996	1.5007831
240015	5.1422453
240052	-1.5307598
240166	-4.4852304
240177	-0.08704724
240197	3.8642516
240309	-1.0542381
240314	0.68844223
240321	-0.93886113
240338	-0.4680875
240378	-1.2783148
240450	0.86297053
240483	5.25935
240487	1.655876
240558	5.6445956
240601	-3.0242944
240612	1.6031411
240744	4.3621674
240851	0.42266953
240907	-0.94841063
241002	-0.35715798
241068	-9.911993
241104	2.9075158
241114	-26.555737
241122	3.6805522
241133	-3.2055666
241148	-0.43129846
241185	-0.7786173
241208	4.9847426
241286	-4.3776126
241299	4.683187
241318	-0.17483486
241348	3.2636955
241456	-2.2458758
241514	-0.9983805
241539	4.3704696
241587	-1.3805602
241629	1.4644628
241643	6.012222
241672	1.6582464
241906	-2.959517
241941	-4.515699
241946	0.42753372
241947	3.6588852
241992	1.1006566
242003	-0.9741714
242008	-0.93989
242078	-4.082006
242141	-4.5650096
242164	-2.316473
242208	-1.7208549
242367	-0.7969232
242381	3.1539686
242466	0.9818177
242484	0.81189805
242652	0.9564453
242658	-3.4867797
242719	2.7951596
242744	0.6943465
242776	-1.0069876
242808	-0.16252132
242892	-0.30671793
242896	-1.9094467
242898	-0.65132505
242910	0.29419473
242919	2.2827563
242959	3.3117523
243028	-2.9477723
243237	9.427545
243297	0.22944383
243354	-2.709514
243394	0.051108018
243455	-0.8452007
243513	-0.6576949
243528	-0.9913281
243646	-1.7572062
243732	-2.085696
243762	-0.922949
243809	2.265563
243896	-8.46851
243898	-0.74628794
243963	-3.3570838
243993	5.4773297
244054	-0.93625474
244081	0.7691607
244107	1.3832656
244124	-1.3987539
244162	0.12879993
244167	-5.0434217
244265	-4.789191
244333	3.695048
244383	-0.7648689
244516	2.8981416
244548	1.2618654
244597	0.3710339
244688	-8.375269
244776	3.5906172
244785	2.6647794
244818	-1.1815299
244946	0.85213995
245071	9.585697
245116	-2.7115629
245268	-0.7053434
245334	-4.486339
245350	3.9381075
245386	7.1600695
245429	-0.83248055
245472	1.1282581
245475	-3.9258423
245498	11.503781
245527	-0.25738195
245612	3.6392317
245638	-1.6321566
245655	-2.3193586
245668	1.4836382
245688	3.646682
245780	3.9077528
245816	5.522619
245821	-0.35998595
245853	1.991096
245889	-0.9816893
245937	-0.018171793
245946	0.9919648
245979	0.7418088
246047	-0.9999849
246084	-0.29130247
246106	3.7780786
246123	-2.2774315
246206	-1.2101848
246222	1.3602211
246225	3.8453946
246263	0.88045573
246273	-0.9141419
246288	12.305471
246291	1.7256557
246304	1.843584
246311	-4.653402
246335	0.5963959
246337	-1.7684609
246414	6.6685967
246556	-1.7030629
246558	5.871131
246578	2.232587
246634	-1.7028016
246676	5.23845
246708	4.6902843
246734	0.7441186
246777	0.4988757
246803	-8.497039
246973	-1.095053
246993	-2.4769325
247012	-1.001193
247037	-0.9351369
247152	8.303243
247238	1.7137842
247250	-1.5696658
247291	-1.2113006
247309	10.144321
247433	-0.99923825
247461	1.5202698
247494	-0.8984333
247527	3.9032059
247587	-0.021045465
247595	-0.95174557
247641	-9.704701
247733	-2.4333496
247762	-4.0100923
247781	2.7723434
247813	4.991487
247843	6.632233
247874	-0.68346655
247887	-0.86873907
247907	1.1134909
248022	-7.995721
248025	12.954078
248043	-2.600133
248059	-0.9975961
248115	-2.913911
248156	16.002995
248178	1.2200017
248190	1.5699852
248194	3.8978775
248246	8.341801
248252	0.05542875
248288	0.6786901
248313	0.36240348
248377	-0.89695424
248398	-0.86921984
248423	0.94492793
248448	-0.54261374
248460	1.9666811
248464	3.5695462
248496	-1.0512322
248517	0.8843257
248577	2.2355917
248596	-2.1066916
248603	-0.65296096
248677	-0.62239325
248681	-4.0448856
248740	0.80010456
248777	2.2060251
248877	-1.3903449
248892	1.1823704
248934	1.0481995
248952	2.8333964
248973	-2.4902582
249067	-1.7304815
249076	19.007183
249133	-0.6800028
249152	-1.5157393
249240	3.829561
249256	0.90043545
249301	3.0805912
249317	3.2454278
249327	3.5551195
249351	-3.1007707
249417	-0.95754725
249428	2.5821562
249459	-1.6713986
249483	5.5860634
249502	4.3985724
249577	0.9169349
249620	-1.5119679
249694	-0.98549753
249736	5.5521255
249762	-7.1386304
249894	-0.7244033
249908	-0.6078107
249935	-0.58310676
250007	4.3287783
250082	4.727464
250156	1.5265278
250171	-2.4701393
250197	-7.0332327
250248	1.0301648
250287	-1.1975074
250320	-0.9120342
250329	6.6391797
250348	-0.8458154
250372	1.4335798
250375	-0.86921984
250411	-4.19162
250466	-2.9484494
250478	-2.3420806
250549	-0.6222348
250565	1.8046204
250573	0.76877916
250635	-2.6969566
250722	-0.98418033
250747	0.9850626
250754	-0.5184763
250769	4.917664
250778	-14.726051
250783	-0.7367051
250884	2.9636376
250901	-1.6456002
250908	0.26790392
250996	6.477865
251020	-0.8743147
251057	-2.9319956
251070	2.2252092
251157	5.9901686
251173	-0.9913281
251189	0.68412995
251308	0.0576138
251343	-6.742481
251392	1.3572153
251431	-0.4252254
251460	6.484411
251461	-4.278997
251508	-1.6281137
251510	-8.504818
251541	1.9883915
251664	5.6395426
251677	1.6852306
251692	2.4449222
251726	-6.3831778
251748	-0.97254604
251778	9.167653
251827	2.8117976
251836	4.775158
251892	10.270834
251919	-0.9937011
251940	2.1265972
251959	-1.706228
252069	-0.93275434
252076	-0.47840795
252155	-5.812148
252213	3.691901
252262	0.8192336
252301	-6.47177
252372	8.139064
252375	-2.4298472
252380	1.5151438
252439	-0.3210117
252444	-0.99923825
252458	-3.1851466
252595	-3.5013878
252648	1.1979702
252663	2.3614316
252697	-0.74749756
252704	-0.90946656
252773	-2.9234219
252807	14.895315
252815	3.457726
252846	-3.9211316
252876	5.6473117
253031	-2.3182209
253132	0.53691727
253139	-4.1353917
253208	-0.73986304
253250	-19.616673
253311	-0.66045064
253364	-0.38637108
253381	1.4934067
253406	-0.9205941
253417	7.220228
253449	-2.0613716
253518	-3.3564215
253567	-6.8746905
253574	1.8540008
253643	6.0991044
253662	2.3444698
253680	-1.621133
253685	8.040835
253763	4.698734
253767	-0.2372784
253809	-0.88208294
253820	10.282767
253901	-5.484675
253903	4.232908
253926	-1.6127901
253953	-0.96795005
253986	-0.050780103
254078	0.7529385
254121	-4.670666
254161	-1.6175108
254211	0.7635683
254234	2.1857357
254236	7.236117
254276	-2.7490468
254437	2.0000637
254495	-5.1183434
254505	-6.2095904
254513	1.557747
254597	2.742722
254669	0.99991304
254686	2.7753606
254711	-1.085046
254823	-4.151209
254872	1.3141835
254937	-2.9512746
254940	8.110334
254949	-0.4524388
254967	-1.859577
254993	2.2243145
255003	-1.1871468
255032	-3.195584
255071	5.4526777
255123	-5.466417
255138	-3.0683773
255181	3.5252187
255258	-0.9156741
255263	-0.82955825
255302	3.0493774
255307	0.6960189
255366	-0.32711494
255383	7.04606
255417	5.432318
255420	3.2777295
255426	-0.16266426
255515	2.51807
255643	-0.65895367
255670	3.829561
255693	7.484021
255701	3.0965376
255742	-3.7452846
255871	-1.6329228
255993	-0.56637686
256015	-1.0691696
256143	-0.57370925
256177	-0.7418233
256197	-0.9828225
256228	8.977847
256245	0.5399059
256253	-5.46042
256426	-2.287264
256492	0.8843257
256526	0.41914335
256556	2.6071618
256578	3.285557
256596	-0.30671793
256607	-2.5303307
256681	-0.6391941
256698	0.8383722
256755	-0.8045994
256818	5.58338
256861	-0.84477204
257047	-2.4154024
257253	-1.0730826
257466	-5.9555154
257482	4.3992496
257483	3.6043656
257558	0.6045074
257559	2.2827563
257577	2.4744112
257595	3.8563416
257690	-2.2521331
257691	1.2742885
257767	-3.7169707
257780	-4.7197824
257822	0.8007344
257917	3.73501
257993	-0.050842922
258030	-4.793444
258137	3.4159508
258176	-0.9076588
258209	-1.4035519
258215	-2.3734767
258259	-2.254782
258386	5.2512927
258447	-3.0659041
258461	-3.7833908
258465	0.9945686
258742	-0.7786173
258782	1.9744207
258791	-2.0797756
258895	-2.7354324
258900	0.7702874
258951	4.919711
258993	4.1976867
259001	-0.9967669
259036	0.8873681
259129	1.715215
259177	2.9462068
259188	-1.1795558
259217	-0.611491
259251	0.54186213
259378	-1.4576339
259418	-2.4534574
259451	-0.7950792
259463	-3.7093675
259476	0.9325572
259480	-1.0522258
259578	5.974697
259648	4.617044
259680	0.44690314
259719	0.9573997
259765	-0.09869188
259770	0.43963376
259776	1.8344412
259786	3.7226784
259848	5.3836884
259916	-0.8547244
259960	2.7142308
260006	-5.0434217
260092	1.218421
260131	2.9173298
260168	1.3120121
260187	1.4979559
260384	2.5945375
260386	-12.532601
260479	-0.43646827
260482	-3.1629045
260486	-1.0300106
260490	-1.6063883
260527	-5.120506
260578	-1.8013664
260603	0.0774458
260640	-0.92369545
260656	-5.428461
260683	-0.8939866
260786	-0.7989106
260788	-2.3675883
260840	-2.5728898
260883	-1.8428347
260917	6.0907598
260951	1.532696
260962	1.8707778
260981	-2.0951872
260982	-1.3343521
261038	-4.994101
261072	-0.42000145
261132	-5.2839675
261201	-0.7847775
261204	-0.59635484
261258	-3.7677724
261260	-2.2076297
261315	8.342706
261340	-0.9999438
261397	-3.5574496
261463	-1.0536162
261473	-0.486996
261520	5.932174
261693	3.6588852
261706	0.9175327
261733	-0.9975478
261832	0.5117084
261855	2.5160048
261908	-5.002368
261948	1.0670916
261961	2.5861704
261971	3.6486645
262041	5.9349966
262095	-5.2083063
262131	-4.897811
262267	5.157621
262306	-2.2468123
262326	-1.4440662
262343	1.8469055
262375	2.8260262
262431	-2.6108968
262434	-0.7863603
262449	-0.7597304
262509	4.218276
262529	-0.20645243
262541	-3.4804144
262590	-0.7032214
262657	-7.0050445
262658	-1.1651883
262670	5.0999827
262702	-3.7767375
262767	-6.001147
262778	0.7210076
262825	5.0702176
262866	2.7685153
262996	-4.24333
263092	-5.447579
263109	-0.83905214
263137	-0.7409383
263151	-4.4250154
263161	3.9767675
263171	-0.3644257
263188	-1.7226586
263213	-1.877403
263232	2.1066735
263236	-6.404382
263309	-1.6913913
263361	-1.6826926
263454	-1.7124938
263541	1.2527605
263572	-5.4933553
263637	0.94348377
263667	-4.441838
263732	2.000776
263742	-0.87788343
263821	-1.795266
264111	-1.3763063
264136	-3.4234517
264177	2.7400818
264252	-3.3982303
264288	2.5473664
264442	-1.7144303
264481	-1.4502212
264537	-1.0960658
264555	-0.04744938
264611	-2.3701239
264681	0.9918974
264740	-3.5013878
264765	-1.4315615
264872	-0.75403553
264877	-4.1248837
264916	0.5776304
264972	-2.2736008
264990	-3.5567443
264995	4.416121
265033	-0.95571077
265034	-0.9547751
265175	13.489766
265200	-2.987957
265225	-0.5495884
265268	-2.4034004
265282	-0.98820174
265312	-1.4603043
265330	-2.9922495
265341	-0.5446956
265351	-0.31622875
265354	-1.0438612
265407	-4.0996876
265427	-1.2564901
265461	0.4894246
265635	2.4070797
265661	-4.770156
265675	8.507728
265696	7.153898
265710	-0.19647813
265747	-1.5562694
265842	1.7841946
265865	2.0523963
265919	3.0914557
266040	-0.47598562
266182	-2.3615716
266221	-0.39330536
266250	-1.8356613
266295	1.8326548
266300	2.2383327
266311	-0.09020406
266344	0.9209113
266441	-2.447465
266505	-0.8001915
266524	2.9022408
266531	-1.0353923
266542	-2.8665698
266545	-8.55003
266566	-3.4970598
266612	-1.618926
266617	-0.78536224
266646	2.5635858
266712	3.755661
266727	-11.755008
266735	2.453717
266746	-0.063825384
266779	-2.685468
266837	-0.34848684
266940	-2.493368
266954	-0.95127875
267025	-5.429563
267047	3.6955848
267052	-2.53137
267150	2.2333336
267162	-6.6219463
267170	3.0554132
267181	6.4737015
267214	1.5263425
267273	1.5890591
267344	-5.3026757
267364	-0.07273157
267401	-2.057408
267441	-3.693377
267447	-0.95056635
267465	2.1116812
267487	-0.6523974
267488	1.7705357
267526	-0.29374212
267605	-30.354548
267649	-8.808418
267655	-1.850829
267696	2.2873886
267753	-2.4354992
267784	1.8810496
267922	-0.8519178
267935	4.004393
267982	3.0391889
268035	-0.32699925
268051	-6.869165
268131	-6.429223
268311	0.597665
268331	-1.618926
268335	1.7794302
268343	-0.1602926
268353	-0.8314325
268357	12.238174
268358	-1.5334325
268364	0.6084709
268368	-0.8719248
268433	-4.7879395
268534	0.97127545
268542	-6.391311
268566	0.2000513
268584	-5.5816183
268649	-0.068038896
268678	-0.9803983
268680	-0.7737003
268746	-0.8791767
268792	2.9299788
268826	-0.987713
268831	2.1067367
268896	3.1301332
268905	-0.3147242
268921	0.23139676
268954	1.6175197
268956	1.2888324
269001	0.10158895
269022	2.4141147
269129	-7.3846483
269227	-1.9718548
269266	-0.6017993
269278	-1.6811798
269303	5.9938626
269345	-10.086364
269350	-8.794171
269436	4.63652
269564	-3.206242
269606	-2.7494574
269640	1.5422698
269647	-0.99990034
269662	-5.2400165
269780	9.998321
269791	1.9961879
269849	-0.61382735
269871	-1.7687812
269960	1.3946753
269988	2.1408737
270041	1.7405046
270083	-3.0103774
270092	-0.85753965
270097	3.047957
270131	-1.7702743
270136	2.6900146
270139	-3.997775
270176	-0.9795223
270215	7.250098
270223	0.5597318
270226	-0.15388133
270280	-1.1733603
270306	-2.209993
270348	-1.8092728
270420	2.1400342
270460	8.269785
270466	-1.0604635
270516	-2.6704957
270532	-0.80187327
270571	4.6397343
270574	5.246315
270604	0.4864986
270608	-5.320118
270636	-4.7292886
270645	-1.4390553
270661	-4.320854
270709	-0.36831883
270738	-0.80004287
270871	0.049556505
270911	-1.803212
270913	-1.3857102
270921	-0.9333557
270945	-3.3381617
270967	-1.6850694
270968	-1.3253936
271006	-0.31808698
271043	0.88241434
271156	-0.5017523
271176	5.8044143
271212	-0.99359703
271267	-1.4949708
271290	2.4139414
271374	5.0543227
271402	1.2854601
271403	0.43344668
271406	7.727117
271441	-0.28756866
271478	0.90568376
271520	-0.2792864
271531	-2.8284268
271611	4.222673
271636	3.4853709
271725	2.3890882
271750	3.22312
271760	3.1145215
271809	-3.0100422
271837	2.2560382
271838	5.209734
271841	3.0577514
271913	3.2403114
271955	-6.6789465
271966	1.532696
271993	-0.99322265
272046	4.6267433
272198	3.583833
272226	3.154615
272238	-0.62000024
272280	6.5634503
272390	-3.078438
272395	3.162603
272422	0.42486414
272460	-0.5553622
272464	6.9148154
272481	2.9623299
272513	6.870143
272534	3.1074195
272620	2.0779626
272682	-0.38112813
272685	1.6143988
272777	4.207546
272825	10.338979
272846	-0.5594335
272895	-0.9466664
272946	-0.6082786
273012	-0.9853783
273055	2.2107096
273056	5.7323737
273068	1.8637354
273096	-0.3559209
273106	-0.5097164
273114	0.71562207
273142	1.697883
273149	6.009498
273255	-2.7966557
273267	0.49503377
273268	1.0721122
273330	-3.956544
273391	4.023017
273421	-0.37664068
273442	0.9865844
273452	0.8593021
273459	-0.10412568
273490	-0.8719248
273531	-0.77852505
273543	-0.7125358
273577	2.404922
273585	10.097817
273607	-0.8924303
273706	2.811106
273765	2.0752146
273786	-6.277195
273816	-0.7011914
273826	-1.4686815
273943	-0.9892332
273976	3.9032059
274008	-0.0034464158
274012	-0.9130825
274013	-0.027479032
274070	4.563229
274148	-1.9549518
274368	9.577662
274442	-4.789191
274447	0.3286532
274448	0.5990907
274453	-0.91458386
274455	0.9052455
274505	1.1628113
274576	-0.779462
274618	2.4509625
274635	0.89953667
274640	3.0829747
274746	-0.89148265
274764	-10.130395
274826	-1.2727307
274831	-1.5024291
274882	2.039947
274883	-1.3010607
274924	-4.74355
275000	0.52203655
275008	-8.028778
275011	3.1563225
275029	3.986838
275046	0.48625726
275070	-2.2712972
275096	2.312196
275125	-1.6998221
275199	0.73224103
275230	0.39116138
275271	0.23244904
275356	-1.8316851
275375	7.6126213
275384	-4.348494
275443	7.447691
275446	1.3407177
275467	7.3479795
275500	-1.7837671
275505	-0.1195942
275531	0.8087394
275605	-0.53055626
275634	7.1748586
275678	7.410841
275701	0.9945078
275706	-2.0193808
275739	-2.7302256
275752	6.194845
275753	0.05542875
275760	-0.4295957
275810	-1.5121251
275819	8.240051
275828	3.6891181
275843	-0.5302324
275845	-0.9924705
275870	7.1040616
275878	3.4918785
275902	-1.6256514
275912	-6.219004
275940	-1.3805482
275966	2.7170103
276026	4.175189
276141	2.5338905
276143	-2.440536
276165	5.1820254
276187	-2.9472833
276188	-0.50886106
276196	0.70268047
276216	-2.5496147
276226	-0.98528934
276229	-3.4125297
276276	1.8785973
276291	0.36200595
276360	4.785716
276375	-0.61969054
276401	-5.6467433
276414	4.6829433
276566	5.375045
276576	0.36640865
276581	-3.8422966
276600	-1.3324882
276622	-0.48379257
276698	4.8487854
276715	-1.8507466
276740	0.597539
276748	-1.2398515
276751	-6.864657
276772	-3.2629135
276803	1.5887338
276810	3.4763954
276961	-2.2784634
276971	10.414172
276978	0.62938815
277011	1.8923951
277035	-6.5753355
277057	4.3045845
277058	-3.475966
277075	-0.78027403
277086	-2.072116
277096	-1.0496378
277115	7.3541055
277118	-3.2055666
277133	0.13593797
277140	5.2969275
277161	1.5234904
277175	5.2674584
277186	-5.2098513
277419	-0.4634665
277446	-0.97007614
277492	0.56240594
277493	-0.9869151
277510	-0.35998595
277550	-3.191338
277592	-1.7570035
277613	7.678558
277741	3.8754725
277888	5.021865
277927	3.2859242
277935	-17.780449
277945	1.9443902
277952	-7.177074
277985	-3.7961469
278045	3.4435472
278053	0.34061837
278061	-3.4323282
278099	3.3706906
278107	1.7094206
278115	-0.79877025
278120	-2.4694664
278141	4.440303
278288	-3.6947083
278362	-6.3996606
278401	-1.6063883
278414	5.841264
278534	5.149547
278550	1.77565
278659	-1.1574305
278797	-3.9501088
278816	-0.5841686
278855	1.2230355
278897	1.3763843
279114	1.4139801
279158	-3.9920382
279240	-0.6252082
279271	-2.0129654
279350	6.195816
279420	-3.610917
279555	4.838978
279593	-2.8911033
279621	3.762058
279645	-3.1225338
279667	-3.0099456
279668	-1.2418212
279685	-1.3286233
279706	1.7016528
279725	-1.7030629
279734	3.9644911
279775	3.3682234
279796	-0.7574116
279923	0.9349967
280046	-1.1099805
280056	1.8367195
280102	-5.9109364
280103	-0.90432733
280148	2.5374725
280220	7.736579
280228	-0.40595475
280231	2.7952285
280249	-7.5753694
280252	0.6124066
280295	-0.97007614
280313	-0.9120342
280402	5.360023
280419	11.160235
280463	-4.1710167
280475	0.05101738
280491	-5.657966
280537	-6.9404163
280544	0.93257785
280566	-3.2099798
280595	3.460263
280660	-1.0362859
280663	-0.9557098
280673	-2.9842165
280709	-2.9751089
280756	0.97136146
280764	0.85885555
280830	0.008991299
280837	2.953134
280898	1.536424
280923	-7.537195
280950	7.7721195
280972	1.3101221
281001	3.6143737
281014	5.3128967
281030	-4.4935703
281049	-3.6924386
281059	-1.7684609
281160	1.4433515
281201	-1.6278558
281284	-3.1446831
281342	-0.9908092
281357	-1.406031
281361	-4.091142
281373	-0.9060638
281387	5.427664
281407	0.4576961
281425	-1.857197
281453	1.8401906
281465	-0.22377092
281498	0.9118476
281519	2.7142308
281525	1.3822651
281536	-1.5514219
281554	-3.5156276
281579	-4.6608953
281595	0.84710276
281613	5.864571
281634	-0.9611569
281703	-0.506373
281828	-1.5446141
281842	0.93550223
281900	-2.1287558
281968	6.5086994
282006	-3.8174727
282030	9.714529
282093	-0.4569082
282138	-0.92678946
282277	-0.21764609
282413	1.3204553
282448	-3.443526
282539	-2.177553
282570	3.2859242
282645	0.30306002
282708	-6.779147
282715	-1.0119274
282754	-0.95571077
282770	-0.21030727
282776	-0.5861902
282797	2.8582473
282812	-0.3689483
282820	1.1728722
282838	-2.1941495
282841	-0.43646827
282851	3.0805912
282870	2.5473664
282996	-1.3665531
283005	2.6453798
283035	-2.4245048
283125	5.393432
283136	-3.667734
283147	-0.08655371
283155	5.5248303
283165	2.9148033
283176	-2.0946126
283188	2.713352
283205	-2.608583
283300	0.013912961
283426	-2.3355608
283440	3.5938852
283582	-2.0951872
283600	3.8241544
283611	4.1903863
283682	-2.830037
283700	-0.5484591
283708	-5.5648613
283754	0.6729344
283841	-0.99105805
283903	-0.95907927
283905	3.199862
283983	-0.5731693
283995	0.9239316
284005	2.302952
284006	6.0417213
284017	-1.8829724
284125	0.22175461
284219	3.3634777
284223	-4.732463
284296	-2.1258485
284334	-0.99513084
284378	-0.39086848
284428	2.713096
284441	4.5293403
284452	-3.3525176
284529	5.375045
284570	-3.2251601
284578	-6.7754292
284581	-4.552934
284624	2.4228663
284699	3.8958
284769	-5.4955435
284875	-1.8776178
284876	-0.34368363
284887	-0.08911181
284912	9.881391
284976	-0.5313963
285005	9.908802
285034	5.193519
285166	-0.70098823
285182	-3.3982303
285187	-0.8311829
285204	6.779069
285230	1.5435203
285300	-5.4189153
285310	-0.34527585
285311	-0.41960666
285317	-0.65544736
285347	-1.3303361
285380	-0.9984988
285399	-0.7114406
285447	1.372193
285448	5.221373
285493	-2.8492925
285517	-0.8054693
285595	0.5361498
285605	1.8649398
285644	0.6157554
285703	-1.2310086
285746	-1.4127119
285774	3.3284926
285792	-0.2909961
285846	-1.8708173
285904	-0.5326406
286072	-1.6374593
286181	0.26870602
286192	0.38161522
286217	-7.808922
286221	-1.5559878
286250	5.393432
286428	4.1282067
286475	-0.99692845
286477	-1.1055597
286515	7.811341
286605	2.4769907
286622	2.643543
286685	3.2569077
286719	-0.43407652
286735	-1.4438968
286756	6.989049
286833	-3.8115494
286863	-1.2830794
286944	1.5079923
286955	-2.9669852
287051	-2.6334434
287062	-2.4761477
287087	-5.0895486
287120	-0.89381987
287135	6.8462167
287191	-0.8087416
287209	-1.2197489
287277	3.5438197
287298	-0.790364
287497	-2.8887532
287505	-4.7292886
287526	-1.7620404
287555	0.9247422
287556	-0.88022965
287665	2.1540687
287755	-1.8071835
287790	-0.9870791
287872	1.6115081
287912	-0.13250978
287932	1.2263651
287957	-0.28765598
287961	-0.7667835
287977	2.7664986
288159	1.6396158
288183	3.0447626
288190	4.207546
288192	-0.4211482
288305	4.088946
288307	-1.8388027
288339	-0.93308944
288355	-0.55973196
288356	6.0482826
288367	1.8186288
288425	2.8854482
288488	4.4635663
288493	-2.7735112
288514	5.298542
288583	2.713096
288625	1.354368
288660	-3.3879087
288733	-2.035463
288739	-0.51605785
288759	0.7083216
288791	-3.7436762
288802	4.609122
288808	-1.5171053
288827	4.9510317
288836	-1.0977875
288902	11.989157
288928	5.1207943
288946	2.600079
289008	-4.275635
289011	2.4656417
289174	-0.01610667
289193	-0.3766416
289226	-19.042496
289237	4.29018
289242	1.4731293
289245	3.2124925
289262	-1.4581141
289343	-0.99322265
289390	4.063084
289407	4.009524
289443	-2.126235
289446	-6.190479
289530	-0.8924303
289537	-0.37326738
289650	-1.9352362
289660	-0.494134
289661	6.0755744
289672	0.2294838
289724	-0.034568243
289772	-0.39543992
289780	-0.27944505
289798	4.237191
289827	-0.9867134
289842	4.29736
289950	3.0588768
290085	-3.3927863
290096	1.5669355
290102	-0.95100427
290107	5.7443175
290132	0.85400814
290254	-0.6722753
290316	3.8822997
290336	-0.40260172
290385	0.94841045
290390	2.28211
290405	2.1238263
290479	1.8377984
290496	3.98107
290512	-0.9996494
290530	-3.4453163
290531	1.4045482
290538	-0.99676174
290542	6.449971
290571	-0.9975478
290650	-1.807112
290712	-10.544978
290751	-0.46413687
290767	-2.1036632
290825	0.16195557
290835	0.749416
290864	-1.2394369
290931	-2.7805192
290955	-0.13548018
290966	7.3307033
290972	3.8963015
290977	0.56957734
290981	-5.917838
291012	-0.7804142
291035	-6.414263
291180	-9.712524
291186	-2.339558
291237	1.0060556
291338	-0.57252485
291349	3.2208445
291366	3.3338177
291390	2.8544533
291400	0.6786901
291401	-3.7334495
291412	-5.0474677
291437	3.8530197
291467	-2.8091166
291470	1.2032015
291609	-3.1997318
291615	4.4833217
291621	2.507358
291801	-1.0896853
291835	5.1184487
291836	1.9040084
291847	-10.612007
291933	0.9158281
291950	1.7751422
292035	-0.2681613
292056	2.9450302
292101	-0.847542
292238	-3.4629824
292247	0.8532075
292252	-0.9326827
292270	-0.9129185
292277	-0.94824225
292282	-5.1198125
292301	-1.9620708
292313	-3.1331172
292340	-1.6596134
292358	-12.133575
292470	5.116316
292491	5.830077
292655	-2.3532734
292717	-0.15731668
292751	0.99116564
292776	-0.7148367
292793	3.4233642
292843	-1.8114948
292905	-4.164667
292926	2.164764
293000	-2.297936
293092	-0.8090769
293137	0.36507747
293147	-2.8161917
293252	-2.7733388
293265	0.017995862
293273	-2.3777072
293294	-0.1172323
293296	1.1659261
293339	-3.4510496
293361	0.63524973
293433	0.99961036
293504	3.7969604
293524	-1.4483868
293527	-0.7923855
293576	6.4122634
293612	0.86978227
293645	-5.0493927
293687	3.1237624
293775	1.6585753
293796	0.5465596
293834	-0.40257373
293900	-0.81977355
293904	1.4527411
293959	2.6375601
294017	-3.3683963
294047	2.3568745
294115	1.3761512
294122	-4.858363
294148	-1.5206597
294166	4.1920004
294216	-0.6441288
294228	-2.4694664
294231	-4.6204553
294244	-4.338586
294305	2.9009602
294339	-1.479237
294452	0.91650623
294482	-7.055611
294492	0.008991299
294587	0.49276176
294601	-24.981037
294626	1.9450378
294645	-1.9745383
294666	2.3132553
294750	-1.4684262
294774	0.99017066
294779	-1.5792303
294800	5.274594
294829	-1.7509705
294870	1.8992088
294880	7.260781
294881	7.6380157
294894	1.5733067
294896	-3.0700278
294899	0.9910623
294917	4.977265
294968	-1.2405272
295036	7.3540688
295101	0.06270992
295244	-0.12932736
295352	15.451635
295362	-1.3391647
295386	-0.5673302
295471	0.9906561
295536	5.054172
295644	0.6842882
295715	-0.9980773
295740	-2.3315706
295751	3.628008
295787	-4.6125035
295838	3.997577
295902	-0.97688097
295906	-15.775887
295926	-8.405303
295950	-1.3977621
296045	-3.9494333
296091	-3.0120862
296182	0.6430441
296261	-0.38637108
296273	-1.2845802
296284	-5.3121266
296323	7.975045
296345	-0.77592826
296384	-6.1114283
296385	-1.2044787
296440	1.3681247
296514	-2.0354314
296546	-0.9911658
296644	0.91382784
296657	3.9881337
296727	-0.9611569
296758	-2.3777072
296794	-0.99621385
296841	1.8961877
296868	-1.0346047
296908	-5.293819
296925	-0.9855666
296949	-3.990274
297007	-1.0736989
297023	0.97298795
297045	2.9923937
297052	-1.9750428
297074	0.7377233
297092	-0.52616864
297211	0.9205906
297255	3.889244
297276	-3.2426744
297303	-9.416154
297318	-0.87900627
297344	-2.4671528
297346	5.2127905
297360	-1.7804034
297410	-3.6700926
297443	-1.4318569
297527	-0.3498963
297578	-4.104737
297646	-5.37475
297685	2.3781092
297711	1.2705468
297854	5.2033486
297865	-0.6181256
297877	-0.99359703
297893	1.8879174
297922	-1.4066854
297925	-3.8603802
297941	3.1391613
298059	3.154615
298073	-2.138702
298081	-1.669472
298082	-1.4462495
298146	0.99555844
298191	-0.72513026
298305	-0.88904154
298357	-10.364301
298360	0.92360485
298372	1.0755851
298376	-1.4422934
298379	1.6413866
298430	1.0379725
298438	-3.152597
298516	4.383897
298615	0.960357
298639	-1.9888332
298684	4.762833
298685	-0.4524388
298785	1.955123
298830	-0.73486674
298910	-3.2713757
298972	-2.9673839
298984	1.4715085
298986	5.3088665
299016	-4.000865
299025	0.9443115
299084	1.0513335
299100	-0.5861902
299132	-0.9541863
299140	8.994485
299182	4.831204
299227	-2.5098472
299230	8.576654
299258	-1.3343521
299260	4.381318
299342	-3.5440354
299407	-4.4328794
299451	-0.70577633
299456	-3.6377218
299555	0.75923634
299561	-0.44949642
299564	-4.408776
299662	-0.70727426
299703	-2.5902703
299717	-0.095602855
299739	0.9919219
299821	6.5223355
299832	-0.9345498
299886	-1.866775
299891	4.1804733
299991	-6.869165
299994	-0.84197146
300004	2.615825
300053	1.9933677
300057	-1.4390553
300073	0.93796027
300100	-1.2826144
300105	3.395005
300120	1.0071877
300137	-5.2360415
300173	5.860166
300176	-0.9739113
300193	0.8593021
300259	0.90637934
300260	0.62938815
300305	2.615825
300306	3.6114926
300321	-3.1735096
300326	2.9210553
300426	1.7910974
300525	0.75923634
300554	0.7635683
300572	2.199785
300647	1.4939356
300694	-0.34142783
300695	-2.2095423
300756	-1.7170323
300761	-4.430878
300826	-3.4914122
300874	-1.8281943
300922	-2.888668
300960	-2.6050103
300989	1.5706756
301007	-1.7423912
301191	-2.1145608
301202	-0.4142204
301395	-3.995146
301402	3.5825026
301405	1.59965
301418	5.9325166
301442	4.2297974
301463	-0.95140755
301491	1.1000594
301509	-0.54667675
301744	-2.268415
301837	7.534664
301996	-10.881327
302031	-13.349995
302061	-0.3608833
302192	5.767056
302223	2.6728652
302258	0.8528774
302265	-3.6075766
302290	1.5902085
302291	-6.274762
302299	0.9839939
302312	-8.074898
302369	-0.6071871
302431	-2.284421
302496	1.0408473
302541	0.77108413
302546	2.08845
302563	3.6784158
302600	-0.9894198
302614	-1.3010607
302685	-2.5692544
302727	-5.8572335
302747	-2.1891117
302866	-1.5842346
302905	-0.5298199
302931	-2.5247478
302965	1.7956961
303010	-0.91783816
303105	-1.3374059
303165	-0.10823179
303176	-5.0448585
303182	-0.9070133
303243	-0.8247304
303301	-7.7103777
303340	-0.6901149
303366	5.183928
303371	5.6084247
303401	6.451771
303450	-0.74369025
303537	0.258976
303548	-0.12815885
303553	-0.9924771
303570	-0.78929424
303580	1.9447757
303617	-2.3135924
303642	-4.1436596
303684	0.30306002
303736	1.933408
303771	1.6643132
303801	-2.8073652
303806	-8.077664
303821	1.1358224
303893	0.98780507
303905	1.4979559
303933	-0.70098823
303937	-3.4840395
303944	-6.583749
304153	-0.3441731
304204	-3.300612
304206	-3.8084283
304236	0.61714864
304255	8.955307
304340	-0.5358357
304361	-0.97801465
304394	-1.5121251
304400	-5.562722
304418	4.218276
304419	-0.57486635
304436	-1.1574305
304462	3.1439557
304606	-3.1077724
304667	0.7884415
304671	-0.6295453
304676	0.1374414
304721	-1.6995268
304784	-2.5822012
304800	-4.821874
304811	-0.81827193
304882	-2.035329
304886	10.96648
304914	3.0842352
304993	4.3287783
305041	-4.956026
305076	3.9826972
305102	-5.3746157
305106	-1.4599181
305184	2.953134
305243	2.4505067
305310	-2.8534505
305317	4.358934
305321	1.8253841
305333	-1.1148425
305339	2.447477
305440	3.167546
305476	-2.940987
305508	-11.27367
305511	-3.0706048
305520	-3.18638
305541	1.338278
305575	0.6685851
305609	5.8526516
305620	-0.99849546
305659	-0.91458386
305705	0.38858137
305716	-1.1973296
305745	2.8055816
305752	5.5120416
305756	-9.729311
305759	-0.7013495
305875	1.4680971
305893	5.0537567
305911	2.2578068
305924	1.6738272
305934	-5.56574
305955	11.609265
305981	1.6024032
306111	-0.6821971
306167	0.88823044
306172	4.4935083
306187	1.8164682
306328	-3.5984504
306346	-3.14768
306367	3.7963853
306390	-4.895069
306407	1.6842049
306416	-0.13398209
306445	-0.6019139
306457	-5.447579
306510	-4.786522
306546	9.179469
306575	-0.95282584
306622	-3.4406815
306641	-3.8801782
306672	-0.54569966
306768	4.532622
306773	-1.2741653
306775	-1.4600744
306781	4.50928
306823	-0.97808135
306825	-6.207756
306846	-3.033061
306851	3.646777
306964	5.1796703
306982	-2.8989928
306989	0.33674973
307057	4.6636467
307061	-2.595017
307073	0.99875116
307083	-4.187515
307216	7.1279573
307244	0.9052455
307260	-4.0331545
307281	1.6398458
307286	-3.1099076
307430	4.957821
307446	0.43344668
307481	-0.99961996
307492	1.0679566
307496	5.9462824
307506	-2.8435802
307634	0.052265666
307647	-0.9548263
307721	0.9991721
307769	0.13284913
307905	-2.5303307
307920	-0.47604844
307930	-7.7349715
307931	0.11444816
307968	-0.9120342
308068	2.0777907
308082	-1.3235546
308095	-0.70463824
308099	-3.7490332
308110	-3.1566863
308164	0.8427771
308201	-0.83905214
308219	-2.241468
308334	-0.85663277
308355	7.9345965
308362	-4.4507585
308365	-1.9567045
308366	-1.9498304
308463	-1.9254904
308521	-0.9461751
308534	-1.2398515
308542	-0.78828454
308547	-1.0763303
308591	-2.7521489
308699	-1.5118272
308790	0.6077495
308797	-1.8357784
308801	3.9069736
308831	-2.6614943
308869	-0.88022965
308978	0.8648724
309129	-0.4382694
309131	-2.630412
309184	1.1153623
309236	2.6135793
309251	-6.0954137
309391	-11.420628
309395	-2.984682
309400	-0.99369264
309407	6.20528
309412	3.22085
309456	-1.932263
309461	0.8345593
309506	-0.55358356
309566	0.5208067
309580	5.864571
309619	9.939305
309628	0.338918
309658	-0.7674371
309660	-1.7724848
309703	-0.27527592
309824	-2.9319441
309826	0.45898676
309830	-1.787037
309860	-3.60652
309865	-0.05078508
309891	1.8534702
309921	7.459113
309928	-5.428461
309941	-1.0492485
309977	-0.88781315
310054	-3.0029755
310106	4.561831
310119	-1.8625674
310174	-2.2124453
310282	-0.720379
310299	3.336054
310326	0.2576743
310399	-2.1652284
310428	-0.99700034
310474	3.3682234
310537	-4.9873824
310556	1.9914167
310579	0.91419476
310696	7.2662826
310700	-2.8900728
310761	4.623427
310812	-2.085696
310967	1.6050673
310972	5.1451344
310994	-1.9780887
311014	3.0622237
311030	1.6050673
311129	4.4502373
311131	4.8430343
311135	-0.9795223
311185	-3.1934636
311263	-0.6222348
311264	-0.5335611
311306	-0.8102283
311351	-0.44761017
311398	2.6541321
311407	-2.834124
311535	-0.38477737
311566	-7.2155952
311605	-1.1942962
311631	1.528122
311636	0.7316725
311643	5.0999827
311794	3.7298043
311810	-0.95571077
311835	-0.90227455
311873	3.3123567
311910	-2.4586172
312001	-2.6925762
312014	-0.87900627
312066	-0.6269461
312070	6.14249
312071	4.4270716
312081	-3.1446831
312230	-1.3284086
312272	-1.4057674
312277	2.7763848
312311	4.881493
312345	-2.4502792
312375	-4.478846
312432	4.3307886
312498	-0.49506655
312501	0.6725253
312506	-6.0213065
312619	0.25545996
312643	0.24123473
312705	2.5945375
312715	-2.863117
312732	-1.4089209
312786	2.3226187
312791	1.8554859
312835	-1.4752551
312903	7.0356603
312936	-1.1726892
312940	-6.475929
312941	3.7252696
313050	4.074713
313095	4.3384233
313096	-3.2629135
313099	3.6125023
313147	-0.1655512
313170	-1.6610767
313210	-1.5471138
313298	5.4478106
313334	-1.966076
313371	2.6561537
313375	0.5952663
313376	-3.491714
313497	2.395531
313585	1.2930093
313638	-1.1973296
313745	-2.924725
313767	2.3354192
313774	-2.3025272
313806	-1.9857017
313811	5.6763797
313936	5.7662954
313969	-1.7034587
314002	-5.0352554
314017	-0.3020028
314217	-1.7699172
314241	-10.174604
314257	2.9898403
314380	4.5032415
314404	2.5519395
314452	0.7592951
314455	-3.317598
314459	-1.7885854
314472	-1.7997504
314615	-4.6624446
314676	-9.84268
314707	0.99813473
314712	-0.9969679
314725	0.7943265
314731	-0.8927363
314867	-10.974133
314887	-12.275425
314891	3.388871
314903	-0.82610005
314907	-0.57558334
315072	0.2976345
315091	0.8073922
315100	1.2115982
315111	-1.150791
315145	-6.0952663
315179	4.5492644
315274	-0.6425834
315325	-5.0448585
315342	-3.0412114
315348	-0.93824327
315388	1.73096
315389	-1.4393989
315439	-0.97300124
315656	3.339529
315699	-3.2380898
315749	0.5739148
315757	-0.3921013
315802	1.6579365
315981	0.984878
315986	6.140965
316121	-0.8813256
316144	-0.96635085
316199	-0.6800028
316212	-1.1874107
316276	-0.6169258
316383	-3.3963482
316492	2.1788576
316535	-0.95140755
316579	5.878212
316627	4.143283
316647	-0.93633026
316677	2.5635858
316699	3.3510497
316731	-2.2995877
316856	-2.7652102
316927	3.2050745
316952	2.5400918
316991	0.19675556
317014	0.97599685
317082	3.665222
317185	0.95333797
317307	1.6031411
317538	1.8628103
317542	-0.99997276
317548	-1.3067564
317726	1.6453438
317749	2.7212539
317762	1.1698955
317773	-1.7462509
317774	0.14418095
317784	0.16195557
317789	2.2586434
317794	-2.4214783
317850	2.775311
317869	-3.4500096
317884	0.85676116
318117	-1.4624214
318161	-2.9500353
318181	1.5388776
318254	-0.99986
318257	3.724203
318274	1.6600399
318367	-0.20526254
318440	-2.6031697
318506	-0.847553
318507	4.795651
318552	-3.9171717
318560	3.762058
318596	1.0607102
318674	-5.3107824
318691	-0.88022965
318875	-1.4517914
318922	-0.99677557
318941	-2.2815568
318957	0.28048202
318965	-0.76877564
319102	3.5026472
319189	-0.8247304
319237	3.2983508
319274	-0.64403194
319392	-1.4381784
319466	-5.74955
319562	-0.7674371
319614	0.55649906
319672	2.4563591
319784	-1.890302
319824	-2.0375192
319830	-0.94673437
319857	5.704349
319877	2.489941
319897	-0.9871848
319967	6.4737015
320006	5.690428
320107	-0.034331888
320504	-4.26561
320542	6.130715
320666	-0.73486674
320697	7.902369
320908	-2.4245048
320977	-3.0132961
320981	7.6920004
321176	1.5225806
321390	-5.7346816
321416	3.2987003
321592	0.9376968
321720	3.739611
321754	-2.3486924
321778	6.726345
321789	-7.9976177
321799	-0.7150869
321827	-3.0933416
321851	2.0805342
321915	-0.9253746
321920	3.7773192
321928	-5.73467
321944	4.25872
321973	0.9564453
322092	2.447477
322140	4.542571
322231	0.29375094
322286	3.4931421
322353	0.5589383
322402	-4.3300195
322452	-7.674658
322466	0.95348775
322507	-1.6951184
322669	1.537153
322679	-2.192292
322686	-3.043963
322688	0.7635683
322721	2.5964592
322870	-0.80154866
322908	-3.1437385
322949	-3.7414563
323104	-0.054100696
323123	1.5706756
323256	-3.9779265
323322	1.6018548
323391	-1.121617
323479	2.0429356
323539	-4.25812
323556	3.4033804
323591	0.86915684
323603	-4.8054852
323632	-3.1779742
323692	-0.70831895
323757	-1.3440855
323786	-2.4354992
323812	-0.2728289
323815	1.2825214
323818	-2.6762824
323895	-0.5147788
323974	-3.7289083
323991	3.9377692
323993	1.8785973
324067	-2.600133
324073	1.414804
324171	0.9225653
324177	-4.5900846
324213	10.312944
324409	-5.098921
324410	8.507728
324426	-9.722023
324428	0.9564453
324435	2.1408737
324461	-5.60264
324467	4.073985
324502	7.880111
324642	-1.0198026
324765	-0.70097035
324844	1.2393498
324861	-17.488949
324863	0.9443115
324892	-7.1900845
324925	0.99718344
324937	3.5326073
325042	-3.4187796
325108	-1.6456002
325147	-0.9076588
325279	0.7702874
325297	-0.7125358
325298	-1.9554166
325329	-0.9486936
325338	-6.3432693
325362	-0.6650783
325502	-4.8234653
325576	2.8636403
325733	2.3274803
325762	-0.9027998
325866	-0.50886106
325932	-3.8532093
326149	-3.5195303
326168	0.7377233
326395	-0.8743134
326677	4.4243584
326700	-0.9072489
326839	-1.7223526
326923	0.95348686
327067	4.472236
327124	0.8073922
327163	-0.81827193
327241	3.1038
327263	4.7030363
327326	-0.9512758
327381	0.6077495
327502	3.297772
327673	-0.42858285
327680	-4.205055
327690	4.381318
327744	-0.8930414
327751	1.5853595
327827	-4.54346
327908	0.9482546
327953	-0.8803446
328028	-8.760202
328107	3.9869764
328324	8.000953
328372	-0.47368562
328543	-1.3286233
328550	-4.8997736
328598	-2.0948632
328632	-1.4127119
328678	-4.478369
328759	0.57798296
328852	-3.3401723
328963	2.3316498
328985	0.92489415
329138	5.30164
329169	1.0776683
329213	2.4918454
329420	4.7905884
329450	-1.6855487
329467	-0.4739181
329558	0.36240348
329584	3.7668333
329677	1.4898516
329750	3.8480937
329792	-2.6614943
329983	10.445111
330015	3.5820687
330064	3.2027931
330122	-1.7599677
330336	-2.5067194
330366	-0.85831267
330444	-0.79960424
330624	-3.0907323
330675	-3.1907597
330721	2.9185536
330823	-1.0960658
330853	5.6014547
330931	-0.9780815
330934	0.39732692
330939	-4.0996876
331055	0.19773747
331113	0.995916
331236	1.5484307
331258	2.1066735
331273	-1.4949708
331372	0.8007344
331462	-2.3177652
331494	-1.95272
331557	1.944372
331708	0.9865844
331788	-1.6032468
331804	0.07911945
331868	-0.89148635
331994	0.9966286
332030	-0.39543992
332076	-0.87446153
332077	-3.9541547
332143	2.869377
332201	-8.891835
332223	-2.3780575
332249	-1.6515124
332301	-0.49872133
332364	-0.68081284
332416	-2.2975533
332495	-1.4630848
332511	-1.8390825
332541	5.193519
332614	0.46400347
332624	14.145514
332658	5.0558357
332674	-4.6753044
332693	1.3249881
332707	2.225363
332862	-0.38226497
332900	3.2640476
332946	-4.6739626
333029	-10.533579
333093	-3.9300141
333109	-5.838242
333128	1.8879174
333302	1.2249982
333381	-5.2761154
333508	1.3976588
333531	1.8879174
333544	-4.786416
333666	-0.8406959
333669	-0.44631988
333737	4.839541
333794	-1.6826926
333799	2.1395926
333816	3.6532595
333822	-1.5803398
333874	-1.8069296
333917	-0.94594187
333919	-2.0099528
334081	-0.9245053
334101	-1.0392128
334194	0.6943465
334203	-6.824727
334205	3.8518643
334251	0.017995862
334348	-1.150791
334398	0.9654226
334412	2.9247522
334520	-2.4132364
334639	-5.5250506
334640	-2.87695
334671	1.0703448
334686	8.985564
334768	1.2137591
334974	1.8462038
334976	-8.405303
334982	-2.0579567
335034	-2.7805192
335056	-3.4676068
335075	0.043451957
335121	0.43144786
335144	-0.33353138
335233	-0.88022965
335239	-1.2843516
335284	-1.233834
335303	-0.08339984
335361	0.9349967
335403	6.8018436
335491	-1.5124193
335502	6.7523575
335511	-2.1403234
335554	-0.4540485
335556	-5.0524426
335669	1.9862429
335737	-0.5731693
335838	-1.8253155
335840	-0.847553
335844	5.89406
335926	1.2952275
335945	3.1753569
335991	2.508388
336027	-2.5937426
336031	-0.7777463
336154	5.790487
336239	-5.3362994
336266	-0.5731693
336334	1.1067704
336361	-6.4648666
336380	5.6696672
336426	5.7862043
336468	-0.93824327
336484	1.1698955
336487	0.97275954
336505	-0.6726804
336544	-0.7802847
336562	0.5589383
336575	-0.5541952
336586	-0.7438043
336589	2.9256656
336609	-0.96823764
336727	-0.20007358
336801	-0.59331095
336815	0.8442879
336861	-1.0091081
336884	2.1396532
336962	-3.2380898
336997	1.0888854
337021	19.016485
337022	-2.7915447
337143	-5.856658
337146	-0.46427798
337147	1.8998592
337231	0.38419873
337378	-2.5379245
337379	11.849269
337391	-2.8566747
337397	4.5590568
337485	4.8422823
337578	-3.2266614
337752	-0.92565554
337880	-0.85831267
337908	-6.7914395
337976	1.6616195
337990	-0.94492996
338011	-0.9855666
338101	-0.94570994
338120	-2.8455017
338126	12.524586
338267	7.0843816
338308	3.319973
338377	-0.99191654
338410	0.9328321
338418	0.5963959
338422	-6.5846033
338555	-2.2793226
338659	-2.0104542
338693	0.23370045
338737	2.2513206
338752	0.42266953
338772	1.6249186
338857	5.25789
338927	4.021445
338962	5.607864
339014	5.7866983
339089	5.393432
339103	2.953134
339104	-1.7124938
339118	-2.7853074
339172	-1.679239
339183	-6.9729533
339185	-0.9576913
339247	-1.7915839
339318	1.5330839
339330	4.39655
339397	-3.22022
339449	-10.138818
339490	-3.5228539
339548	-3.5072148
339607	0.1008434
339634	2.7953188
339715	-0.70831895
339814	-0.46558264
339838	-2.2156293
339907	2.842899
339924	3.9697351
340079	-3.020868
340088	-1.7028538
340109	1.6014675
340132	-0.8367239
340150	4.821708
340204	0.051902197
340345	5.9356356
340434	-0.08949131
340451	-0.34714755
340459	-3.004023
340514	10.524312
340597	-8.65031
340630	3.2146208
340684	-3.11449
340702	-2.5834734
340736	1.4874903
340855	-0.87193364
340879	-3.2939904
340908	6.8661656
340938	2.8639843
340989	-0.5731693
341020	-0.35998595
341102	-0.18298721
341119	-3.8723724
341156	-2.8147216
341196	-1.1798832
341237	-2.6614943
341267	-0.9562605
341321	-0.24834386
341393	-3.2896595
341572	1.5751244
341600	1.1953752
341612	5.58338
341631	-4.914388
341741	-0.9548263
341747	0.55123293
341756	2.277209
341793	-0.479722
341810	1.9677293
341832	2.232587
341902	9.941042
341959	-2.3927727
341975	-0.9967752
342001	-1.9085526
342020	-0.45952654
342033	-2.3277564
342041	16.102133
342066	-13.292329
342182	-1.1705893
342191	2.064159
342216	1.6582464
342386	-1.794923
342438	-2.4751515
342568	-0.95174557
342626	-5.6264377
342629	-2.4075046
342633	0.36163068
342659	-2.2237659
342680	2.7759924
342793	-1.6582922
342867	-1.8746246
342936	-4.089794
342951	1.7514498
343003	1.7635758
343040	-1.34864
343059	-2.0285647
343061	7.2066236
343123	-2.8921099
343124	-0.2728289
343161	-3.5377629
343213	-1.2290238
343252	-1.4548571
343280	-1.4127119
343293	1.0113442
343294	4.5610175
343302	-2.8766406
343308	-1.8456461
343325	-1.4664474
343346	-5.517541
343364	6.2594366
343413	-2.4534574
343550	-0.7837109
343628	2.6089764
343715	4.3766146
343773	-2.0252798
343775	-1.0297701
343806	4.6444063
343912	0.96333736
343931	-0.0102090025
343998	-27.95812
344065	-0.97804487
344164	-2.3160045
344178	3.3427572
344210	-0.5838996
344256	1.1082693
344323	-1.5131394
344351	4.3766146
344357	0.75923634
344377	-0.6339878
344420	-0.031369053
344433	-0.8297998
344500	-3.4914122
344594	-0.99904776
344595	6.7400875
344628	-0.7777463
344676	0.99016994
344691	2.114539
344754	3.1542966
344817	0.79943913
344822	-0.062568255
344829	-2.4799898
344873	-0.9618748
344906	0.32555643
344936	-5.7576575
344969	2.8172445
345034	-2.1371777
345042	-1.4516846
345048	0.6894278
345111	8.767895
345122	-0.99102324
345126	-3.7759552
345189	-0.7300484
345190	-0.83248055
345193	-0.8311829
345247	-0.8175566
345370	4.1372585
345477	5.7323737
345502	-0.847553
345515	1.781409
345546	-9.371106
345561	-0.16502765
345631	-0.25082788
345696	3.4060926
345703	-2.6205015
345722	1.7024449
345859	-5.3891187
345881	3.1448278
345950	1.9813533
345956	-3.973457
345981	-6.782134
345996	-3.3178627
345998	2.8854482
346040	0.1443626
346060	-0.9999438
346097	-2.2917094
346106	3.8526292
346131	-1.1099805
346137	-9.586064
346200	5.4876575
346252	3.8063147
346352	-1.736041
346414	-3.60652
346431	-2.2534928
346483	-1.3903449
346527	5.0399747
346541	2.4540608
346570	17.333061
346687	2.265633
346849	-5.1948733
346866	-1.2953746
346976	5.099389
346987	-3.1559849
347001	-0.36353147
347039	4.9816093
347111	4.2265077
347122	1.477282
347144	-1.74177
347301	9.507227
347352	-2.3603525
347411	1.5228623
347437	-1.0691696
347441	-0.82620984
347443	-0.91783816
347481	1.3737272
347557	2.3159173
347632	3.7920039
347696	4.0563316
347718	-0.32237473
347736	3.2636955
347776	-2.7238786
347794	5.942321
347803	-0.37326738
347837	-0.99369264
347840	5.193519
347846	3.6655655
347871	-2.5480192
347916	5.4972677
347939	3.1038
347940	2.6701834
347957	0.93856966
347992	-0.79345435
348007	-0.8719248
348028	0.99151
348131	-3.5382204
348167	-1.736041
348171	-3.1892173
348191	0.87838894
348211	-9.9017515
348281	-5.5588155
348294	-0.6207152
348322	-2.3318973
348351	0.10735416
348427	5.149547
348566	-5.018985
348714	0.650466
348727	0.29174754
348732	-0.7737003
348741	2.334983
348747	0.96996266
348762	-1.9473135
348770	3.8738058
348778	-0.9975961
348786	0.6764455
348862	1.9564184
348865	-1.8804994
348896	-3.8174727
348935	-2.304777
348967	-1.2866412
349001	-5.0218015
349041	1.7834713
349076	-5.2557626
349081	-5.4480777
349154	1.5459461
349176	3.7151203
349185	1.2192274
349205	-0.90378535
349221	-9.623479
349245	-1.7223526
349252	-0.98283535
349362	-0.8648374
349436	7.0626245
349476	3.8900967
349516	-1.1053085
349611	2.8014834
349731	4.4660206
349789	-5.1444225
349871	-8.455513
349911	4.7366104
349946	-8.455462
349969	0.3772781
350006	0.044327747
350019	-1.3081609
350041	-1.5463713
350088	-1.014253
350091	-2.5341454
350098	1.8337458
350114	-0.9014078
350145	-3.8780634
350166	-6.0835032
350167	0.6357639
350250	2.3958602
350297	-1.4415091
350346	-1.5185907
350367	-2.3859947
350381	-5.794118
350386	-2.9866717
350389	-4.747164
350456	-2.8124118
350484	3.0830266
350492	5.2451754
350526	10.131535
350598	-0.8001915
350675	3.3639593
350735	5.389696
350741	10.100428
350764	1.488201
350781	-0.27611083
350885	-1.6551223
350891	3.8978775
351035	-1.8092728
351037	1.8066494
351040	2.025763
351132	6.042697
351176	-2.7117662
351198	-2.200969
351326	0.102461606
351342	-3.1484513
351351	-2.4739487
351356	-0.94824225
351357	3.9712148
351359	-2.544529
351393	-0.97684044
351396	5.3093953
351397	3.0260162
351428	-0.20645243
351434	0.66953796
351519	-1.8841165
351603	-1.7056091
351611	-3.3628068
351635	2.447477
351647	5.722333
351752	-0.596638
351761	-0.39086848
351781	-3.324451
351808	0.23333256
351824	-4.7643385
351893	-0.8512684
351907	0.07453768
351910	-1.9577159
351929	2.0012813
351973	0.16661435
352040	5.4472585
352064	-2.9465468
352098	-1.4755783
352196	0.9801973
352221	-2.0159266
352313	-0.8130992
352342	-1.273512
352386	1.8744859
352429	-1.6734445
352473	-2.6762824
352477	-0.8813256
352499	1.8540008
352521	-0.6150666
352622	2.816437
352631	1.16026
352651	-1.153324
352699	1.9863225
352701	3.7167814
352798	1.0750973
352822	0.46952626
352910	-0.3689483
352956	-2.0911458
352996	1.5572765
353057	-3.0332763
353066	4.5521
353136	2.5611339
353160	2.108543
353215	2.4228663
353285	10.695762
353307	0.97127396
353329	-1.65845
353337	-0.39123747
353345	-3.6849957
353391	-1.5789458
353431	2.6050313
353438	4.225332
353465	-1.845956
353501	2.7317007
353571	-2.823096
353649	3.7886958
353664	3.720881
353742	-1.2922455
353827	0.16269799
353866	4.5327387
353884	3.8453946
353936	8.382132
353952	-2.387659
354006	1.9512614
354008	-1.8616601
354099	-1.0385964
354146	-0.5835734
354215	2.5381386
354301	-13.354266
354303	-0.6821971
354413	2.5173595
354517	0.8077921
354534	-0.9894198
354580	-0.61969054
354634	9.328043
354656	7.211313
354696	-3.4438922
354736	-3.7441452
354822	0.69184256
354831	2.0405393
354876	4.005593
354878	0.6084709
354923	5.128017
354952	-6.0773134
354969	0.25825387
355024	1.4345802
355025	-4.5458117
355039	-0.03271866
355057	-0.9643533
355109	-2.7480128
355131	-1.7878072
355183	3.6143737
355241	1.5649359
355247	-4.483799
355261	1.6981739
355277	-2.2237659
355283	-3.2799811
355311	9.482948
355356	-1.061277
355387	3.7093315
355482	2.6658661
355514	-2.1576362
355516	-1.0119274
355520	3.3068197
355544	-1.3993105
355566	-1.8589253
355574	-2.225971
355606	-2.77301
355734	2.5287974
355746	0.6945272
355791	-3.1663442
355822	2.9182215
355909	-0.26725695
355913	-0.2379812
355937	-0.99105805
355986	-5.2617226
355996	2.055328
356001	-0.9790046
356005	-8.985595
356012	-0.9120298
356041	7.2051926
356043	-0.995335
356090	4.940333
356111	0.90535396
356136	3.4424942
356181	6.8861933
356205	2.1395926
356211	-0.8040672
356251	-2.3675883
356257	-0.063929655
356358	-2.1328638
356436	3.6780498
356514	-0.49083388
356546	-21.207392
356571	-4.23625
356612	-0.90573794
356616	1.9237299
356639	-1.3358406
356666	0.9155991
356756	1.5422698
356823	-2.6363597
356831	0.40790176
356849	0.65624505
356871	-1.2859619
356875	6.673998
356889	-1.8616601
356922	-2.3675842
357001	-0.46595109
357006	-0.60044754
357009	-0.93218625
357051	5.936162
357141	4.3689694
357228	-2.7694836
357306	-0.08442577
357308	-0.3766416
357455	-0.85736704
357486	4.618238
357488	-1.7462509
357516	11.932847
357574	-0.20314933
357649	-2.7328703
357678	-0.1172323
357719	-1.6127901
357741	-2.5274608
357851	2.9704993
357921	2.7297695
358216	4.234747
358374	-0.95275456
358386	-0.61383027
358403	1.7680502
358410	-1.582393
358477	4.0932245
358519	-4.779
358533	1.1812841
358589	5.494632
358611	3.608982
358653	7.9547563
358746	-1.803212
358771	-0.70098823
358784	-2.1462445
358821	1.9149901
358884	4.1068263
359030	-1.673355
359046	-2.125354
359054	-2.8335657
359156	-1.7754409
359162	1.1176413
359181	4.41145
359185	-1.622915
359206	-0.88904154
359284	-1.3948178
359458	-0.88208294
359485	2.175088
359521	0.9975003
359572	0.6754376
359591	-4.185985
359620	-0.8518509
359675	-1.9763668
359685	-0.9097127
359746	-1.4580544
359758	-1.2818991
359892	-1.8112142
359916	-0.30590588
359948	2.9347844
359956	-1.0604635
360026	-6.385723
360036	-25.60317
360042	2.8955886
360096	0.71640426
360201	-1.2416538
360219	-2.1821628
360259	-1.1768093
360289	-3.149227
360302	9.585697
360315	-9.700563
360351	-3.1160479
360391	0.5255031
360434	0.4338083
360461	13.6186495
360472	1.5998856
360557	-1.6830939
360596	-0.9994965
360691	2.9237165
360694	2.51915
360742	2.615825
360786	-2.3914676
360826	6.413952
360996	-2.1891851
361024	4.3529105
361059	-1.4233786
361066	-1.6329228
361088	0.43374935
361221	-0.6442666
361222	-3.547804
361227	-0.5147788
361295	-4.2962303
361306	5.3142304
361347	0.7991685
361401	3.459761
361427	-2.4334624
361432	5.305159
361491	2.1494696
361494	-0.23206273
361524	1.2031624
361656	-0.8128927
361772	0.49688685
361818	-3.0724869
361836	2.858202
361859	-1.3674458
361894	-1.6515784
361934	-5.6081257
361999	8.196003
362028	-1.7415193
362047	2.5821562
362151	-0.5097164
362221	-0.8700199
362243	-0.71006113
362245	-0.9316004
362271	4.056289
362272	3.285557
362364	2.8630192
362434	6.055309
362504	-2.3072271
362526	-0.62932426
362662	-0.5238272
362706	-2.7634385
362752	1.7024449
362796	-0.7301481
362813	-0.3781791
362961	5.568066
363008	1.8923951
363041	4.0658555
363212	-3.338126
363304	-4.1242094
363318	1.1081021
363352	0.749416
363374	-4.289334
363400	-4.0004506
363452	4.9731402
363460	-0.4382694
363512	-2.113397
363522	4.135041
363577	-0.57370925
363605	0.49335438
363647	-2.3424163
363669	-3.1149368
363753	-0.5314643
363831	-1.6771635
363957	1.1923894
363967	2.9783933
363971	1.0753446
363991	-1.7596424
364011	5.9974585
364025	0.97822225
364082	5.909492
364170	-7.2387547
364174	-1.5742875
364266	0.15535787
364387	-1.20553
364404	2.8474247
364408	-2.3737302
364476	2.9445028
364496	2.2652268
364517	1.8582939
364519	-2.9459472
364558	2.5343044
364671	-0.92678946
364705	-2.7098243
364775	0.80146414
364817	2.0039933
364831	4.1268697
364835	1.4691293
364870	2.6931415
364881	-8.612479
364952	-0.7553885
365067	-3.7731688
365084	-0.24759038
365107	7.0218663
365114	3.4166603
365136	4.565605
365168	3.475057
365192	3.2345831
365210	-3.086697
365316	-15.040269
365340	-5.2083063
365346	-5.648369
365392	5.437366
365393	0.2696382
365571	5.069709
365623	1.4340131
365662	-0.9843472
365697	-3.580988
365751	5.671688
365777	4.2844434
365827	0.022739196
365950	0.22030109
365952	4.557141
365966	-1.5801872
366006	-4.3291454
366041	4.7076244
366082	0.78588986
366163	1.5930215
366186	4.0795164
366212	-4.1592994
366232	-3.9733822
366257	3.0614524
366262	6.264564
366294	2.7396572
366390	-1.6962835
366398	-2.3193288
366412	0.8963623
366441	-0.5380104
366445	-1.1188112
366517	-7.9007726
366610	5.0405426
366621	-14.189036
366622	-1.1795558
366623	-5.2769055
366647	1.7661794
366683	-2.8596613
366798	0.69773215
366847	-0.7419525
366876	-3.9176998
366918	4.252471
366944	1.0608858
367010	3.9157257
367017	-3.5556374
367045	0.715952
367065	-2.2771292
367127	3.032025
367135	4.25872
367178	1.444002
367233	-1.6374593
367259	-2.129195
367311	-0.32009628
367312	-0.26069203
367387	-1.0315441
367521	0.82328534
367562	-0.2993708
367587	-0.33735266
367697	6.224187
367717	-1.0971744
367746	-1.1228628
367833	-2.3181372
367837	1.7392571
367855	-0.9525414
367916	-5.3494425
367928	0.5963959
367949	-0.6256455
368002	-5.7903185
368008	2.3981216
368024	5.445325
368063	-0.8991586
368141	-4.0263133
368181	-3.0273783
368206	1.8163275
368328	-1.8242835
368391	1.9957601
368432	-1.6558046
368437	0.9958351
368538	1.8226044
368540	-2.7480128
368554	-2.5458865
368589	-4.272478
368601	2.7344143
368616	0.103555694
368617	-1.6927861
368656	0.2691362
368754	-0.88022965
368757	1.4680971
368814	-0.29257837
368863	-3.2758772
368867	-2.3354473
368872	-10.991214
368894	-2.6383781
368912	-1.8377001
368973	2.5010786
368999	1.6039008
369029	4.4307976
369051	-2.6824577
369091	-4.906043
369093	-0.7898541
369302	1.3788971
369307	0.35948524
369424	0.9398509
369457	7.6337466
369471	6.968295
369486	4.9875884
369504	-3.721376
369737	3.1459122
369742	-1.2399648
369823	4.41145
369848	-2.1029787
369875	-0.4306476
369892	-4.308721
369908	-0.9967669
369921	5.528318
369939	-0.83544195
369989	-0.8991586
370131	1.9068497
370172	9.069456
370183	-0.72513026
370310	3.9397779
370341	5.869665
370356	-2.4794586
370374	0.38401192
370379	-3.0026238
370464	-0.83248055
370607	-0.7248989
370761	5.3983674
370762	4.063084
370769	-3.1446311
370776	-4.59056
370782	10.685446
370791	-1.7775011
370826	-0.95704913
370927	-2.9244885
370932	-4.00902
371042	4.257613
371226	-0.3559209
371244	0.19675556
371324	-3.4958088
371436	9.132768
371477	-1.6297674
371482	2.9113493
371531	1.8579986
371615	-2.2742648
371639	-3.4823039
371652	0.668155
371660	-5.7457204
371661	0.52798915
371701	4.9901795
371821	-3.2124894
371903	0.6840594
371912	2.7151864
371946	6.6316338
372028	-2.9138255
372050	-0.99621385
372074	1.444142
372081	7.934532
372114	3.366122
372136	-0.83216006
372159	-0.62622046
372187	4.5032415
372209	7.7908883
372237	10.627182
372276	-0.8719333
372347	1.6701022
372381	-2.3495605
372458	6.1945133
372483	2.5331008
372485	4.8266764
372516	0.9433388
372571	3.359511
372691	-4.2120256
372782	-6.038166
372818	0.8440007
372843	2.0891607
372898	3.460263
372918	2.1910915
372920	-7.5195327
372944	-0.8381078
372951	8.869603
372957	-0.9924771
373006	0.9682809
373217	7.3692713
373294	-2.9934037
373355	-3.2047107
373379	3.8757489
373386	-0.8862329
373441	-6.3568616
373443	-6.0598235
373470	-0.27765718
373509	-1.2541083
373561	-2.4616375
373583	-1.2564901
373618	1.2375762
373741	3.9452786
373790	-6.533082
373798	-3.3695302
373878	5.525637
373969	-0.6755859
374017	2.3614316
374051	-1.8306676
374083	1.6014732
374094	2.6437714
374102	1.003988
374131	3.971358
374142	-5.390083
374171	-0.7637243
374193	-3.7593281
374225	-2.0437365
374249	-1.8410826
374256	-0.013724502
374311	0.99600923
374339	-11.831801
374424	-1.4018606
374431	-2.1891851
374447	1.9509239
374645	-3.498984
374684	-0.3349239
374786	-0.67925376
374797	-3.4665053
374904	2.2422922
374916	-2.388403
374994	-0.3428935
375012	1.471234
375018	4.8193574
375068	-1.7908493
375119	-0.83156294
375126	0.97822225
375181	0.6463459
375228	-0.2379812
375249	-2.4694664
375297	2.1320806
375414	-0.74369025
375427	1.0353326
375561	-4.3292785
375590	0.35987598
375599	3.216377
375644	-1.2741653
375711	-0.604127
375718	-0.44761017
375786	-2.7280273
375827	-4.0365343
376109	-0.9384472
376187	5.529281
376262	6.9168463
376284	-3.550062
376392	-5.608267
376431	-9.151973
376487	2.5351708
376576	-1.7272575
376614	-0.78931195
376656	-0.9731729
376719	1.1726499
376728	-4.9205675
376758	13.940814
376765	-3.7820423
376809	-1.6855487
376866	0.14849027
376943	-4.715907
376949	1.4009613
377041	-4.618063
377078	1.8462433
377132	1.2007422
377154	-1.4766227
377176	-0.6409523
377267	5.869665
377268	-0.1879227
377301	1.8520904
377358	-2.7934537
377416	5.794669
377450	-0.7897539
377513	-1.3065574
377526	-4.7311735
377736	5.1453176
377746	-1.5106977
377765	1.444142
377924	2.3781219
377940	0.9490403
377948	5.5104585
377969	-3.144178
378002	-0.036363665
378017	-5.087305
378024	0.34330544
378063	-5.208395
378088	0.60003006
378108	-0.9269101
378117	-0.87374747
378153	-1.5424864
378171	0.28194493
378209	-4.26561
378226	-3.405004
378396	-0.83248055
378437	-1.6696115
378599	-0.4678036
378606	3.5592487
378756	-1.6456002
378790	5.9295306
378803	1.5853595
378811	-0.08703103
378818	-0.4635282
378831	6.0801177
379027	0.6048893
379028	-0.030782124
379034	1.5841155
379041	-2.7835004
379051	-1.2860415
379074	2.2711182
379216	1.8660123
379238	2.5719006
379307	-10.934256
379351	-1.4949708
379462	-2.5168648
379469	1.148203
379500	0.43666446
379514	5.855205
379526	7.4367557
379532	1.6620814
379547	-0.95100427
379651	2.5591977
379660	5.105096
379673	2.713096
379825	-2.4761477
379847	2.1520689
379877	-2.1145608
379967	-0.6909535
380034	-1.5192484
380056	-4.4555783
380086	-2.4021523
380143	-0.3469497
380177	-12.000375
380185	-1.7807617
380186	2.4889176
380212	-3.5733128
380221	-0.92929137
380280	-0.60044754
380338	1.1881589
380348	0.6085127
380380	3.388871
380384	2.1086595
380402	4.769301
380416	1.781409
380417	1.7799561
380469	2.9201295
380474	2.9022408
380492	-2.4032283
380521	5.9325166
380571	1.021039
380612	-2.122073
380619	1.5582926
380627	-0.8846971
380634	5.10211
380710	12.121206
380752	-2.3486924
380819	-1.8306676
380837	0.90087575
380870	-0.33353138
380904	-0.94113755
381047	-1.5602124
381069	0.85961384
381083	-1.0973766
381113	-0.9943293
381153	-2.0122733
381203	0.8152214
381226	5.9921756
381246	5.9192815
381260	-0.24220927
381272	-0.85574055
381320	0.8408792
381339	-1.7212113
381346	-0.70437056
381400	-4.8366976
381413	3.890177
381449	-0.089379296
381482	1.8607223
381538	-5.2839675
381637	-3.5620985
381651	0.21872951
381726	1.6582464
381729	-1.8131038
381774	-5.303053
381776	4.26667
381794	-1.2791488
381805	0.91757154
381807	-1.4018606
381848	0.9235442
381876	-5.622069
381917	2.610795
382057	-2.3318973
382086	-1.7825204
382092	-2.8528502
382100	-0.95655763
382124	-2.636765
382142	0.34607023
382163	2.5560381
382178	-1.2043109
382209	3.4824882
382271	1.906232
382290	-5.055678
382311	1.0420932
382325	0.97298795
382361	-2.1531262
382379	9.577662
382396	-1.6659858
382475	-2.4034004
382499	-0.9816893
382508	2.8309946
382538	-6.057904
382561	-0.6388857
382577	1.532696
382619	-0.5460299
382644	4.4032173
382646	-2.426651
382718	2.7142308
382778	-3.1537397
382796	7.1056867
382843	-3.331368
382868	-1.1224891
382994	-1.1382492
383053	-1.4415091
383062	-0.016161937
383079	3.3162065
383116	-2.5496147
383140	-2.0700345
383153	1.227931
383160	6.950364
383181	-1.5810527
383258	1.8847643
383365	2.2329144
383425	3.102604
383514	0.8182893
383516	2.8620188
383542	2.666943
383804	-7.1528225
383812	-5.5494943
383813	0.9966286
383826	-1.0809385
383915	-2.5795963
383951	-10.641926
383977	8.966524
383994	-1.1213052
384023	4.149922
384038	0.1409416
384101	0.77916944
384217	-3.8607843
384232	2.636587
384247	2.3981216
384261	0.42621598
384267	-3.2311778
384305	-3.2609425
384367	4.148036
384386	-1.8574159
384432	-0.78027403
384436	-0.80154866
384440	-2.1641529
384458	3.395005
384617	0.9041007
384668	-1.8208883
384752	2.3974087
384774	-0.8861983
384788	-2.8849277
384821	4.1766343
384867	3.6784158
384881	-0.7781437
384887	-1.3517268
384893	0.44528106
384977	-2.710283
384989	-8.817481
385035	-4.902569
385046	-10.789988
385131	0.72443414
385137	-8.321707
385160	1.2169151
385288	-0.96513426
385328	-0.9780815
385398	1.8214747
385424	3.4981136
385481	15.711855
385489	-1.854234
385553	-1.3449833
385636	0.2551816
385644	2.3345492
385712	2.7695274
385741	-6.613867
385749	5.9259186
385763	-0.37134025
385799	-0.6837991
385924	0.6418327
385976	-0.5640289
386001	11.771143
386039	0.7183686
386046	-1.1028138
386079	-4.404763
386093	-4.642995
386172	-2.5692768
386198	2.2329144
386260	2.8375967
386282	2.1116812
386294	4.718362
386359	6.0950456
386411	0.7455164
386422	-1.3364611
386491	0.6257627
386513	4.850145
386582	1.333849
386587	3.2472897
386621	-0.33717638
386633	7.4995303
386640	2.915947
386670	-2.963158
386717	4.8203883
386727	8.240051
386768	-6.4039207
386786	-1.8520724
386794	0.9799088
386857	0.66352606
386871	7.1032414
386877	3.773706
386879	0.9235442
386909	3.5438197
386926	0.76712304
386927	5.211599
386941	5.100046
386960	1.2871485
387039	1.444002
387048	0.047245264
387056	15.025061
387068	3.6486645
387075	11.353364
387203	4.3154874
387229	4.2149677
387250	0.94492793
387263	0.42751676
387293	1.7570119
387306	-2.1030393
387344	-0.3229528
387361	4.015183
387395	-0.8777502
387452	-2.6457286
387490	0.52511305
387503	5.8642387
387741	-4.468102
387811	1.4521552
387925	1.9158926
387938	3.9874434
388091	-0.98829144
388208	2.3890882
388297	-0.39249405
388526	5.9192815
388627	2.353561
388666	6.569897
388667	-4.842324
388671	-2.5306954
388703	-3.2838216
388768	16.274147
388864	0.0011930184
388899	-1.5694073
389041	-3.1719823
389102	0.7004131
389135	3.971358
389192	-2.7271547
389230	-4.6887603
389243	9.192851
389248	1.8923951
389286	-0.9983805
389299	2.845661
389414	0.6445625
389425	-0.82319415
389459	3.9182577
389465	-2.126235
389467	4.881493
389519	-2.459336
389537	-0.39123747
389559	-3.5346527
389660	-2.2171876
389665	1.3687409
389678	5.7854576
389683	6.030363
389719	-1.9365801
389748	-1.3729023
389755	-1.0941066
389802	-0.9764578
389804	1.7911216
389813	2.700236
389831	1.2169151
389870	-3.4439328
389916	-1.187823
389966	0.8941889
390095	-0.8267682
390100	-0.9145568
390113	1.4673401
390120	-2.6802125
390136	2.2991462
390149	9.266198
390165	1.8947169
390204	2.885026
390226	-0.98780435
390250	-2.6694434
390295	-1.3397462
390334	4.5187182
390351	-5.7928243
390535	-7.5809255
390555	-0.3795556
390563	1.5365726
390639	3.2390542
390644	4.56845
390772	1.5733067
390830	-3.9733822
390839	-2.2637818
390843	-0.7944792
390927	-2.1941495
390970	5.9726286
390983	5.800073
391019	1.2953641
391053	-0.99322265
391074	-4.1858263
391080	1.0353326
391086	0.1536586
391207	-3.5490627
391208	-4.9625735
391250	-0.9899767
391254	-0.8719248
391259	0.89838326
391405	-0.24253424
391418	2.2176523
391425	-4.7395267
391433	7.4864326
391532	-0.75218135
391656	3.878519
391684	-2.0414808
391765	0.60176176
391802	-0.8285047
391853	0.9443115
391860	4.4032173
391889	-1.9604653
391897	-2.963158
391913	-0.4739181
391914	0.68609357
391949	-9.860143
391956	-4.787451
391988	2.61152
392077	1.41819
392084	-0.95056915
392091	5.9935894
392158	-2.447465
392295	0.46921235
392303	-3.3791308
392338	3.4382334
392344	-5.0580034
392391	-3.8799825
392442	3.745271
392564	-1.8554753
392596	-0.72447926
392603	2.2605
392687	-0.9525414
392703	0.49765727
392728	2.9942539
392730	3.7761421
392741	-0.9468816
392744	-4.635286
392801	-0.39481246
392908	-7.407794
392961	5.9680867
392989	-0.70623213
392993	-0.7525583
392999	-2.1272287
393165	-1.9577159
393173	5.857314
393174	1.8810496
393383	4.6551247
393396	1.476392
393429	4.559486
393434	0.36460936
393485	-1.597789
393598	0.18762664
393608	-9.834496
393614	5.798909
393629	-1.0286899
393649	1.8555521
393769	-4.251634
393778	-0.91783816
393793	1.1132137
393831	-3.8550148
393860	-0.9215156
393864	-0.7090435
393869	-1.6962835
393886	-1.1542481
393958	-3.0706913
393996	-3.2492177
394043	3.1113489
394049	3.280096
394141	6.462302
394176	2.6326447
394266	-9.471251
394294	0.97772336
394309	0.9118476
394340	-11.482276
394363	6.0634665
394378	3.0684018
394384	0.91725636
394406	-1.6761566
394418	-10.5544405
394438	-0.9229619
394474	-0.89228183
394532	-2.152279
394566	2.4889176
394639	3.1997406
394701	-0.9969679
394778	3.5003521
394903	-0.39543992
395184	-2.089785
395251	-1.9554166
395276	-0.5594335
395282	0.92038
395308	-3.1589084
395321	-3.3524492
395338	2.508075
395377	2.378923
395388	-0.4569082
395389	-1.0509361
395497	1.2874285
395531	-4.389942
395533	-2.286211
395581	5.346425
395663	5.996789
395717	-2.944228
395784	-4.578382
395787	0.2530227
395932	-1.1075667
396052	5.318103
396178	6.2321053
396224	7.7140217
396348	-0.9552189
396379	-0.7234703
396435	7.0356603
396447	1.1286557
396530	-4.483799
396587	-1.0300106
396638	2.2300842
396659	10.496446
396694	1.4415514
396695	2.1631262
396786	-0.847542
396795	-0.6876611
396829	3.6285744
396869	0.9963959
396882	0.5484427
396943	-2.644385
397022	1.8903712
397083	1.6640041
397089	-1.8561026
397094	-5.9449334
397170	-1.7433369
397263	-2.8335657
397280	-0.7863603
397321	-14.069057
397367	3.4159508
397453	-4.192182
397508	3.7707996
397513	-1.0416429
397529	-0.45861593
397564	0.10779076
397703	-1.0960658
397898	7.5692754
397929	-1.1133143
397964	-1.9857068
398028	2.8214207
398071	-0.8054693
398089	4.647502
398173	0.9482546
398210	-2.6911535
398251	-9.302254
398353	5.4471755
398364	2.9923937
398378	2.2849436
398399	-8.962171
398513	4.1907096
398535	-1.2148579
398622	1.3494636
398672	-0.75587463
398717	-2.129195
398728	-0.6169258
398761	3.8167434
398822	1.7195358
398834	3.0756748
398849	2.5621157
398863	1.312062
398869	-1.4974259
398965	-2.1066651
399027	-0.7759281
399042	5.800073
399123	2.2507887
399140	-0.843098
399199	8.240051
399243	-2.573646
399263	-4.586174
399269	0.81794494
399329	-0.8937683
399410	-2.4586172
399411	2.7590446
399492	-1.316683
399542	1.4929091
399587	-0.49803105
399661	-1.2206419
399683	1.1067704
399698	0.2333742
399869	-1.7734207
399893	5.0399747
399977	-4.5030584
400118	11.323196
400123	1.2833234
400133	2.9952688
400190	-3.6821682
400270	-1.4719788
400343	-0.99359703
400412	-2.1247368
400502	4.5248594
400524	1.1082693
400553	0.93796027
400568	-2.341711
400574	0.6653333
400947	-1.3306639
400961	1.2747179
401003	-3.4589326
401009	-2.5584435
401049	-0.995335
401195	5.837646
401282	-0.52513885
401410	-7.118526
401479	3.5785518
401533	2.0045
401548	2.4854665
401571	-7.110013
401634	-0.24783705
401690	1.4397032
401694	4.917664
401723	-2.3048599
401858	1.9199265
401863	-0.034241803
401873	2.3075564
401886	10.1075735
401914	0.9109593
401926	-1.9541914
401943	-2.2476995
401961	-0.20633563
401962	-0.55249375
402025	-5.6081257
402032	-0.42679462
402106	-0.90011936
402154	4.8322186
402194	-4.79206
402203	-3.2093024
402246	-0.6823253
402253	-28.400166
402308	-5.923209
402337	-5.338572
402349	3.4603908
402387	-2.225971
402537	0.7822528
402564	-0.27527592
402677	2.3316498
402716	1.6050673
402722	0.96567845
402733	-7.2028265
402798	-0.9169189
402882	-0.9795223
402913	-1.3945166
402918	-1.3318019
403022	2.2803087
403112	2.1911938
403298	0.97298795
403311	5.05658
403352	-0.7759281
403428	0.13361365
403457	-0.5017523
403585	-1.1698804
403598	0.8081051
403603	2.4141147
403619	1.9288266
403687	2.0087333
403746	1.1726499
403783	3.2790172
403802	-0.96926725
403842	-2.539295
403885	-0.7032214
403892	-8.657782
403911	0.99961036
403915	-3.417445
403923	1.3447512
403988	-0.0033942813
404009	1.4979559
404033	3.4417253
404062	-0.70097035
404099	-0.99710554
404181	-1.6154033
404220	-2.3093746
404277	-6.2940784
404468	0.9225653
404486	-0.9967752
404489	-3.9211316
404643	-6.158541
404648	4.33623
404709	-0.38477737
405006	0.44690314
405051	2.365468
405147	2.7299418
405261	1.6024145
405353	-7.82021
405359	11.030686
405423	-1.6265926
405475	4.3937583
405533	-0.5940311
405582	5.7689176
405605	-0.68567926
405638	-0.2718986
405648	4.545069
405773	0.7702874
405782	4.5163183
405858	-4.1209483
405921	1.5836973
405926	-1.8919743
405980	0.97298795
406017	0.37476403
406061	-0.9146133
406062	-1.4372952
406069	-0.3766416
406078	-1.3078103
406121	-1.3269502
406167	-2.2076297
406229	-5.4694796
406309	1.3654218
406345	-1.490223
406361	4.595101
406497	1.953248
406604	10.532752
406658	-0.39832982
406664	-5.128108
406796	-3.16636
406861	1.6659034
406892	-2.268415
406899	-1.1651883
407163	6.3360276
407235	1.4660805
407371	-0.87685674
407398	-0.9943293
407481	2.3451142
407522	-4.7892823
407526	-4.091142
407598	2.1238263
407661	-0.526653
407704	2.51807
407738	-1.1274508
407857	0.6909555
408111	0.4987123
408151	4.4032173
408172	-1.9212632
408261	-0.9851919
408342	0.7648886
408388	3.8958
408398	4.508104
408408	0.9839939
408468	0.8408792
408575	-1.2755331
408576	-0.36934644
408650	-2.6860502
408736	-0.92585987
408814	-1.832973
408836	-2.0304832
408895	2.5711176
408992	-5.3848114
409092	3.5694656
409219	2.6958213
409390	-4.922473
409427	2.3978817
409640	-0.8242636
409647	-4.981968
409709	-2.2601662
409753	2.6437714
409986	-0.5302324
410056	-1.8603916
410082	7.866946
410099	-1.3901846
410102	-0.7989106
410179	6.102185
410254	-0.32237473
410304	-0.922465
410308	-2.8161917
410388	-0.028290711
410411	0.9325572
410467	-3.235408
410491	0.85424834
410574	1.1540945
410579	-1.1209323
410711	-3.3711085
410715	-2.7025177
410721	1.790171
410732	-4.5508194
410782	-1.966076
410840	-1.4826652
410868	-5.5389185
410924	-3.0267286
410950	-5.017787
410953	0.4977149
410990	2.2501824
411011	-0.90088147
411216	-7.2028265
411232	-0.74595356
411303	-4.7228065
411359	1.6729157
411361	-2.2187266
411383	8.148404
411411	-2.4821444
411472	-2.9026823
411565	4.0540414
411602	6.1596346
411652	-6.9316792
411667	-3.855469
411693	-2.2726772
411701	-2.1913073
411750	2.9898403
411796	-1.3242525
411919	-0.8503368
411954	-1.7127103
411998	3.2747371
412000	4.8095016
412087	-2.1629405
412152	1.587127
412255	4.024228
412324	3.0951252
412350	-3.2987726
412356	-1.1172198
412363	2.7690113
412372	-3.5508823
412401	-2.6701405
412405	7.8926644
412455	2.2760108
412522	-0.233561
412537	0.97298795
412567	0.9918974
412574	-1.4941204
412754	1.4487369
412772	-0.34722805
412789	-2.1423388
412791	-2.883534
412798	-1.095053
412886	0.9175327
412911	-2.0861413
412921	-0.36503878
412949	-0.9921422
412957	2.9489915
412974	2.8582473
413009	-0.70831895
413021	-1.4756397
413083	-0.9011066
413097	5.226761
413099	-1.7358335
413168	-1.0536162
413196	2.894212
413291	-0.96823764
413297	-0.84863144
413305	-9.900747
413476	3.8927062
413485	0.45650274
413575	2.3741138
413586	-1.540719
413610	-3.0631676
413740	2.1214402
413772	3.4366846
413874	-0.80235815
413903	-1.8970227
413975	-0.8495325
414006	-1.9755813
414038	-0.9795223
414043	-0.83225524
414050	2.1904514
414091	0.49362576
414117	-13.356123
414175	3.4683127
414195	-0.67717063
414297	2.535499
414346	1.5438086
414391	-0.9058302
414404	-3.7394116
414441	4.47154
414473	-2.1798806
414491	-0.69239724
414529	-4.891434
414610	8.53856
414642	-1.8817927
414681	-3.0724244
414733	-0.036225684
414780	-3.4234517
414826	-0.9998189
414872	-2.8680618
414886	8.668333
414917	-3.625554
414929	5.302562
414964	8.8646555
415039	-0.2551208
415045	-2.7366674
415077	4.0843205
415265	0.80164355
415352	2.9096615
415384	0.17429142
415428	3.3465388
415546	-1.8356256
415582	-1.5567992
415673	0.9618621
415709	-4.4410295
415763	-0.9422646
415768	1.6585753
415778	-0.97808135
415880	-0.7811148
415943	1.5699852
416101	-0.880588
416168	-0.8890338
416177	-0.6528556
416222	3.3050897
416235	-2.384278
416350	0.3797936
416478	-0.9486936
416484	1.5902085
416508	-0.73858047
416549	-0.9892332
416600	-1.1651883
416612	-0.99359334
416666	-0.7157309
416692	4.9787455
416701	-0.83216006
416714	0.7478715
416743	-1.6577703
416755	-0.70003027
416777	-11.186841
416785	-0.8378094
416801	1.6349646
417168	0.30886465
417280	-1.1536549
417304	-5.576753
417357	-1.6229762
417371	3.829561
417385	-2.748639
417473	6.2897787
417482	-1.7692287
417603	-0.3795556
417724	-0.9935942
417743	-1.641238
417831	0.06637445
417917	1.8743055
417953	5.2969275
417975	4.39655
418097	0.97136146
418106	1.6308726
418122	5.665382
418131	-0.93455106
418161	-0.9975478
418192	-0.6974652
418213	1.8643919
418365	-7.5716567
418393	-0.8669444
418403	-1.3324882
418479	-0.94666713
418585	-1.0522258
418608	-4.328355
418609	-2.181905
418692	3.8563416
418732	7.270245
418767	1.160138
418828	2.018395
418835	5.1560254
418992	-2.3971286
419145	-3.318739
419213	-3.6559484
419279	-5.6842737
419427	-3.5731282
419455	2.6437714
419529	-4.714306
419705	-2.9212277
419762	-0.93327737
419828	-7.460832
419838	-2.6167674
419846	6.971254
419890	4.2954483
419947	-0.57440746
420016	-0.62682104
420085	-3.4046884
420088	-1.6913913
420111	1.9105031
420137	-0.99063987
420357	-0.76041275
420382	4.771209
420416	-0.72513026
420479	-7.8318005
420494	6.5950537
420572	-4.8912888
420584	-0.9969679
420599	2.302952
420615	-1.2802022
420659	2.438284
420732	0.65674686
420792	5.5672116
420813	-0.17673492
420914	-2.1858842
420981	-1.8694564
421125	0.9765495
421223	1.8987188
421227	-28.458015
421233	-1.576791
421237	-0.7013495
421269	-0.6405094
421330	-0.76877564
421381	-1.7196229
421398	-1.8367958
421445	-3.8238416
421536	-4.165377
421558	5.248237
421593	0.97551787
421693	-2.5277627
421800	-5.943289
421851	7.381474
421873	2.352963
421884	0.982501
421913	0.33655664
421971	-4.770156
421977	-0.5184763
422089	2.7252984
422122	-6.607088
422267	-0.99700034
422281	-3.8334825
422315	3.3350823
422328	8.783764
422348	0.5652269
422456	-0.2085124
422500	3.7756286
422557	10.414172
422630	4.210593
422750	-2.8988152
422891	0.9900443
422937	-2.4338746
423007	-2.3076482
423113	-4.5759726
423155	-0.54569966
423185	0.23127592
423326	0.41785583
423366	-7.3651924
423394	-0.6269461
423455	-3.9040775
423647	1.5438217
423653	4.3376646
423702	1.4397032
423739	1.5101806
423761	-1.1971551
423767	-0.2539044
423828	2.9201295
423832	-0.3314716
423859	2.9022408
423879	-0.6071871
423933	-0.9983805
423952	-2.816066
424094	-4.726619
424189	-2.6371622
424240	-3.329071
424244	-0.9858264
424267	0.19393955
424299	-1.5785627
424327	3.992965
424388	2.5672395
424435	-0.8820039
424498	1.6170087
424517	-0.8033117
424548	2.5106738
424587	-4.274733
424620	0.88412064
424633	4.7030635
424670	3.3068197
424766	-2.3897598
424808	-1.3253936
424827	-2.089785
424853	7.946834
424922	5.5170145
425066	-0.18298721
425110	4.5642185
425117	-0.2715086
425129	-3.4914122
425172	-0.9681656
425236	-2.1639519
425404	0.995916
425485	6.9886575
425501	6.835104
425536	-1.7792441
425547	-0.9245053
425578	1.5202698
425602	1.7166966
425707	1.3451756
425816	1.5299153
425940	-4.981446
425957	12.4490385
425967	-0.81813174
426054	-2.883534
426100	0.7691607
426223	2.7343748
426228	-1.576791
426259	5.703709
426263	-0.7640005
426268	-1.1514281
426274	-0.766749
426318	-3.995146
426320	-0.84580976
426371	-0.10110132
426415	-3.8215196
426489	1.1261092
426553	4.480447
426617	1.488201
426623	1.1643639
426679	-0.7209772
426694	-0.88384813
426698	-0.43610352
426709	2.8131826
426893	0.18762664
426988	0.15534496
427093	-3.1152935
427129	-0.5674409
427197	11.916261
427238	-2.2450619
427241	-9.426373
427568	-0.21209347
427633	4.6848845
427697	-0.8616174
427720	-6.6349955
427768	2.064555
427836	-2.2013173
427882	4.559486
427891	3.1718113
428018	1.9511123
428105	-1.1582325
428155	-5.3107824
428246	3.3068197
428303	-2.295448
428397	-2.3897598
428424	-3.2711143
428438	-2.6758506
428549	2.4228663
428556	0.99151
428590	-3.4055336
428602	-1.4438968
428725	0.6909555
428728	-7.2183523
428757	-1.4867924
428761	0.67041665
428785	-0.28756866
428809	4.133973
428873	1.589439
428905	1.6953793
428981	7.8318386
429025	-1.0249957
429073	2.687268
429320	-0.85031873
429340	-3.1054518
429366	-1.1273109
429416	-2.6430495
429545	3.9716327
429658	-0.9851919
429760	3.0215893
429793	-0.44272426
429851	-2.1388762
429872	-4.5949206
429917	4.563229
429955	-1.9209163
429989	-0.27398363
430049	3.2983556
430066	-3.7403102
430172	-5.925258
430178	-1.7908493
430330	-3.8801782
430500	0.55626845
430721	-3.137003
430935	-0.3758699
431106	-2.6860502
431200	3.4295497
431230	-1.2975638
431285	-1.184127
431370	0.43133327
431378	-5.914336
431402	3.1439557
431460	-0.62837696
431626	1.5864003
431783	2.9760895
431912	21.044706
431919	-0.9011066
431976	9.611715
431982	4.0118513
432102	-2.4333496
432237	-2.7494574
432320	2.6050854
432358	-0.725164
432382	5.5512643
432421	2.1396532
432461	-8.887267
432496	-1.1295424
432505	-1.3654937
432507	-0.8076737
432578	-0.7759281
432579	-0.9120298
432716	-3.1152935
432755	0.8383722
432784	3.5824883
432788	-2.0091348
432805	-1.582393
432883	2.69941
432934	-1.800812
432940	-2.0252798
433014	-0.88022965
433053	-8.052845
433190	-2.7502208
433224	5.778257
433542	-2.1498904
433545	0.6333432
433583	-0.6103244
433625	1.8875812
433629	-2.0547063
433658	-1.0109217
433664	-1.3438879
433678	0.7377233
433715	-1.6317112
433834	8.822721
433913	-6.9729533
433981	-3.6780767
434005	-1.3005668
434006	11.2055435
434094	-3.504499
434151	0.013912961
434168	2.438284
434230	-1.8729203
434278	0.9642039
434351	-1.5219078
434375	-5.8971252
434416	-4.208769
434531	-0.9953191
434674	-4.9901843
434680	2.842899
434682	-5.56574
434872	3.7969604
434885	-0.3255708
434891	-1.9062752
434930	-4.8399396
434957	-1.331909
434964	-4.453154
435003	-7.288997
435134	-0.3561348
435386	0.9235442
435394	-2.9909341
435399	-4.3228817
435434	-1.5931766
435448	2.8015196
435527	-0.93886113
435639	2.6426673
435705	11.300633
435743	-0.95390356
435800	-0.8490126
435873	5.376677
435959	-6.6915727
435962	1.2805058
435985	-2.2793226
436130	0.93257785
436155	4.8322186
436222	-2.3193288
436223	-1.6444669
436235	5.9155498
436273	-1.5150776
436285	-0.5902726
436308	0.72889596
436411	1.2953641
436414	7.194338
436476	-4.160887
436512	-1.4984109
436656	-1.0218788
436743	5.9719605
436753	-16.068882
436846	-0.6821971
436869	-5.536588
436888	4.387461
436911	2.5124288
437019	-0.9677776
437025	0.18731642
437033	-0.28495216
437093	1.4731293
437230	-2.616172
437250	-2.0802772
437322	-0.45170835
437323	2.726321
437428	-1.4740782
437432	-0.9843472
437445	-0.9990341
437460	-2.5902703
437484	-1.6782546
437665	-6.7004976
437694	-1.4372952
437755	-0.19700593
437757	-5.835658
437918	-14.401251
437944	2.183871
438092	4.816821
438120	2.770815
438151	-1.39854
438198	6.055192
438263	-0.479722
438403	0.68739897
438507	-4.935047
438543	-0.2900785
438564	1.9961879
438586	-0.9922336
438589	2.288337
438750	-5.174171
438761	4.063084
438765	-1.2588794
438766	-0.37225235
438785	1.9199265
438937	-0.46146676
438962	-1.8400066
438973	14.607262
439026	-0.94594187
439062	5.7452397
439136	-1.0682542
439147	-0.42562076
439156	1.418844
439160	0.83026916
439291	-0.8430274
439299	3.7707996
439374	-0.85456544
439402	-1.4393989
439435	-1.5106977
439473	-0.3594587
439507	-0.58300245
439566	-0.90643334
439568	5.0558357
439636	2.7146282
439701	3.4654956
439708	-3.0028198
439763	0.95348775
439812	-0.835458
439813	-1.74177
440003	-3.9300141
440101	2.5719006
440184	-0.6539281
440247	0.0655403
440259	5.0396833
440337	-2.3333514
440359	-3.6103766
440367	0.24372745
440438	-1.6032468
440489	4.12405
440495	-1.9609162
440573	-2.440536
440585	-1.4756397
440624	-0.16334128
440686	-2.912036
440742	-0.71428055
440758	0.7079203
440873	-2.3780575
440911	3.5283825
441001	-1.1213052
441006	-7.363532
441144	-1.3708806
441196	-0.756179
441216	-1.2626798
441372	3.044794
441553	-2.5348303
441625	-11.993982
441634	9.264398
441651	-3.259833
441701	7.6280847
441741	0.9618621
441760	2.8974469
441846	-28.621254
441876	-2.7054505
441946	-1.3961519
442066	2.636587
442072	-0.9679436
442086	2.615825
442094	2.9935017
442245	-2.537338
442249	-7.9976177
442281	4.99462
442299	3.7707996
442408	0.1802541
442465	10.170275
442504	-0.05464286
442538	0.36507747
442584	0.048023596
442623	-0.9780815
442674	-3.856453
442682	-1.9577159
442746	-2.5752525
442755	0.8384269
442770	1.9981343
442810	-1.5158303
442832	1.8373222
443019	2.8248272
443141	0.749416
443205	-6.9348364
443269	1.4979559
443328	5.58338
443412	2.302952
443428	-4.8858824
443454	2.4570153
443535	-4.2203813
443550	1.7451884
443630	2.000776
443735	-2.8652067
443770	1.234577
443805	0.2904661
443809	-0.9731729
443826	-3.1847892
443873	8.607814
443947	-2.9500353
443970	-1.4570572
443985	0.60003006
443998	-5.566023
444078	2.5565734
444261	-1.3686296
444406	-1.0479387
444433	2.2187676
444546	-1.3161173
444623	8.342706
444633	-0.24759038
444670	-3.6293197
444696	2.891044
444740	-0.3620087
444759	-0.11002887
444845	7.8560486
445017	-2.5323446
445019	-0.66678584
445027	2.8079853
445060	-2.6205075
445067	0.97551787
445068	-1.9970351
445121	-2.601342
445131	1.521091
445197	-0.6391941
445230	-2.4943485
445256	5.566683
445356	1.8546528
445408	-3.2093024
445460	-0.31805253
445495	-0.0035884506
445511	-0.67898005
445527	4.3320136
445555	-2.2736008
445597	2.7763848
445691	0.5330683
445722	-0.8802848
445774	0.9158281
445803	4.1976867
445839	-1.4139378
445979	-0.922465
445980	-0.951005
446001	3.6651864
446079	-0.3795556
446126	4.09595
446164	-0.46093547
446226	3.3970249
446347	-3.0822737
446368	-0.680073
446373	-1.8600819
446473	2.2008536
446561	-0.43407652
446662	2.1965997
446667	-0.96928275
446714	0.5731617
446803	-1.6229762
446871	-3.530971
446975	2.6015475
447034	-2.479856
447096	-1.9390135
447110	-12.9296055
447117	3.5911224
447127	0.91650623
447138	-0.53348076
447227	10.24485
447343	-2.295448
447431	3.543087
447457	0.69773215
447480	0.32785642
447531	-3.356099
447533	-3.096521
447666	-0.29597154
447678	1.6039008
447691	-1.8616471
447702	-6.523057
447741	-1.6970732
447904	5.6481547
447968	-0.98283535
447980	-3.5392094
448034	-1.1368635
448151	-14.281667
448159	-0.9097127
448160	-6.412388
448176	-0.7760034
448383	-1.3253936
448407	-5.276176
448532	-3.9866295
448537	3.7253983
448538	1.9087243
448548	2.2095726
448590	-0.27276093
448600	0.16269799
448611	-1.5943547
448627	-0.9911984
448689	-2.3318765
448694	-2.026153
448696	-0.32644898
448754	0.53027606
448762	-0.96635085
448796	-4.6175165
448803	1.1058321
448955	-1.6495535
449015	-0.94212073
449026	3.7370505
449035	1.2711965
449036	-2.9518654
449062	-0.99676174
449119	-0.8642363
449190	-4.554868
449206	1.2320776
449209	4.5130534
449220	-0.97684044
449280	-1.7570035
449285	2.9029305
449369	-3.8326395
449418	-2.627226
449461	4.4968348
449498	-1.4664474
449641	4.6922674
449749	-1.8987942
449799	1.9447757
449848	1.3010377
449877	3.22312
449885	-0.34049365
449948	0.2530227
450075	-3.0057583
450187	-0.807231
450237	-3.2508621
450278	-0.81724805
450301	-2.7542915
450331	-4.713152
450351	-2.6622376
450377	5.427664
450426	-0.8838461
450483	-0.4838296
450511	-1.0864084
450525	-1.4883101
450590	0.98555076
450600	11.156243
450616	0.39631608
450672	-0.55358356
450745	-7.1798677
450747	0.19580461
450775	6.9189916
450786	4.3374414
450789	-2.571084
450864	-1.3427187
450881	-0.7637243
450951	0.97298795
451012	-3.7555792
451064	-2.4034004
451221	-0.8179429
451237	2.3215513
451299	-0.81977355
451309	-0.9422641
451375	-1.090364
451497	-0.506373
451520	4.3137136
451532	-1.7016001
451547	0.10712646
451583	-1.8864865
451588	4.212489
451642	-1.7738234
451645	-0.5446956
451734	-3.1956959
451800	1.3896347
451985	-1.2646589
451991	2.0615437
452018	-0.14095248
452169	2.687268
452251	1.3163675
452265	2.623939
452330	4.6686497
452515	-2.957522
452686	1.1343458
452733	2.2827563
452764	-1.5057017
452839	-2.2156293
452950	5.8687844
452951	6.1087937
453009	-0.6800028
453039	-4.1525435
453121	-2.5616677
453154	-0.90432733
453186	-0.14801571
453200	6.5047483
453333	3.4955502
453368	-0.9980773
453446	-0.9316004
453474	-1.9397817
453476	3.8176298
453559	5.069721
453564	2.2845845
453568	-4.2352123
453601	3.3524115
453621	-2.3203917
453668	-0.8719333
453836	-2.4570277
453873	2.9622672
453909	5.8836374
453991	-1.2321924
454062	3.3945575
454157	5.4471755
454166	-0.3620087
454203	-2.6214468
454259	-0.9557098
454263	-0.98922986
454269	-1.2526243
454375	-0.49361452
454389	4.0150275
454415	-0.8861983
454491	-3.2738943
454588	1.2527605
454638	1.1335698
454701	-1.2890878
454850	-1.5131394
454861	-1.6789255
454870	-0.3736036
454906	0.58210844
454940	-0.5313963
454979	5.3202305
454995	-1.7807617
455024	-1.6699277
455073	-1.977245
455250	0.76575166
455323	-3.774705
455355	0.042056296
455363	3.7920039
455389	2.6728652
455396	-2.6205015
455484	0.83068883
455490	2.7270553
455545	3.926669
455571	-0.77777654
455752	-2.4900932
455766	1.7046552
455796	0.8087366
455809	-1.6207975
455810	0.21490727
455892	-2.3674817
455894	2.3840017
455902	-0.56830347
455967	-1.6496783
455984	-6.0358996
456059	2.7687776
456075	-3.4867797
456101	4.5187182
456109	-0.9880162
456178	-2.323902
456180	-1.7699895
456211	-2.9033048
456238	-1.4415091
456245	2.6158943
456366	3.2768447
456400	1.5902085
456415	5.296884
456519	6.52887
456615	-6.860239
456633	-1.1574305
456636	2.4678943
456673	2.1117465
456675	0.2976345
456680	-1.9938922
456764	10.445111
456820	-0.9772855
456975	2.7002318
456990	-0.4838296
457057	6.9410644
457081	5.207842
457101	-2.1315882
457115	-13.356123
457141	-15.735138
457285	0.85213995
457439	-0.21143857
457472	-2.9142668
457538	-0.88022965
457550	-0.58310676
457666	-1.3910403
457671	-0.74274516
457878	4.2671485
457884	9.179469
457978	2.1518826
457986	1.7094206
458100	-1.8567663
458115	1.7705357
458163	-0.9984988
458170	-1.0527472
458181	-1.1181648
458332	-5.774081
458344	-1.6543345
458376	4.5159965
458420	2.508976
458488	-0.7013495
458510	2.1030538
458541	4.7090197
458598	-3.770667
458616	-1.5020181
458752	-2.0930574
458808	9.289918
458811	0.6406159
458821	2.3530424
458854	10.2161045
458915	2.2425737
459026	-0.78780687
459040	-2.939024
459047	-0.53348076
459067	-1.876443
459138	-2.1066651
459189	-0.6821971
459232	-0.93546075
459289	-10.877671
459327	-0.9095085
459348	-10.038143
459389	-0.9980773
459468	-1.4325012
459476	0.3548482
459634	-2.6214468
459658	9.374902
459797	2.1869051
459876	-1.7028538
460025	-0.65025234
460035	-0.24759038
460129	-1.5340539
460220	-4.425157
460356	-0.33207732
460419	-0.86942047
460497	-0.19700593
460500	2.3965185
460528	4.611922
460586	-0.86942047
460712	6.7133865
460758	-1.2860415
460791	-1.2079266
460828	-0.17996083
460833	-0.83460796
460855	1.9000419
460954	3.8059943
460963	-4.428076
460976	-4.091142
460977	-21.483042
461088	-0.48506147
461120	7.504468
461163	-2.1576362
461398	1.74657
461498	4.608923
461518	1.7570119
461555	7.8644576
461582	-1.4819461
461833	-11.898171
461842	-2.7570145
461907	-2.225971
461958	0.98642695
462002	-4.299726
462071	-5.562151
462096	-0.99128723
462138	0.044142604
462186	-0.9427104
462210	-0.9522999
462268	3.481323
462272	-2.8652067
462274	-1.8841165
462319	-2.3420806
462359	-0.5735346
462643	-2.1258485
462656	3.1453648
462703	2.736651
462706	4.182154
462736	2.1225111
462804	-0.94824225
462828	-2.3248112
462938	-1.8006449
462950	-0.11002887
463117	0.003074657
463138	1.7554976
463295	0.21220493
463322	-1.2707187
463383	-4.10273
463386	4.110389
463401	-0.9084257
463430	-0.6017993
463466	-1.7807617
463488	5.5443983
463526	-0.4352152
463539	3.9871523
463573	-3.1345172
463596	2.505637
463677	3.2089055
463698	7.916588
463730	-2.9801912
463773	-2.7396932
463818	-1.684558
463827	-0.8822375
463899	-2.705696
463918	-1.3665531
464031	2.605647
464041	8.784897
464268	-3.5894742
464271	1.032327
464334	-0.2539044
464382	-3.8215196
464409	-0.48851728
464466	2.2205503
464600	-2.9064093
464667	2.0192704
464690	2.8248272
464697	-1.1642642
464706	3.1565793
464763	1.6519054
464818	-1.116546
464820	-0.8547244
464842	-0.99036115
464857	0.9155991
464878	1.1059185
464890	-0.85509616
464891	-0.97007614
464901	-1.8388027
465014	4.815223
465035	7.755424
465075	5.8710604
465097	-1.7415193
465123	2.6932273
465130	3.8958
465138	-3.328414
465139	-4.215751
465255	1.3001779
465266	-0.1970004
465313	1.3794059
465346	-2.7509623
465470	2.9423313
465532	2.9760895
465558	2.463273
465565	2.6545997
465585	0.5261449
465639	-0.87900627
465663	-0.98931277
465701	5.6914253
465864	-0.17704129
465905	-0.9823532
465985	-1.6533209
465993	-0.17996083
465999	-0.8790284
466032	2.3828979
466033	-1.8563648
466122	-0.7613221
466160	1.1643639
466162	0.3888822
466192	2.8538225
466196	3.762058
466206	0.92814916
466299	0.69849515
466333	3.2047985
466340	-8.230805
466390	-0.06390202
466509	-1.8112142
466513	-7.8993716
466560	-3.318739
466619	-1.4958981
466669	-1.3183589
466689	0.3437623
466785	4.2757883
466842	-8.160961
466855	2.0010629
466934	-3.5079348
467210	3.6826148
467277	-3.908502
467355	0.9910623
467366	-9.192565
467369	-0.9891903
467406	1.5765684
467460	-0.9803983
467639	-0.9618748
467738	-0.7367051
467773	-3.3898225
467808	-3.0709455
467813	0.85616815
467876	10.865663
468029	-3.5072148
468061	-0.9103031
468077	-0.57486635
468104	2.6246543
468167	1.5007831
468199	7.10299
468236	-0.6391635
468358	2.853615
468381	0.20653552
468449	-1.2341892
468464	-0.34913567
468506	-0.80235815
468525	-2.493368
468746	6.8265896
468757	0.9970449
468847	-0.5271539
468908	-0.22496688
468931	-1.4867924
468944	-0.9999199
468990	-1.5981032
469014	0.8917782
469038	3.268305
469085	-0.062568255
469096	2.6629648
469109	4.63988
469146	2.1398108
469170	-0.6409523
469181	-41.624916
469232	2.4768481
469251	0.9083977
469282	1.444002
469427	-1.8644729
469465	4.9354677
469469	2.2120578
469504	2.6306024
469513	-0.48671985
469521	2.3242433
469616	9.024415
469627	-7.7113423
469676	0.44046846
469693	-0.807231
469793	2.4814248
469799	-0.68807065
469852	-1.8817927
469876	-0.83216006
469877	-0.9557601
469939	0.55152696
470051	-5.4940777
470062	-2.9838586
470148	-4.928819
470204	1.6883243
470391	0.7203803
470403	0.5652269
470486	0.9693662
470497	-5.7078815
470771	-0.83544195
470809	0.8057806
470921	-2.0417235
470931	-0.79960424
470932	1.9218642
471012	-2.1251898
471213	-0.5539931
471281	1.9960083
471329	3.060468
471367	1.0212762
471416	-0.9333557
471497	-2.0375192
471503	-1.6538163
471520	0.9919219
471557	3.392545
471679	2.6400974
471761	2.0297513
471780	3.1542966
471802	2.4746087
471819	-1.1707438
471842	0.972502
471855	-0.86921984
471861	1.3031254
471871	1.6312127
471952	-0.7300484
471955	-1.6650126
471982	0.14571166
472042	0.88276017
472083	2.5774295
472123	-4.363364
472188	2.4139414
472213	-0.7937825
472306	-4.321846
472363	-0.9853783
472389	-0.6823253
472459	0.5274359
472467	-1.62278
472557	-2.8870945
472672	0.59259933
472777	4.9879975
472823	-1.0657089
472953	7.5768714
472984	6.454141
473008	0.31389648
473096	-0.46963754
473166	5.004184
473260	-0.7999426
473338	2.6583054
473388	-4.902569
473419	-2.3048549
473584	5.007209
473695	-1.5131394
473775	3.8101957
473823	4.1123185
473968	-0.9120298
473976	0.9594914
474020	-0.8280655
474073	3.1188176
474107	-4.1875505
474306	3.4302971
474401	-3.8814933
474411	-0.9872051
474432	0.77108413
474466	-0.39543992
474505	-4.289334
474532	-0.3736036
474547	4.127296
474564	-0.95571077
474693	-5.481103
474798	-2.987957
474818	-0.36934644
474887	-2.600133
474889	-3.6410468
474953	-0.8519178
475000	-3.7535965
475040	-4.5737433
475072	9.935793
475169	-3.2803733
475176	-4.5265718
475271	9.862296
475282	-1.3945166
475322	7.719405
475327	-4.1316338
475337	0.4977149
475353	-0.604127
475378	-2.0320737
475390	-0.2909961
475412	4.0139284
475475	-4.6437798
475506	1.6923252
475554	4.559486
475603	-0.97539
475702	-1.706228
475730	-1.3131375
475734	-5.1762905
475763	2.7567163
475795	1.6571933
475813	0.043852456
475819	-0.99513084
475847	0.20975275
475867	-0.12815885
475870	4.850145
475910	0.31189013
476038	-2.1018498
476096	-0.9146994
476133	-1.6265926
476151	-4.2203813
476167	1.3775477
476197	-2.544529
476248	-3.2093024
476282	2.5612545
476305	2.0858781
476317	-0.21033214
476345	0.9012313
476433	7.4014416
476464	2.9115329
476501	3.090143
476579	-1.4580544
476692	-0.86616325
476717	2.9760895
476738	1.4282544
476752	-4.6635356
476762	-0.9253746
476821	-1.6826926
476862	-4.736925
476868	0.6228391
476877	-0.15885328
476899	1.1406281
476926	-0.7937825
477056	-7.4454074
477071	-2.085696
477127	-0.9265772
477231	-0.98716897
477258	0.93796027
477334	3.7238073
477348	-2.5999784
477366	1.227931
477425	2.365468
477515	4.3287783
477553	-3.0737326
477561	-0.9937011
477563	-0.80187327
477587	-0.15203781
477769	6.0534043
477782	-1.3745092
477806	-0.22608419
477812	-0.86792904
477888	-3.0295346
477909	2.0703285
477925	3.9331207
477926	-5.071287
477958	-5.0366855
478045	5.0927114
478057	0.20232642
478063	-4.294936
478082	3.424273
478135	-0.062568255
478152	1.444002
478180	0.7377233
478188	-5.750343
478204	-4.435433
478213	-0.289538
478274	-1.5593952
478373	-0.99494976
478386	4.318658
478498	-2.707501
478517	1.9647084
478608	1.713605
478758	-0.86507267
478867	0.2773558
478903	-5.2161703
478915	1.5765684
478931	-7.05414
478955	0.41449893
479043	1.9579655
479074	-3.4137278
479111	-1.9589922
479117	-0.62039983
479216	-0.6755859
479231	-1.2930896
479255	-4.9811563
479350	-1.18729
479366	-1.7377691
479390	-7.332936
479433	0.85616815
479478	0.9647183
479493	1.6616746
479545	-0.48702657
479628	-5.98709
479632	16.851236
479737	-2.541489
479762	1.8629025
479766	0.29419473
479826	1.520816
479909	-2.7463462
479913	4.020526
479955	0.40831056
480017	4.075112
480059	-6.6349955
480063	5.5820174
480109	-7.3677974
480153	-1.5088006
480156	7.3805203
480157	-0.9853783
480202	-0.84197146
480219	0.9933951
480220	1.0071961
480260	3.5935209
480348	-10.968937
480379	2.8054495
480447	0.8007344
480512	0.5887321
480591	0.7400738
480655	-1.5219078
480673	-1.6991268
480775	-1.3899025
480777	2.9009602
480783	0.45650274
480798	-0.9999539
480802	-0.3469274
480814	-0.76714754
480823	1.517662
481023	5.5912476
481033	2.6581995
481067	4.392258
481079	-1.0119274
481090	-1.2652962
481111	-0.9935942
481217	-1.977245
481249	-2.31762
481262	1.504246
481286	1.5833534
481334	-0.95688444
481368	-1.1150155
481389	-0.7101042
481458	1.8743055
481462	2.5648394
481502	-8.243691
481565	6.4230223
481606	1.7239203
481630	5.765092
481653	-6.7193294
481684	5.0191917
481696	-0.85736704
481832	3.4654572
481837	-0.85509616
481903	5.6445956
481912	-3.6008704
481927	-0.94824684
481979	-1.0018734
482000	0.40751177
482041	4.685115
482050	2.687268
482080	2.1695867
482109	-12.882077
482152	1.577752
482156	-5.1535797
482201	-2.390838
482252	-8.271637
482259	-6.107062
482311	4.330304
482331	2.5010786
482435	-7.731574
482485	1.8615636
482515	0.18731642
482563	-3.852544
482694	-6.0434957
482746	-4.660329
482761	0.0976829
482763	-3.4014568
482812	1.7390176
482870	5.8479013
482891	-1.8407495
482931	2.75249
482998	-2.9177194
483026	-1.5062621
483129	0.4356074
483154	4.541259
483158	-3.4464889
483276	-5.1183434
483355	-0.50604045
483372	-0.604127
483385	-4.909779
483387	-2.0974712
483399	-0.49968535
483408	-0.37134025
483433	0.33486974
483564	11.765197
483589	0.6786901
483593	-1.0403421
483597	4.9222603
483633	-1.3745092
483636	-1.5370775
483682	3.6732454
483712	4.4969935
483740	-0.7808186
483790	6.40634
483835	-5.5250506
483978	-2.1577492
483991	-2.5445805
483992	-0.9169189
483999	-2.2835279
484134	-0.81724805
484140	2.0854104
484153	22.163382
484175	-1.3124535
484191	-2.447465
484196	-2.9582462
484225	-2.2161915
484255	3.6183834
484303	-6.48362
484406	9.016134
484459	-3.4453163
484492	-1.4020754
484503	4.503208
484522	-0.52534187
484570	0.030880682
484579	-2.6457286
484620	3.7101252
484698	-2.949864
484735	-0.9422641
484738	6.7982535
484803	0.8998568
484841	-11.823673
484869	0.4451335
484934	6.8315997
484941	7.6920004
484956	-0.8087416
484957	-2.9664345
485004	-1.9768201
485005	-1.6865387
485016	0.72125113
485045	1.8225318
485088	0.01577636
485090	-0.27924773
485091	5.2445216
485095	3.591894
485127	8.097214
485133	1.848942
485164	-7.177074
485276	-6.532751
485283	-0.912032
485329	0.8777346
485373	3.5303013
485397	2.083068
485402	1.2541549
485409	5.3202305
485422	6.52688
485516	-0.9350468
485530	-6.0984797
485542	-2.7074273
485562	-2.5055165
485568	-3.0066845
485570	-2.705696
485592	-3.0880668
485599	-3.0272455
485608	-2.3972025
485644	2.1710303
485798	-1.7881478
485872	2.8377988
485874	-0.9953191
485886	-0.9999199
485887	-1.2197489
485915	-1.7415193
485964	2.7953188
485965	0.8167821
486003	1.9003673
486004	-0.95174557
486032	-0.11002887
486034	2.8841655
486153	1.6582464
486167	-0.9505376
486253	-0.31805253
486282	-0.7367051
486309	-1.9226358
486321	-0.7811148
486322	-0.5326406
486360	4.6454782
486373	-0.74369025
486393	0.44690314
486394	3.0531092
486396	10.109025
486412	-1.8616601
486432	-0.95672673
486438	1.2569969
486469	-5.5079293
486506	3.0209332
486534	2.196551
486543	1.6296985
486602	2.7590446
486668	3.5579324
486688	5.884834
486750	3.803027
486761	2.773621
486763	-4.693922
486828	2.5473664
486831	3.217619
486879	5.2537317
486904	2.1672206
487016	3.057246
487017	-2.949864
487023	-3.4797099
487123	-1.3961519
487149	-5.6170993
487157	1.587127
487162	3.4021752
487220	-12.747144
487252	-1.4941204
487266	-6.0264435
487323	2.2978249
487339	-0.18588373
487350	-0.44272426
487377	-2.9934037
487472	6.324685
487496	-10.244282
487548	-0.8109436
487558	-1.6459312
487655	5.12637
487663	-1.6538163
487665	-12.25477
487675	-3.446626
487698	2.5160048
487743	1.1580511
487774	-1.4348129
487840	-0.5622048
487879	-5.679927
487886	4.7276406
487907	8.794141
487925	-0.06390202
488032	12.880434
488048	-1.2303584
488061	-0.61969054
488090	0.26333597
488091	2.5626874
488202	-0.62161916
488209	1.9757118
488320	-0.66153795
488321	2.390011
488402	4.4032173
488420	-2.2793226
488467	-4.5255694
488501	1.4210749
488507	2.562936
488525	3.4395323
488644	-4.1297035
488718	-2.908472
488728	-1.0024186
488756	-1.5338737
488759	0.4977149
488902	-0.36426634
488932	-0.6722753
488941	-0.81934685
488976	-0.7989106
489143	-3.0659041
489170	-2.9582462
489212	2.9783933
489231	2.2478187
489298	-2.4340997
489330	4.149922
489337	-0.5302324
489368	-0.43936276
489499	1.9414865
489590	-0.62682104
489607	3.2636955
489626	1.649697
489643	-2.814466
489644	-0.67420024
489651	4.103524
489679	-1.5604177
489733	1.7665714
489772	2.7155879
489851	-0.69056535
489873	0.9235442
489949	6.3491826
489955	-0.8924303
490023	3.5845609
490106	-1.8343799
490125	-1.3106608
490163	-4.354768
490177	0.8197551
490207	-16.863445
490236	-2.6349976
490259	-0.7637243
490281	1.5363084
490321	-0.9924082
490371	-1.8054588
490384	8.144573
490448	-0.74595356
490513	3.0190296
490517	1.993394
490541	-1.6869488
490609	-0.66133493
490610	-0.9265772
490642	-0.3594587
490672	-3.5156276
490716	-1.0701854
490954	-0.8807536
491007	1.846768
491072	-2.3048599
491077	1.0301648
491128	-1.2310086
491225	1.5902085
491247	-1.7820374
491273	-2.17636
491319	-1.6855487
491320	-0.57874274
491328	4.7732368
491330	2.8291442
491352	-0.96513426
491455	7.1017833
491507	-0.28659967
491512	-3.0700407
491586	-0.9076588
491602	1.8987188
491604	-2.1870599
491613	0.8003634
491614	-2.3960743
491658	-1.5002251
491676	-0.9265817
491682	-0.58606255
491689	-0.5673302
491806	-0.7329217
491942	2.8645916
491947	3.3357356
491967	4.4312205
491980	-0.87652206
492014	-1.0751452
492015	-0.80410916
492070	2.5832958
492081	2.6500156
492087	-0.27519432
492093	-1.2342
492125	1.6050673
492258	4.271558
492308	6.586446
492312	-2.5014856
492382	1.4344888
492411	1.4580677
492460	-0.2909961
492507	-0.7863603
492534	-1.3067564
492559	1.9378866
492565	3.0264802
492583	-2.2474394
492609	0.622403
492676	-0.4634665
492691	-7.674658
492747	5.2691436
492784	4.242628
492817	2.389921
492847	-7.5753694
492966	-0.17996083
492994	7.999607
493056	-1.4203336
493094	-0.9999453
493127	-12.035473
493182	0.8830335
493252	1.9863225
493404	-0.7320953
493435	2.869377
493479	-0.5494784
493491	3.2169244
493586	-3.9085584
493591	2.640919
493617	-2.3254187
493635	-0.65587753
493648	1.6980654
493687	0.28534842
493716	-0.9999453
493806	2.378203
493857	1.9163996
493864	-11.482276
493875	5.1796703
493893	1.4033483
493897	4.762833
493962	-6.533082
494052	-15.270793
494083	-2.6762824
494122	0.7868207
494152	5.193519
494174	3.5911224
494214	14.834116
494224	5.052086
494241	6.456582
494299	-1.3636376
494468	7.1587234
494557	-1.0029818
494580	-1.952018
494657	-1.1224891
494709	-0.71126133
494734	-1.880768
494792	-2.163034
494816	2.382376
494824	-0.87237906
494857	-0.8449376
494891	-5.914336
494893	-1.2310342
494915	-0.44631988
494943	-2.4183488
494948	-0.5533266
494953	-1.9537776
494992	-6.6915727
495026	7.481469
495032	-0.680652
495116	1.2032015
495169	-2.048044
495207	4.623976
495324	3.7597024
495350	-0.68081284
495357	-4.6538925
495427	-7.176665
495533	-0.45952654
495727	-0.96463627
495759	-2.6448429
495795	2.4832582
495823	1.2137591
495829	-0.7640005
495831	-1.0730826
495862	-3.7940826
495971	-0.9301281
495981	-4.908999
495982	3.6857867
496101	-4.303634
496220	-1.95272
496227	-1.0518036
496292	0.049799126
496297	-18.89368
496414	2.447477
496420	0.77065843
496536	0.7082517
496556	-0.7986787
496671	-1.3253936
496683	5.9732976
496688	0.02204413
496728	-3.45578
496732	-5.0990095
496774	7.176687
496800	3.29459
496845	-1.2564901
496857	-0.54261374
496875	-5.5648613
496889	-0.69944113
496971	-0.9783857
496975	0.90638286
497041	0.80018026
497066	2.9295802
497074	4.5116367
497089	-1.1651883
497090	-3.0907323
497118	0.13663562
497122	2.0085213
497126	1.2371398
497167	-5.560819
497224	-0.46165025
497235	3.3020678
497266	-3.250336
497324	4.8271413
497352	-0.6814333
497406	-2.6250393
497439	-2.9296906
497558	-2.3318973
497602	1.2192274
497670	4.6435003
497703	-0.7759281
497816	-3.5567443
497841	9.774847
497851	-0.5094377
497910	4.795651
497958	-0.67420024
497967	-3.0374649
497990	1.2833234
498004	3.0674639
498018	4.6574416
498037	2.232587
498105	1.4635314
498122	3.5820687
498158	1.532696
498189	2.2442892
498196	-10.824123
498207	1.5008174
498251	-1.6354511
498371	4.875805
498407	-1.2541083
498472	-9.636218
498524	-0.9422646
498540	0.10634997
498624	-0.59635484
498629	1.5071663
498631	2.6381555
498711	-0.9389313
498715	0.8428509
498806	2.083463
498830	5.89406
498835	-0.95642424
498882	4.436494
498902	6.9966426
498907	-3.8284392
498927	-0.33576837
499006	2.8264673
499027	-0.58103275
499071	3.225232
499106	-3.3557353
499118	-0.94683367
499127	0.008991299
499187	0.9600022
499241	7.0073547
499242	7.674013
499293	8.728363
499342	-6.2707734
499366	-0.9384472
499376	-0.95413953
499497	2.9407983
499576	-2.3649502
499581	0.09569681
499614	3.612326
499700	1.8462038
499728	-0.87834287
499739	-1.5212252
499772	-5.326685
499888	-0.3447643
500048	-0.94594187
500108	0.122850135
500173	-2.7853074
500192	5.704349
500367	-0.90314096
500392	1.4731293
500542	-2.1913073
500546	13.167664
500598	0.8836437
500606	5.2901125
500647	-3.567774
500670	1.9447757
500732	20.82112
500886	0.99861
500900	-0.6778427
500977	-2.350548
501082	9.011314
501133	-2.3995793
501150	-5.71986
501167	-5.0736012
501237	2.0879338
501288	-4.028524
501293	-0.9938446
501325	-0.09055961
501380	1.598188
501468	-16.962168
501490	-0.12815885
501493	2.5719006
501517	-3.60652
501534	1.4780097
501535	1.461448
501585	5.4628534
501674	-1.34864
501680	-1.3956202
501723	3.6758664
501748	4.0355644
501772	5.246315
501827	-1.0122833
501882	-0.71337676
501903	4.5032415
501929	-3.1227834
502004	-2.6704957
502016	4.3374414
502075	-0.23856334
502122	-1.3242049
502178	-0.20645243
502293	-4.7293577
502317	5.908896
502342	4.55894
502343	2.69941
502384	1.7987323
502387	-0.6918768
502392	1.3392946
502400	-2.241468
502449	-2.9484494
502451	-0.8179429
502486	-0.07415044
502491	-3.038328
502657	4.29736
502666	-1.1589446
502729	-9.369524
502773	-6.223755
502777	-0.5314643
502790	-4.693922
502800	6.462302
502819	0.39061204
502822	-3.1725187
502840	-2.3701239
502885	-0.42761827
502909	-0.9060638
502921	-0.7802847
502929	0.972502
502952	-0.8242636
502985	1.8373222
503032	-0.95571077
503089	6.864114
503152	-2.3171744
503157	-0.95390356
503208	1.6024145
503291	-0.9349079
503321	-2.6622376
503368	-1.3126016
503453	-0.99710554
503580	0.8773352
503586	-0.32237473
503591	3.7920039
503599	-6.9354725
503601	1.5202698
503692	-0.7597304
503760	-4.5312996
503764	-1.2418212
503791	-1.5171053
504034	-26.315561
504036	-2.412712
504078	0.8917782
504094	-2.4032283
504115	-4.6663504
504127	3.745271
504157	-0.97684044
504190	2.1643229
504231	1.4836382
504290	4.025635
504299	-5.3725977
504318	-1.7751337
504327	4.2078457
504457	-0.041934893
504476	2.9935017
504513	13.073294
504530	2.0906746
504543	-1.8882525
504562	0.30185837
504569	-0.3766416
504626	-0.7760034
504640	-0.6886522
504647	-0.06390202
504661	-1.4440662
504892	-1.4950061
504928	-1.8581933
504936	-0.75218135
504953	-1.0119274
504992	2.680321
504997	3.2839355
505061	-1.5943547
505160	-1.7014996
505177	7.7721195
505299	-1.6289837
505306	13.0082245
505328	2.1116812
505375	0.982501
505427	0.53027606
505432	0.82648915
505523	1.4630977
505531	8.522646
505567	-2.390344
505745	-1.5518786
505762	1.7912549
505776	-3.1227834
505824	2.003276
505836	-1.4853538
505867	2.0638556
505885	-2.4570277
505931	-1.2890878
505971	2.547898
506118	2.5648394
506167	0.74383205
506199	0.35967147
506288	3.4417253
506302	-1.2310342
506321	2.643543
506406	1.248842
506585	-0.9853783
506615	-0.575475
506620	-5.3107824
506641	-2.2765443
506727	0.0576138
506737	1.3976588
506900	-0.6760879
506976	3.7076757
507046	-3.701421
507051	-3.295372
507094	2.8292015
507105	-1.9750428
507167	-1.8242835
507172	-3.0409515
507198	-1.8581933
507206	-0.9669991
507223	-0.9782862
507235	-1.5506516
507257	-1.0272747
507271	-3.004023
507335	1.5707705
507411	-2.0397816
507482	4.216766
507502	4.1271524
507516	-0.25243965
507562	-4.3329225
507587	-3.9752896
507602	3.2193625
507607	-0.99347025
507706	2.676298
507751	4.232908
507846	3.9102812
507891	-2.5822012
507913	2.1116812
507916	5.894885
507938	-1.001193
507998	-0.9541863
508037	-3.1641085
508042	0.8395167
508060	-0.8790284
508281	11.387363
508351	1.168136
508372	1.1335698
508428	-9.353136
508465	2.9022408
508477	-2.5400536
508495	1.0481995
508664	-0.9203778
508821	1.5101806
508825	3.0533075
508863	-1.5420256
508912	3.3575277
508976	-3.1847892
509056	0.28209507
509073	2.9247522
509235	0.1676622
509242	7.864917
509302	-1.6808692
509324	2.1363213
509329	8.634549
509347	1.0635535
509381	-0.99939555
509411	-1.3686296
509418	-1.8616601
509448	7.176687
509452	3.7756286
509495	-0.3561311
509516	-0.6851183
509566	-0.6800638
509624	2.318561
509656	3.6143737
509679	-0.6539281
509715	-4.013563
509733	0.25672206
509764	-2.7168999
509779	0.14561366
509782	-0.28344947
509811	-2.053505
509840	-0.99500924
509845	-3.7854083
509850	-3.4648654
509873	-0.99901867
509926	-0.42679462
509951	3.8837938
510049	6.66404
510126	-2.450168
510136	-0.6318845
510150	-8.989146
510155	-2.6926014
510199	-0.83526176
510212	6.2614326
510217	-3.1201465
510246	-4.10273
510361	10.618887
510362	-1.8407495
510386	2.0360394
510397	-1.673355
510420	-3.3944943
510456	2.2569919
510517	-0.42522395
510551	-5.694367
510571	-2.6916554
510602	-1.7212113
510603	0.43812165
510608	2.9267046
510609	1.7738181
510634	3.763177
510647	0.080892764
510652	3.9871523
510672	0.86297053
510712	-0.62483364
510715	3.1584654
510716	2.615825
510717	-2.1629405
510743	-0.3469274
510756	2.4308574
510780	-2.2726772
510795	-11.755526
510796	-6.944509
510841	1.805795
511020	-0.97955126
511038	-0.39878687
511069	0.20603186
511101	-2.681652
511150	-1.2258672
511173	-0.70437056
511187	-1.3019875
511191	-0.8693262
511192	0.37213388
511256	-0.93257606
511302	-2.1468136
511309	1.8162429
511385	1.9000419
511389	2.532
511453	2.4917727
511473	1.7541103
511498	-2.3134253
511522	2.3973465
511529	-3.4958088
511556	-2.8266466
511575	-3.9219484
511586	-1.2626798
511626	-1.982139
511628	-0.7209772
511666	-2.0599713
511691	-0.70096487
511699	12.241708
511705	-0.8406959
511714	-2.3675883
511761	7.889129
511866	-1.3176242
511890	1.8739363
511895	-0.7847775
511908	-2.6549406
511925	1.7195358
511948	2.6994357
511952	-2.5835505
511957	1.1753752
511991	-0.73319566
512021	-3.259833
512061	2.0764263
512099	-0.66615397
512101	9.096411
512112	-2.2222438
512206	0.636771
512350	2.7361457
512392	-1.394046
512408	-1.4756397
512421	0.04773087
512435	-0.9265817
512536	1.1981962
512570	-1.4393989
512631	0.9061905
512778	-3.9825141
512785	-0.81827193
512891	-1.6970732
512931	-3.1234355
512971	-1.5047474
512982	9.434136
512991	-6.217918
512995	-2.4723942
512996	0.9466087
513004	-4.528864
513043	1.6980654
513066	-13.148331
513092	-3.3381617
513218	-0.4634665
513262	-3.7820423
513331	2.1325502
513336	5.5648913
513353	-0.95688444
513507	0.73168045
513557	-5.750343
513610	-3.796526
513623	-4.3792725
513660	1.589439
513668	4.021445
513688	4.3154874
513692	-1.0691696
513697	-5.037968
513761	-3.530971
513771	-0.20918591
513788	-0.37446854
513799	-0.3587303
513816	-5.274926
513832	-5.609344
513840	-5.5653143
513866	4.4645476
513874	-4.153595
513936	-2.243014
514036	-0.63416815
514039	-1.3340577
514058	-5.4354467
514083	0.44046846
514088	-1.4331625
514120	1.4506793
514132	-3.5641515
514217	2.5789173
514236	0.3260507
514248	-1.8410826
514291	7.690827
514294	4.8266764
514371	2.7516906
514442	-0.7525583
514474	9.963879
514555	2.3958602
514562	1.177499
514567	1.245008
514601	-0.25286078
514631	3.6651864
514750	-4.718652
514973	1.3142918
514997	-3.0073211
515002	1.8762884
515003	-1.7196229
515020	-0.60044754
515031	-2.6010075
515066	2.891044
515121	-2.9386365
515157	6.084438
515171	2.2493804
515193	-2.485854
515241	-0.77487415
515375	0.9918974
515376	0.22175461
515388	4.1021175
515393	-1.1330795
515400	1.7302314
515437	-0.6755859
515460	5.0396833
515462	2.5672395
515501	1.521091
515541	-5.879979
515606	3.407096
515618	3.0951252
515629	-0.94841063
515676	-3.778492
515760	-5.7697325
515823	-2.5616608
515829	3.5820687
515860	-2.8380513
515862	3.6043656
515872	5.2905803
515901	0.42266953
515936	3.1565793
515959	-0.95056915
515977	-1.0249957
516016	-0.8507102
516064	-3.1629045
516065	-4.486776
516080	3.29459
516182	3.065722
516195	1.741779
516307	5.5737457
516332	-8.084271
516476	9.5445
516499	6.0907598
516507	-3.4519894
516537	-0.5606288
516546	4.9145246
516606	7.9345965
516643	-0.9885014
516649	7.8415213
516693	3.1951373
516730	2.373976
516742	-2.243894
516753	1.862385
516783	-0.5063788
516795	8.38681
516864	-3.235408
516886	3.493389
516900	4.907098
516972	-1.2695457
517003	-3.4464889
517045	-0.9908092
517096	-1.5087413
517103	0.575134
517104	4.5590568
517165	0.017995862
517177	-4.726619
517212	-0.880588
517213	-3.16621
517241	1.032327
517244	-16.821291
517282	-3.8801782
517300	-0.9509529
517319	2.3737462
517320	6.732165
517321	5.715471
517340	2.4769907
517380	3.2980285
517500	5.838426
517521	3.6406431
517545	2.3943322
517563	0.44528106
517619	2.3907971
517643	2.6008916
517646	-0.974545
517682	2.7612185
517698	-2.7054167
517716	0.99994624
517718	-1.4654464
517804	-0.7786173
517861	2.664388
517879	-2.2899632
517966	5.1709876
517992	-1.7462509
517997	-0.2664427
518047	-2.5551949
518111	-0.9084257
518132	-5.2852163
518133	4.099339
518145	-0.3036908
518151	1.79796
518176	1.577752
518216	0.9664885
518224	-6.8449097
518239	2.9462068
518247	2.0475423
518300	0.49335438
518308	8.381844
518415	-0.35183468
518433	3.0020866
518479	-0.4295957
518482	18.787704
518546	-0.99128723
518548	1.8987188
518549	8.546359
518567	-0.4517032
518610	0.138749
518651	-21.65336
518659	6.135464
518707	-2.3660924
518764	15.841792
518888	-3.2395952
518910	5.9802027
518917	1.5489014
518959	-0.04056594
518994	2.2711182
518996	-2.1641529
519018	-1.3106608
519021	-3.9315572
519086	2.7176652
519094	-2.6375265
519156	-6.143159
519176	-0.932682
519315	-1.6185815
519323	7.0129886
519334	0.88713485
519352	5.955527
519462	-1.787037
519529	1.2936318
519556	0.99813473
519577	-2.6839957
519591	-30.51691
519613	-2.1390944
519669	-4.1355376
519743	-0.8948935
519762	-1.1190301
519776	-8.123145
519787	-1.706228
519821	-0.999991
519822	1.6582464
519931	3.5790665
519974	-0.06390202
520017	0.81863207
520026	0.9543337
520038	-1.1742156
520112	-0.68739897
520146	-1.706228
520204	-1.2192954
520211	-1.9173803
520215	-0.8571449
520222	-1.1055597
520261	5.1136723
520313	-0.43430328
520328	0.4988757
520344	2.4416258
520377	-1.7433369
520381	-0.7980435
520399	-2.2940588
520414	-5.447579
520447	-0.71279943
520448	-2.7912884
520461	6.895747
520556	-1.8858088
520587	12.569808
520589	4.0978856
520623	5.021889
520639	1.3180262
520650	-0.997191
520657	1.7516681
520668	2.8661523
520685	-1.1018384
520699	-0.98820174
520756	1.5287678
520812	6.0924253
520834	-0.48575598
520872	1.7256557
520896	-0.95672673
520922	-0.84197146
521014	0.9999725
521018	-4.760252
521022	-3.334322
521046	-0.99901867
521092	-0.7300604
521101	4.4724927
521103	-0.8679259
521118	-4.642214
521218	-3.1906905
521221	-3.63713
521235	1.5022372
521269	-10.272388
521279	-1.8053882
521317	1.5634339
521430	-0.17704129
521476	-0.7944792
521527	-5.7654066
521544	-1.2098784
521568	-0.28488418
521656	0.81863207
521704	-5.3743467
521719	-7.0050445
521746	-0.3766416
521752	-3.8089726
521846	-0.20645243
521852	2.70204
521888	-4.9719024
521892	-2.4830313
521918	-0.04621528
521944	-1.3324971
521962	5.7650366
521988	9.704263
522061	-3.556236
522106	-6.962262
522139	1.1858295
522187	2.508075
522211	0.53412646
522285	-0.74595356
522323	2.068354
522397	2.518111
522467	-0.25261337
522504	-0.94935054
522517	-0.8295509
522552	-1.5358965
522560	0.09361123
522590	-4.2120256
522634	-2.5853388
522646	2.4900577
522664	-1.9093912
522758	5.2394524
522809	11.607473
522814	-3.0983722
522823	-4.718509
522832	0.38364387
522861	3.5695462
522867	2.3226187
522902	2.6728652
522917	-2.735109
522954	-0.80004287
522987	-6.7413816
522995	-5.4122925
523059	-0.8386299
523082	-1.4197685
523160	-0.5553622
523193	1.6403775
523223	-2.5642152
523256	-17.47233
523267	-0.98609054
523293	-5.283985
523296	-1.850829
523309	2.225363
523331	-1.1181648
523430	0.3437623
523454	1.5834166
523576	-1.3654937
523588	-0.7752179
523592	3.187508
523684	-6.5813813
523691	-1.8531212
523702	2.1216962
523725	4.25872
523737	4.244255
523772	-1.2990845
523800	-4.321652
523851	-1.3506328
523879	-4.786159
523947	-0.72513026
524019	-3.2489965
524063	5.4738026
524119	-0.77907217
524126	-3.9300141
524137	-0.73858047
524462	4.685179
524498	-3.2453477
524554	3.5120456
524561	-2.8172133
524572	0.7890868
524689	0.64558786
524748	-0.027479032
524797	-4.9680786
524882	1.5479844
524958	-3.5697312
524996	4.566741
525007	4.7781034
525042	-1.3910403
525118	-0.93873936
525162	3.5656743
525192	-7.9461646
525199	-0.7525583
525200	-1.9450508
525405	-0.85745513
525431	-1.180753
525442	1.4804206
525453	0.9919219
525477	-0.7937825
525484	-1.2049619
525559	2.3614316
525568	-0.8556451
525597	-6.6381035
525618	-5.580987
525711	-1.918825
525724	0.23521438
525863	1.6097714
525866	0.09584105
525877	3.0511422
525912	-0.33353138
525941	-0.77777654
525963	-0.7609728
525966	2.594404
525983	-0.95056915
526054	-2.6516407
526190	-0.85772276
526263	0.20588319
526301	0.28559086
526312	1.3193997
526329	-1.3279307
526337	4.5964513
526398	-0.6169258
526400	-0.6071954
526438	1.1885
526467	2.6235337
526594	-5.4004345
526698	-11.8974285
526705	-2.5563028
526740	4.727464
526747	-0.20314933
526749	-1.7702304
526750	-0.82831603
526759	0.10293947
526776	5.7399755
526778	-3.5420902
526882	0.636771
526966	-1.7533462
526974	0.8093705
526996	-7.024703
527040	-0.93334186
527068	-1.2831645
527070	0.61074215
527083	2.2610948
527104	-4.9846854
527108	0.21670252
527133	-5.8701625
527182	-2.1712766
527224	2.461959
527246	-0.33207732
527419	1.4609935
527464	1.6792849
527539	-0.9701558
527543	6.359947
527617	-0.25105247
527646	-2.8870945
527652	2.1396532
527681	-1.2079266
527780	-0.5017523
527836	-0.87405586
527844	4.5991797
527974	14.607262
527989	0.30306002
527996	1.5853595
528003	-7.311676
528052	-0.7654794
528150	-2.9500353
528156	-1.2100055
528178	9.935793
528215	-1.9818654
528230	0.14896592
528301	-1.2434481
528409	-10.800795
528452	-0.062568255
528487	0.22323243
528516	5.9357686
528539	-0.9643533
528560	1.1675472
528578	-0.7234703
528598	-0.8644727
528672	1.9883108
528748	-1.7509705
528769	-0.78929424
528772	0.9482546
528784	-2.3135924
528798	-0.016592095
528844	0.49007082
528848	4.858709
528873	-2.1132185
528922	-0.65025234
528951	-0.8004489
528964	-2.0490015
528986	-1.5020181
529008	0.5731617
529026	0.3482783
529036	11.735583
529077	-0.8153907
529078	-1.0119274
529091	-50.175674
529171	1.1109082
529219	-4.7016172
529247	-28.474709
529283	-4.669453
529324	-2.1891851
529348	1.8255078
529392	-0.995335
529406	-1.1938258
529407	-0.9943293
529427	-0.60044754
529461	-1.605856
529520	2.3669207
529542	-1.9583913
529654	1.3154035
529678	-0.42858285
529714	-7.5271006
529722	-0.5740939
529725	2.5745444
529743	-0.8884323
529781	-0.7504722
529896	-0.51044333
529970	-1.7003878
530019	-1.3243868
530089	3.4200468
530109	8.891029
530117	4.80553
530149	-1.7999291
530153	8.730024
530253	2.8172445
530306	-2.8900728
530333	2.5473664
530353	-5.789294
530375	-0.8719248
530397	2.811192
530438	7.127534
530440	-0.92678946
530446	2.508075
530520	2.9574761
530531	-0.9937011
530544	6.062865
530613	0.19001047
530647	-3.1997318
530704	-2.5496147
530748	1.0045218
530825	0.36507747
530889	5.2143493
530916	-0.9541863
530979	3.6052306
530987	4.7374516
530996	8.066036
531048	-0.76462847
531053	-0.043771215
531155	-1.7904593
531183	1.8046204
531211	-5.475394
531336	-0.98305494
531348	-4.1306653
531394	-3.773789
531422	-0.9995739
531458	-1.0652018
531509	-3.95068
531521	3.4975863
531524	-2.2161915
531618	0.36302486
531646	-2.8809
531654	-2.2631872
531701	0.99086297
531745	-0.506373
531759	-2.4336252
531804	-1.7462509
531825	-0.62483364
531849	0.9998872
531853	-0.8700199
531855	-6.533082
531893	1.3716247
531918	-2.0998785
531939	-5.059435
531955	-5.5692163
532002	-0.83100533
532019	3.3132699
532032	0.13284913
532056	2.0012813
532116	-0.3766416
532130	0.6909555
532139	4.416773
532192	0.04851418
532216	-4.4347944
532221	-1.2652962
532252	-2.6130104
532419	0.93796027
532451	-2.3014545
532506	-0.8156372
532524	-0.62239325
532557	-0.7708209
532574	-1.403859
532579	-0.7603827
532651	-1.7016643
532753	-1.988896
532763	0.5583888
532825	-1.6818218
532868	-1.9723227
532886	-1.76557
532935	8.208517
532941	0.97277963
532954	-19.64601
533006	8.365517
533015	-1.4669871
533086	5.5619116
533154	-0.64311635
533223	-2.2960575
533260	6.172029
533316	0.8907194
533330	4.4374204
533337	-1.4889345
533358	1.985625
533441	7.798319
533497	-2.1641529
533499	-1.857197
533595	-0.82319415
533670	-0.9983805
533681	-0.6876611
533753	1.660904
533756	8.107913
533786	-4.4555783
533792	2.3329349
533956	4.427789
533990	-0.018972604
534000	1.9000419
534098	-2.4034004
534124	-0.8003628
534136	5.2451754
534176	-1.4315615
534216	-2.30266
534279	-1.4819461
534311	1.3910333
534367	-2.1403234
534425	5.3415823
534451	-11.27367
534463	3.5207865
534525	-0.3561348
534528	1.5473361
534559	-0.85163003
534621	3.1196978
534641	-0.58606255
534662	-2.329982
534663	0.87838894
534675	4.9863086
534681	-0.6683777
534691	3.237926
534749	-0.9560372
534802	10.4042015
534849	2.2488015
534892	2.8214207
534904	-1.9554166
534963	2.310621
534994	3.914183
535047	1.8163275
535116	6.0223536
535121	-4.114652
535169	-0.81813174
535188	-0.8838461
535239	-1.2791488
535311	-2.9512746
535321	2.301918
535329	3.6579084
535398	1.2725935
535421	-1.2148579
535429	3.9125533
535505	-0.95140755
535532	-16.662184
535577	2.0521333
535610	3.0207899
535672	3.5755937
535742	-1.7202144
535791	-0.5271539
535795	-0.8111267
535841	-0.756179
535850	5.318103
535873	1.8989917
535884	-1.0426277
535898	-2.1328926
535907	-1.1073778
535911	1.5433551
535943	-0.99343157
535968	0.0576138
536001	-2.5936756
536107	11.273802
536110	-0.7008514
536167	-0.9643533
536205	-1.3397462
536212	-2.6101604
536226	-0.54261374
536280	1.491877
536342	1.9394736
536364	-4.9671044
536457	0.8007344
536459	0.84372455
536480	3.257099
536534	0.9726993
536542	-2.9527912
536642	3.0983534
536673	-1.0914055
536715	2.7270553
536738	-0.9957502
536743	-0.92678946
536783	5.4104924
536822	-0.784172
536837	8.230994
536915	0.6405468
536937	-1.2347682
536945	-0.82154
537013	8.011845
537061	-2.1610584
537116	-0.99873626
537122	-2.9122622
537150	-5.1353707
537169	-6.1640716
537175	-1.0871679
537178	-2.4628353
537212	6.8223405
537239	-0.5401089
537253	7.1449723
537301	0.5016685
537350	5.6957498
537458	0.99606466
537552	0.8385997
537585	2.021593
537610	-5.884655
537647	0.8713128
537761	-1.2726585
537766	2.7100093
537785	3.3293395
537794	-0.6977898
537830	-0.11002887
537833	-4.462422
537987	-2.8048952
538039	-1.8879244
538046	2.3206844
538073	-0.995335
538184	2.7043126
538201	-3.331462
538229	3.6019118
538296	-3.3647761
538300	-2.126235
538374	0.83453447
538410	-4.577843
538419	0.8003634
538428	-3.4977746
538451	2.6541321
538474	3.3357248
538479	1.8462433
538481	5.924946
538550	-0.36473462
538634	0.21495628
538636	-2.5936756
538655	-3.1470938
538666	-1.8616601
538731	7.8668046
538785	1.2065015
538815	2.6673265
538855	3.0215893
538857	-0.019873079
538882	3.3970249
538952	8.94402
538974	4.9051676
538985	1.3582771
539052	4.8230286
539090	-0.27981645
539110	-0.70098823
539166	3.7871208
539220	9.690208
539245	4.8007965
539246	0.71924293
539350	6.8785043
539392	-0.34142783
539427	4.2510414
539533	2.6246543
539534	-1.644372
539569	-0.85831267
539601	-14.16228
539655	-0.9422646
539670	-1.0416429
539706	-0.19900657
539727	-0.18710364
539737	-1.0378634
539779	-4.050814
539786	-0.63101614
539822	-3.3575175
539928	-0.9869151
539934	-4.841916
539939	2.8881593
539969	-2.3837917
540011	3.3546805
540036	-0.99997383
540144	-1.7272575
540167	1.9450378
540221	3.7100384
540236	-5.363242
540249	-0.9208393
540302	-0.42858285
540318	2.183871
540332	-0.9764099
540336	-3.1041806
540456	-0.49368635
540517	-0.912032
540555	3.8614876
540585	-0.6258386
540625	-2.4107287
540649	4.2665153
540656	0.9981631
540671	0.8379829
540692	1.2788695
540697	0.90637934
540899	-2.3683279
540906	5.6471453
540989	4.2078457
540990	2.9185536
541020	-1.1392266
541057	2.6381555
541084	2.4909902
541091	-0.93282974
541127	10.157303
541142	-13.193043
541236	3.4417253
541244	1.504246
541246	1.9490708
541327	1.2703742
541467	-1.2217185
541500	-1.6639162
541519	0.40280473
541541	2.6824646
541562	3.3588173
541587	-2.3863754
541589	-2.9638014
541623	-1.4214258
541629	1.3482908
541660	0.9963959
541674	2.9447312
541700	2.9538934
541733	0.8981872
541762	6.064539
541763	-0.35998595
541764	1.8660123
541838	-0.04621528
541851	-1.3358406
541852	0.78801614
541924	1.3899482
541926	-1.015316
541931	0.850794
541935	-1.5192484
541954	-4.2151423
541988	-2.6582212
542035	2.8036788
542057	-2.600452
542058	-5.9060383
542072	7.025026
542076	1.6421286
542135	-11.340975
542176	-5.2126007
542217	-1.1410686
542284	-1.116546
542286	-0.8295509
542342	-0.80410916
542361	-0.19528216
542370	-0.27924773
542380	-1.4788245
542396	-1.8252357
542402	-0.98922986
542432	3.2141023
542457	-1.881981
542459	-0.19481055
542465	5.041005
542468	3.8958
542492	-0.029913334
542576	13.737216
542578	0.7487687
542630	1.864903
542674	-0.7115393
542692	-6.1574907
542704	2.809611
542716	-0.9729845
542730	-1.1087612
542824	5.140275
542867	-1.1925861
542872	-0.57486635
542878	0.23170257
542883	-8.166473
543020	-3.5508823
543025	-0.32237473
543067	8.28707
543127	-15.684326
543139	-7.910217
543259	2.133291
543272	-3.1629045
543302	-0.6970831
543329	-1.4372952
543335	0.91382784
543446	3.333428
543574	1.0842735
543598	-0.1400835
543642	3.558038
543666	-0.69205165
543694	-2.0918112
543701	-3.7189894
543711	-2.2581487
543737	7.130578
543797	0.9447498
543844	-1.2997175
543875	-3.2093024
543881	12.250121
543890	2.1225111
543916	-1.7700945
543937	-7.0129304
544009	5.112222
544021	1.4496773
544054	10.190811
544077	-0.85164326
544101	-1.5002251
544105	-2.103412
544119	3.0207899
544121	1.4660805
544127	-1.5367047
544129	4.4671226
544135	2.3568225
544136	-2.2087147
544146	2.2428303
544164	-0.4732829
544172	-1.4822755
544275	-3.7771645
544316	1.9538993
544339	-0.85745513
544351	3.9803615
544372	1.1603801
544398	8.638699
544467	0.8384269
544540	1.7570229
544541	-1.6582922
544545	9.674522
544564	-1.6813023
544570	5.124232
544599	-2.8146186
544607	5.136175
544616	-2.9752347
544622	-4.3830237
544646	-0.9265817
544745	-0.8332086
544750	-0.37134025
544773	-0.9203778
544842	2.4416258
544909	0.048023596
545006	-1.6694285
545016	5.0094833
545042	-13.961864
545051	-0.7520994
545075	-5.8149424
545080	7.0017076
545086	-0.9120342
545095	-0.99369264
545103	0.98383164
545115	1.4783033
545180	5.2155986
545195	-0.9607183
545221	4.0591583
545242	6.284625
545278	1.7302314
545366	-2.430434
545370	-0.47804558
545441	-5.8139696
545451	0.8825754
545456	2.4373603
545492	3.6811378
545526	0.037528314
545538	3.223567
545596	-0.38405964
545615	1.5673335
545749	2.1362984
545808	2.508075
545823	-0.25261337
545903	-1.3910403
545904	-0.8318159
545912	2.3732893
545921	-1.9247956
545923	-1.1018384
546101	-0.22559673
546184	7.3862667
546311	-3.0730538
546324	7.7071276
546326	-4.7648916
546347	-4.329454
546358	4.1976867
546385	0.9824761
546407	-3.1542618
546421	-1.597789
546426	-0.91132516
546485	-0.421158
546494	-1.8354267
546496	-1.2726585
546506	-0.06925807
546526	-3.4179263
546549	-1.7226881
546598	1.1726499
546619	-2.5743413
546639	-2.8637319
546782	-9.32503
546807	-0.036225684
546820	-0.55174947
546821	-0.87046206
546884	-2.3093746
546899	-0.99494976
546910	0.9376968
546929	3.0126278
546934	4.512632
546971	-0.68511736
547062	-1.4958981
547066	-3.9541547
547128	-2.6782598
547192	-0.89228183
547196	-2.0866156
547200	-1.25466
547209	-2.122635
547217	1.7073102
547228	1.0833628
547279	-0.8295509
547355	-1.1240417
547370	-4.017156
547406	2.7489746
547556	-2.1516917
547601	-2.7025177
547629	-1.5069032
547690	-1.6515124
547691	-2.5835505
547740	1.4506793
547805	3.2655137
547865	-1.6926944
547892	-1.432827
547924	-0.43273208
547954	1.8255078
547985	2.9769855
548018	0.9654226
548044	-1.116546
548048	3.6799188
548111	-2.3193586
548125	1.1833868
548204	-6.1197352
548217	1.9125805
548234	-0.5407533
548379	-7.9944024
548455	-0.1346009
548470	-0.32373798
548496	-0.82831603
548532	-0.7609728
548583	-1.4441993
548667	3.004926
548680	-0.7637243
548735	1.7467585
548752	1.2182444
548872	-0.80155605
548890	-0.5494784
548920	2.7773237
548924	-1.7516267
548931	-1.5192484
548995	-0.92046237
549011	3.5820687
549046	-4.0216374
549076	5.755378
549139	5.596767
549146	-0.9924082
549184	2.143319
549229	-1.1656572
549249	5.2093
549341	2.2760108
549355	-1.6256503
549375	0.8693882
549400	-2.126235
549403	-0.99046767
549412	-2.4034004
549420	-0.7367051
549509	4.4506736
549530	-3.0026238
549532	3.0829747
549538	0.25545996
549578	-2.8161917
549581	-1.2399648
549690	3.3874564
549706	0.81880325
549710	1.6878471
549722	0.95575297
549725	1.5412402
549753	-1.3277267
549790	0.7667227
549865	-0.38637108
549881	-0.8937683
549891	-0.029517442
550154	1.1067704
550173	3.2990844
550214	0.97275954
550277	17.534624
550289	-0.4838296
550381	-0.9575579
550451	-0.78079003
550475	-0.87775284
550489	-4.053524
550674	4.2078457
550705	-2.3683279
550735	3.3302262
551000	1.1132137
551011	-4.315452
551039	1.7210779
551061	-3.7324047
551107	-1.7196229
551110	-0.54569966
551116	1.1320758
551132	-1.7570066
551159	-1.2569207
551174	-0.7732228
551208	-5.4955435
551249	-5.179666
551251	-0.14181739
551279	-1.868062
551288	-0.82391685
551346	3.7390347
551404	0.71196634
551438	-0.8813256
551474	-2.4944835
551482	-0.8406954
551515	0.99067694
551544	4.936277
551567	1.3108537
551582	1.882343
551686	1.9944534
551705	-0.9269101
551714	-5.1591706
551756	3.9123733
551808	2.249937
551839	6.53718
551852	2.6688979
551928	-1.9575145
552040	-1.966076
552243	3.32376
552266	-1.1625204
552287	1.6377457
552301	-1.4719788
552328	-1.3183589
552344	0.8294525
552363	-0.90011936
552371	0.80089027
552400	-2.9926858
552411	-3.585513
552414	3.0533075
552437	-0.6944338
552501	-3.2620893
552532	5.1078115
552575	-0.94935054
552577	-2.3318973
552670	4.393472
552709	2.6455848
552778	-0.9203926
552864	3.7698257
552872	-0.9339057
552897	2.6728652
552910	-1.4219625
552930	0.6743253
552991	4.0248322
553144	0.539729
553169	-3.4519894
553202	2.3354192
553233	5.021865
553281	-3.9353657
553345	2.0758305
553382	-3.9840748
553407	0.49335438
553424	-0.6417973
553460	1.3448951
553489	4.839541
553496	-1.741099
553516	8.164222
553579	0.16493645
553652	-0.95174557
553716	3.352963
553748	-0.40257373
553767	-1.8498503
553824	2.8854482
553889	-2.889432
553983	-3.160844
554087	18.427912
554141	2.4792829
554151	-0.6800028
554169	2.3851304
554177	-11.772943
554202	-0.32237473
554243	1.3206222
554375	-0.4184258
554390	-0.9603837
554418	-0.018171793
554449	7.5297785
554455	-1.2045022
554479	1.4979559
554496	-6.037655
554518	-1.1148425
554519	5.9506025
554538	0.3851241
554543	-0.42690718
554546	1.4937738
554586	1.1953712
554589	3.290299
554650	-2.999466
554656	1.9000419
554673	-1.8817927
554713	0.008172066
554752	0.97298795
554825	1.0967996
554884	6.268268
554909	2.0475423
554931	20.45975
554954	2.0517123
554957	-0.9994965
555011	-0.9865885
555047	-4.170157
555108	-0.6391941
555113	3.8241544
555136	5.613207
555164	-1.9537951
555238	-0.366561
555260	1.5891949
555264	2.7264955
555361	0.4864986
555365	-2.3420806
555445	-3.9484725
555455	4.27303
555482	4.859387
555490	1.8628103
555557	3.7286994
555605	-1.5334325
555620	-2.0122733
555673	-0.95666814
555675	0.9564453
555754	-5.548913
555776	-3.23225
555796	-1.3070123
555824	1.5141497
555844	0.9999725
555874	5.193561
555880	1.7347523
555983	-0.94870186
556018	0.0976829
556034	-3.8191009
556126	6.707774
556130	-2.495435
556211	-3.3996117
556281	-0.7859556
556300	-0.40951794
556315	0.6286338
556470	3.813245
556486	1.697883
556492	-2.3486924
556572	2.623903
556624	5.818398
556627	4.3883185
556646	1.8587513
556694	0.6043138
556761	-1.4372952
556876	-0.11307681
556924	-1.0416429
556978	-0.80155605
557120	-4.133634
557144	-0.96708256
557177	-1.0109217
557185	-1.5975665
557197	-1.8278898
557214	-0.9829759
557341	-0.92871994
557361	-0.83228827
557496	-0.67420024
557586	-2.5372665
557672	-3.6484585
557701	-2.1258485
557750	-0.19900657
557832	2.8054495
557929	6.373223
557942	-1.4642063
557951	-12.588726
557955	-0.7609728
557999	1.5176295
558017	3.5800445
558023	-4.679056
558030	-0.9459247
558049	1.8998592
558055	-4.3912945
558065	-1.178128
558146	2.003276
558191	-2.1287558
558193	-2.8597605
558230	-0.92585987
558232	1.5234749
558236	-0.93275434
558349	0.6181199
558366	-0.99677557
558386	-0.8774536
558395	0.030880682
558406	2.5268779
558434	1.4889767
558437	-5.6842737
558540	4.124975
558624	-0.55529225
558646	5.848191
558666	-5.541459
558706	-0.5335611
558709	-1.996291
558799	-3.5894742
558821	-1.1234742
558825	-1.6185815
558832	1.4569266
558869	-2.1696277
558887	1.5759807
558925	-1.3757654
558950	-0.07011047
559081	8.2906065
559234	5.913642
559256	3.6645355
559272	4.23954
559340	0.76877916
559405	3.1491091
559410	-3.2093024
559419	-0.32711494
559442	2.8172445
559516	5.9901686
559537	8.691779
559540	5.806556
559666	13.879064
559739	-0.5349914
559742	-0.9969679
559779	1.9121587
559796	-2.1281955
559808	4.02674
559929	1.1556473
559942	9.109906
559951	2.3130915
559972	2.4505067
560011	-4.7292886
560023	-1.9248159
560034	0.6385064
560045	4.911385
560071	-5.2839675
560104	-4.4597445
560174	0.88284564
560189	-0.9036254
560377	5.9669743
560467	-5.761707
560469	2.334983
560534	-2.84394
560561	-0.8167272
560581	-3.800724
560589	-2.5445805
560600	-0.97741944
560609	-1.6186396
560636	1.3771278
560688	8.171037
560818	2.7430317
560821	4.6579523
560881	-3.3401723
560915	6.0173244
560944	9.224226
560952	-0.10110132
560974	-4.8033667
560996	2.706106
561007	2.7763848
561016	-6.6808963
561123	11.705702
561125	-1.7127103
561138	-0.7950792
561191	1.7738181
561226	-1.9448239
561253	-0.31657636
561337	-2.343816
561339	-0.4184258
561379	3.5872333
561409	-23.340357
561420	-6.5753355
561470	0.8873681
561548	4.496701
561549	-0.5679667
561558	-5.730384
561560	3.2885349
561681	-1.0553768
561691	2.9700322
561751	0.016703732
561772	7.719405
561814	3.5366113
561863	2.4768481
561881	0.9872948
561950	-2.285814
561993	7.0045633
561995	-0.1879227
561998	4.1912274
562096	0.624295
562186	0.8024549
562248	2.003276
562249	1.770051
562313	-2.2433891
562368	-2.259459
562389	-2.9993267
562476	-4.726619
562561	2.9683688
562580	-2.4788382
562589	-1.2398515
562621	4.4999084
562633	-0.6800664
562642	3.4498923
562659	2.1695867
562842	-0.71168065
562853	-0.65544736
562863	-2.033991
562890	-4.539728
562996	-0.42091572
563015	-2.1365547
563152	-0.95571077
563175	-2.6916554
563209	5.9921756
563219	-1.0403421
563238	-2.3649502
563280	-0.90088147
563289	-0.8372095
563311	-0.94513386
563312	-1.1099805
563339	1.8579986
563401	-5.609344
563465	0.36640865
563525	1.3511238
563529	-10.629903
563549	-0.6455855
563584	1.7850221
563587	-2.647317
563607	0.8704847
563657	-1.1209323
563720	0.97254455
563733	2.4683847
563801	2.7062066
563805	0.7553345
563845	3.6805522
563960	1.504246
563989	-1.1188375
564019	1.9169395
564092	1.4487369
564108	-0.9843391
564195	5.624034
564207	1.8643919
564364	-1.8644729
564384	-0.69164693
564402	-0.536149
564468	-3.4500096
564522	1.6225406
564523	-0.08606073
564543	-3.8534977
564590	-0.62685734
564630	-1.3196642
564712	2.893141
564853	-0.5006383
565000	3.45748
565044	2.9636376
565079	-2.6704957
565120	4.508205
565146	-3.6799154
565175	2.6211395
565259	-0.4143965
565272	-2.0020304
565338	1.3173932
565346	0.07366705
565394	2.6724615
565413	-0.6193066
565463	-0.7796626
565576	-2.9934037
565639	0.62767583
565696	-6.713354
565772	-2.7521842
565781	-1.6425728
565829	0.92926264
565843	-0.5358357
565895	-6.0427322
565910	0.97846526
565966	-0.62682104
566023	4.0978856
566040	-3.6924386
566186	0.5801782
566196	-0.13849533
566236	6.0898647
566267	5.302562
566278	-2.5255105
566283	6.4742594
566288	-3.446626
566330	1.0398643
566425	1.5999848
566455	1.5049855
566536	2.9447312
566608	-0.6455855
566666	-1.8489354
566699	-3.7752278
566704	0.39767694
566713	-0.8559891
566833	4.5642185
566945	-0.17704129
566949	1.5850326
566963	-1.4089209
566971	4.4731507
567008	1.81847
567066	0.75694627
567153	5.2305307
567275	-13.412358
567313	1.7451884
567409	-0.04621528
567499	-7.951548
567500	5.5178657
567522	-0.2372784
567546	1.0060556
567558	3.6645355
567568	0.93563485
567569	-2.2711432
567588	-4.400637
567591	-0.95899636
567612	-0.604127
567654	3.4417253
567658	-0.9780815
567751	-2.9552796
567763	-6.95455
567839	2.1911938
567934	-2.253904
567943	0.39648777
568009	8.708217
568023	4.0849166
568036	-0.4912412
568074	1.9341297
568077	-1.7462509
568110	9.355888
568122	0.1443626
568153	2.1982687
568276	0.5361498
568297	-1.150791
568317	-1.1087612
568380	-6.9993887
568382	3.7423177
568420	-7.658505
568439	-0.7467835
568509	0.7588417
568520	4.176039
568545	-1.1229576
568560	-2.5999784
568703	-0.702448
568723	1.7396773
568745	-6.094634
568748	-3.1152935
568824	-1.5785627
568873	-1.8858088
568874	-0.19163808
568893	0.41325802
568935	3.7772443
568955	-0.97688
569038	-0.9317782
569146	-0.3877813
569158	0.41805053
569239	0.21732795
569289	-2.2312531
569328	-9.3273945
569371	0.98693
569458	2.5719006
569504	-1.1938258
569509	1.622936
569593	-4.655019
569674	1.7142555
569677	-0.4750612
569747	-3.9211316
569748	-1.1078596
569763	3.1508296
569796	-1.2541083
569825	6.8698797
570008	-0.8554191
570028	-0.8198402
570109	1.8395847
570132	2.8092878
570155	-3.429523
570158	8.127847
570198	12.255441
570212	1.1907551
570260	-1.3596671
570265	2.2690384
570273	1.8785973
570373	-0.3498963
570389	2.0413551
570463	-0.95754725
570491	1.697883
570544	3.7390347
570617	2.9239573
570675	3.841898
570684	2.3066115
570832	-4.9846854
570898	-3.9380822
570916	-6.678751
570927	-1.4867924
570958	3.583833
570980	-1.8480057
571025	0.915023
571030	2.7392917
571053	1.790171
571085	3.0784812
571110	0.99654955
571119	0.7889676
571184	5.864571
571258	-0.7546831
571267	-0.9701558
571463	-0.6414145
571487	-5.4694796
571565	5.191343
571605	3.7886958
571675	-17.131372
571702	9.055962
571744	-1.8092302
571756	7.0356603
571768	3.0302546
571850	-4.334667
571917	-3.4867797
571938	1.8985604
571980	6.2357707
572026	1.7794302
572122	4.358037
572137	-7.1942744
572203	3.6727314
572330	-1.7779293
572357	11.030686
572381	0.75282377
572406	-4.3498044
572530	-7.694044
572572	4.7610464
572626	-2.4671528
572632	-0.56853056
572646	1.7302314
572648	-0.39123747
572707	3.512489
572732	-0.94667137
572735	1.9390094
572739	4.4976115
572761	0.9850626
572837	-0.9937011
572865	-0.99831086
572936	-0.15885328
573073	4.9165545
573228	4.7104335
573254	0.16865829
573272	-0.81729704
573285	4.011516
573294	1.3629187
573301	-1.8377001
573311	-12.614621
573332	-0.85736704
573366	2.0995805
573442	-7.5271006
573493	-0.91843706
573508	-0.5927929
573544	4.978811
573577	6.8244786
573653	-3.1794794
573662	-5.128108
573678	-2.8335657
573707	-0.19647813
573808	3.6486645
573877	-1.7999291
573885	0.91757154
573892	-2.6614943
573943	5.560805
573965	-5.3121266
574000	2.1892467
574010	-0.7234703
574044	0.32870698
574066	-0.56226707
574113	-2.1486523
574131	-0.9261441
574163	5.4630904
574171	0.02204413
574195	1.8810496
574257	-0.46595109
574372	-1.7824005
574378	5.511507
574435	-3.58218
574459	-0.7867992
574473	-0.44515303
574479	-0.82831603
574496	-5.4160123
574508	-0.55529225
574548	2.8534892
574598	-0.6099397
574599	6.595658
574801	5.4333434
574813	-0.9967752
574870	-0.9990341
574882	-1.0431644
574885	-3.8166904
574894	0.86965203
574931	-2.381954
574955	-4.542488
574967	-2.2601662
574968	-0.90012413
574983	-1.3835827
575005	-0.53055626
575023	0.97783667
575034	-11.454061
575091	7.2866178
575106	-1.5595208
575111	5.2656045
575305	2.81428
575329	3.2016733
575366	0.8649188
575368	-0.81724805
575371	-0.6945488
575390	-0.9097127
575423	-0.9120342
575447	1.4140304
575460	6.8081927
575485	1.7015975
575486	-0.6777076
575588	1.5765684
575592	-3.2779305
575602	1.4476093
575621	-5.2556033
575671	0.51101923
575683	-1.2975638
575684	-0.611491
575750	-7.9944024
575767	-1.8009787
575800	-3.3927863
575801	0.78801614
575843	-1.8013664
575846	0.9443115
575849	0.97136146
575853	4.5745106
575895	4.388831
576067	2.1249912
576118	5.631347
576128	-6.2671466
576136	-3.0811968
576189	-2.3486924
576219	-0.6650783
576228	-10.773092
576272	-5.9449334
576278	0.4821025
576288	7.4818087
576418	4.937963
576428	2.0951545
576437	-0.31808698
576472	-26.66546
576518	-0.9203926
576553	0.0963414
576563	-2.72402
576616	-0.95140755
576635	0.9328321
576671	-0.9763852
576707	-0.45861593
576713	-0.8802013
576728	0.83068883
576765	6.6687174
576773	-0.5927929
576880	-2.9754543
576906	2.6862495
576907	-2.87661
576988	-0.388081
576998	-0.9994965
577017	2.3907971
577034	-0.66426975
577045	1.8524805
577057	-1.7690909
577106	6.5111523
577142	7.7140217
577158	-6.6130486
577200	-13.274862
577211	4.727464
577271	-5.2126007
577315	16.589048
577328	1.9000419
577333	-2.1763978
577342	3.6414235
577348	-0.43646827
577372	1.6984934
577433	0.013448723
577445	-5.7489734
577505	-3.6064446
577540	-4.121774
577541	-0.98305494
577565	-0.92037135
577577	10.496446
577598	0.6943465
577600	-2.4333496
577627	-4.914966
577633	13.308506
577635	-3.2437484
577717	-0.8534378
577723	0.9944704
577817	-2.4034004
577867	-3.601535
578012	3.0756748
578023	5.2656045
578070	2.9756708
578095	-1.7561904
578158	-1.6219366
578160	10.553959
578212	2.4750803
578242	0.250259
578260	-0.995335
578293	-3.2486162
578303	-3.5156276
578322	1.8281662
578411	-2.2450619
578447	0.81794494
578505	1.5431516
578709	3.2047985
578728	-0.9573977
578738	-1.5579963
578797	-0.42314205
578823	-11.236924
578862	1.7094206
578870	-2.4562333
578882	-1.9857068
578883	-1.4180555
578885	-1.3286233
578888	1.9172287
579073	-0.9629455
579082	8.522155
579093	5.902584
579139	3.5741622
579151	-6.3432693
579168	-0.97808135
579173	11.712165
579179	-0.54569966
579214	-4.922473
579317	-8.962171
579338	-0.7777463
579574	-0.2629272
579586	-0.9078487
579621	-3.3468647
579624	6.609054
579693	2.368044
579752	0.6653333
579758	-6.6326017
579763	1.8310446
579784	0.18902415
579898	1.2742885
579989	-3.2896595
580027	-0.9943293
580035	-1.0857505
580043	-1.1399678
580079	-0.6896592
580100	-2.451411
580102	-2.5164697
580126	-2.3217854
580128	-1.4476469
580130	-1.9050845
580147	4.9769287
580151	1.81847
580184	-0.08755053
580187	-2.5584435
580198	6.0111823
580199	-5.2167115
580203	-2.9571273
580208	0.68609357
580219	2.731363
580232	-0.24116768
580360	-2.5107071
580417	0.749416
580424	-0.12815885
580456	2.374675
580462	-0.9323804
580478	-0.86329955
580623	2.7010438
580628	-5.678343
580633	-1.6969568
580638	1.8431467
580654	1.4436715
580822	-9.551219
580852	-0.11284894
580913	-0.36934644
580975	-2.504083
581068	3.6856647
581078	0.9443115
581089	1.4962758
581107	-0.14672819
581115	-0.98930097
581133	-0.1172323
581229	-0.7950792
581257	1.6052074
581275	2.126486
581348	-9.354853
581498	2.6510463
581513	0.16136606
581550	-0.83460796
581556	0.9600022
581558	-1.9850384
581665	-11.069788
581667	-0.7597304
581767	-0.7986787
581783	-4.7146792
581795	-0.33735266
581802	-0.0027627698
581866	3.2582328
581868	5.937387
581883	3.0307312
581924	-4.027714
581925	0.47311804
581938	-12.077792
581943	-0.95395327
581948	1.8785973
581956	0.99116564
581959	-0.9973098
581985	-2.7216961
582003	-3.498984
582022	2.5721796
582025	-1.3128299
582034	-2.7912884
582100	-2.9053824
582203	-0.92565554
582218	-11.029153
582303	-1.7212113
582359	-1.1878796
582368	-1.3423313
582373	-1.4280895
582378	-0.88120514
582392	-0.83248055
582406	-2.388403
582420	-27.650126
582431	5.3902254
582488	-1.1707438
582535	-4.0160427
582625	-10.29668
582643	-3.6586668
582653	1.9443219
582712	0.79037434
582753	-1.7060446
582799	-0.9823532
582813	-4.813297
582818	-0.6071954
582829	-6.704988
582873	1.4004813
582970	13.304039
583054	-0.93886113
583064	-0.8747063
583078	4.752213
583088	-1.8129119
583173	-1.230883
583182	-1.3243868
583205	-3.2318637
583229	-0.6964496
583277	2.7062066
583290	0.6677407
583294	4.821708
583304	-0.4415865
583308	5.378929
583322	-3.1997318
583383	1.6504523
583405	-2.007402
583451	0.1566826
583501	-2.241468
583513	2.5030627
583523	-3.6193283
583564	-6.481543
583585	-0.94673437
583640	-1.5047474
583666	-1.2779284
583725	-2.3182209
583736	4.131903
583743	5.2668214
583867	1.9101554
583877	-1.8006449
583958	-6.6257596
583999	-3.2942748
584019	-0.98537594
584074	2.3614023
584090	-1.5810527
584121	-1.2982111
584178	-17.74164
584226	7.492296
584250	-0.03054724
584302	0.18299201
584348	-2.1576362
584393	4.2501097
584402	-0.6150666
584418	0.43666446
584421	2.7953188
584434	-0.6398781
584452	0.21386237
584459	-2.5989187
584471	-3.329071
584477	-1.178128
584486	-0.4440499
584543	1.3274899
584548	2.704987
584553	0.04342543
584593	-0.71516424
584613	-1.1166527
584669	-1.6185815
584723	2.0066216
584828	1.0693922
584840	4.105885
584869	-5.929908
584898	-4.5484343
584930	-3.5763025
584983	6.313723
584993	0.9482546
585048	-9.721687
585049	-0.6150666
585120	-1.2218848
585158	4.9856677
585172	3.9747274
585244	-0.68567926
585253	-3.1124156
585263	1.735882
585288	-4.8017373
585304	3.334162
585322	10.150218
585371	-2.430434
585380	5.6236825
585399	-1.596841
585418	2.235531
585426	-1.6568491
585483	7.573192
585502	-1.807112
585510	1.8941773
585573	-1.62278
585593	-2.9305208
585688	-3.3028367
585698	-6.5160065
585721	0.59271795
585723	1.5456079
585739	-1.0387354
585757	0.6718131
585853	8.4489355
585858	4.7603774
585900	-2.8288078
585918	12.162005
586028	-1.0996003
586118	-1.8970231
586133	-5.4567122
586174	0.7838835
586192	4.8980746
586288	6.4944158
586290	0.97127396
586342	-2.0285647
586347	-1.9554166
586353	-1.0119611
586463	2.150235
586477	2.9628763
586489	1.7799561
586506	2.8172655
586568	4.37396
586610	-2.6635454
586627	-2.850276
586661	-3.9760568
586681	-2.8380513
586706	4.4968348
586712	5.798909
586723	7.717203
586731	-2.6420305
586733	0.02204413
586770	0.20197548
586781	3.5518098
586788	3.6396387
586858	2.2300842
586961	-5.0050807
586993	-0.8594755
587003	3.4474878
587044	2.3611853
587073	-4.6481023
587147	3.280096
587155	2.735892
587158	0.3081661
587205	0.99829984
587216	-5.9557753
587223	-2.343611
587275	3.0677352
587320	-2.7665195
587333	-3.2524135
587358	2.869377
587419	2.3720217
587438	5.446969
587468	-0.47725326
587472	-2.4694664
587479	-4.797035
587497	-5.1447325
587546	3.2239919
587582	-4.635286
587588	0.42063168
587593	4.215249
587602	-0.8930414
587640	8.992548
587658	1.2938946
587742	-0.93989
587748	4.4032173
587798	2.6629648
587826	-4.795639
587831	-1.5057017
587863	-0.9823753
587914	3.785684
587915	-1.532321
587932	-3.9967272
587959	-0.71168065
587981	-0.95672673
588036	8.710888
588093	0.90333605
588103	-5.89801
588110	-3.1143026
588190	-3.4553137
588298	5.231244
588320	-2.5937426
588336	0.7487687
588367	8.112152
588382	-1.9143367
588458	0.1604912
588463	3.3873034
588468	3.7969604
588471	-2.107631
588477	1.5853595
588517	1.7738181
588547	-30.869886
588625	4.0470862
588755	-1.7702304
588773	-2.5387444
588787	3.5497968
588802	7.471405
588828	6.0731864
588834	-3.7414563
588893	0.86111414
588897	0.1409416
588963	-27.338444
588965	-2.304777
588996	2.8172445
589050	-0.27377048
589060	-0.25115746
589073	-2.7262201
589168	-0.3659737
589178	-1.1028138
589201	5.3557754
589219	-2.762949
589237	1.2319754
589328	1.9484204
589398	-8.128409
589477	-1.6515784
589490	-0.8790151
589495	-5.780406
589508	-0.6352501
589528	-4.99515
589573	0.65385884
589603	11.899485
589636	0.6653996
589654	1.3672354
589843	-10.010112
589925	-3.4711246
589930	8.395785
589943	-3.8694336
589995	3.0825448
590038	0.8308898
590048	-5.520477
590056	10.4763
590069	2.4889176
590071	0.81672394
590139	1.8579986
590186	0.052265666
590203	-1.4357666
590250	4.026606
590268	-0.87377214
590271	-3.3982704
590306	-3.2971141
590378	-2.1315298
590441	6.697546
590470	-0.4184258
590473	-0.28972167
590524	-11.44667
590638	-4.773685
590682	-2.5692768
590685	-6.298682
590813	0.9805029
590877	0.19773747
590908	-11.351668
590946	-4.679056
590953	-0.6789174
591188	-0.9983805
591230	16.544838
591262	-1.8999784
591263	-0.24220927
591343	1.7113712
591348	-0.963722
591398	1.660904
591412	-1.4072366
591474	6.0173244
591477	1.8992088
591508	2.2928135
591573	-0.06082515
591583	17.306818
591621	-0.9968605
591721	0.9618621
591760	4.727464
591778	7.2602143
591818	-1.8531212
591829	1.5899528
591847	-2.817761
591884	3.548805
591954	0.10293947
591966	-0.33851475
591972	0.22322212
592008	7.8707623
592102	0.37998042
592132	0.22904111
592180	-0.9636551
592181	-3.4977746
592213	-15.489733
592214	-0.37115124
592253	-0.3659737
592293	2.8877168
592316	-2.5171478
592344	-0.032200813
592406	-0.807231
592413	1.9744207
592443	9.609687
592553	6.957047
592591	-1.6302398
592629	-0.9701558
592648	2.8579993
592677	-2.3486924
592699	0.2602578
592808	-4.548715
592814	-1.10232
592821	2.7368126
592823	-0.3766416
592831	0.33674973
592844	-1.3517268
592878	-9.9406
592897	-0.031369053
592907	-0.9871985
592975	5.5120416
592988	3.1153908
593032	-1.6538163
593059	-0.36122373
593083	-5.080925
593088	-0.9467736
593133	-1.5388805
593134	2.5287974
593168	-0.33540878
593195	5.971934
593256	7.8359804
593313	-17.684343
593319	-2.6031697
593323	1.6981739
593365	0.7991685
593453	0.85616815
593497	0.42753372
593510	-1.5785627
593541	-1.8967682
593547	-0.50545335
593568	-7.056303
593569	4.041297
593580	-2.1639519
593613	-0.559755
593634	0.39061204
593645	-0.92369545
593691	2.011825
593748	0.7377233
593858	-3.7832782
593868	-1.3062063
593886	-1.8646473
593914	-1.6538163
593968	-0.80235815
594025	6.0732574
594090	-0.9829759
594113	1.1088303
594231	0.40432015
594267	-0.27542183
594364	-0.049056895
594410	4.1492715
594450	-0.6734539
594491	-1.7134991
594554	-1.857197
594561	-6.842959
594563	0.79943913
594618	2.2544615
594742	2.0761425
594772	-0.8813256
594828	0.9328321
594845	-1.2951351
594856	0.92684436
594903	-1.0662422
594904	2.0087333
594983	2.0624309
594996	-0.661848
595027	0.8873681
595226	-2.2793226
595251	7.176687
595252	-7.4280744
595566	0.68739897
595568	-0.73486674
595598	3.6872811
595637	-1.7170323
595642	-1.8616601
595744	-2.2990663
595854	4.041297
595876	-7.356671
595935	-4.0423894
595945	-0.54569966
596007	0.9600022
596019	3.2284694
596120	-1.1542481
596179	-6.8271627
596209	2.2324781
596301	-20.693075
596615	-1.3120631
596620	2.8247454
596690	-3.796204
596754	-4.515699
596929	-1.9649394
596931	-0.9865885
596951	-0.6439676
596955	-4.79206
597003	0.7702874
597023	0.9325572
597048	-0.94667137
597049	1.5568259
597055	1.8396624
597083	-0.8188393
597184	4.4185925
597208	3.9017165
597276	0.9983757
597303	-0.7367051
597381	3.2284865
597444	-0.62437326
597619	-0.73187244
597848	-0.7923855
597890	-0.9726998
597995	-5.857685
598054	-16.75777
598083	0.078570284
598149	-0.99063987
598173	-0.62483364
598360	-0.8072446
598365	-0.7125358
598374	-0.8649058
598406	-4.9460053
598515	5.816157
598538	3.9566092
598581	-5.943488
598643	5.951924
598730	-0.8553119
598739	-1.7775011
598795	-0.7950792
598860	2.2945194
598916	-0.5097164
598924	0.4510601
599230	-2.5218291
599359	3.4208384
599444	3.9915226
599456	5.227408
599601	-0.8719333
599698	2.961946
599794	1.5335878
599804	-0.5184728
599805	2.9636376
599820	-1.8327127
599898	5.917373
600036	-0.6823253
600100	-0.8594666
600179	-11.172919
600208	-4.480978
600229	-39.52667
600237	-1.5604177
600241	-0.91458386
600253	-0.2525605
600255	1.5664574
600310	-2.4613998
600434	-0.9816893
600441	-4.2879305
600535	2.1175547
600539	-1.3948178
600545	-0.5147788
600581	-1.1387112
600590	-5.854371
600623	-1.8531212
600653	0.27523485
600664	-2.6427078
600690	3.1551023
600839	-1.2573899
600906	2.600079
601022	-0.83156294
601078	6.987351
601125	-2.34087
601129	-3.4983656
601155	-0.37134025
601172	7.719405
601187	-3.317598
601253	-1.1707438
601263	0.017995862
601344	0.7702874
601398	-7.4629974
601451	8.53971
601493	0.58816177
601513	-34.75116
601523	1.5792215
601580	-4.956182
601591	-0.9999453
601597	2.0613167
601745	-3.585513
601816	-1.556105
601889	-7.8993716
601896	2.9256656
602015	-0.7157309
602043	-3.2492177
602211	1.0319114
602269	-2.709514
602275	-0.7699709
602383	9.024811
602404	4.79547
602422	-2.0177922
602448	2.6680808
602529	-1.2457266
602608	-0.55282646
602646	2.1466699
602704	-2.3684497
602710	-1.2931144
602762	-3.5121665
602839	-4.90018
602853	-1.4174857
602883	3.386746
602910	-0.31605095
603021	-1.178128
603055	4.0391145
603081	2.1118224
603111	0.049799126
603138	4.2759905
603139	-4.973705
603164	16.436699
603191	5.9583354
603238	-1.618926
603257	8.113111
603264	-0.9351369
603274	-0.798171
603318	6.642704
603330	-2.3077285
603345	-1.8821813
603357	-1.6538163
603403	-0.5298199
603419	-0.8314325
603516	2.5232868
603574	3.4414127
603580	-0.14180928
603650	-2.5215323
603688	2.989449
603709	-4.4554434
603733	-2.0460067
603753	2.8177989
603906	4.3584495
603932	-0.6814333
603934	0.9839569
603944	3.890177
603955	-0.23242933
604009	-1.5884835
604012	2.5069773
604123	-2.2379885
604144	-0.9868595
604188	5.939923
604200	11.213798
604204	-4.4008403
604218	-3.1629045
604341	-0.9897847
604369	-4.175295
604386	-1.4274714
604403	3.2001388
604428	2.0521333
604444	3.396053
604474	0.93804795
604501	-0.7834246
604558	-0.9626751
604562	-0.78437775
604573	-1.116546
604579	-1.7370665
604592	-2.373238
604593	4.6933985
604625	-1.2232826
604777	-2.3084095
604781	-2.2182677
604807	4.372396
604821	1.9962332
604837	0.13188988
604838	-4.570153
604885	-0.5963169
604931	3.7048955
604955	5.057805
604988	-0.6758869
604993	2.5520475
604997	-2.2166634
605014	13.147834
605028	-0.76885045
605058	5.1513147
605105	-0.9999199
605109	-0.79309565
605256	2.755135
605273	-0.05971006
605314	10.056861
605336	1.7428516
605398	-2.0951872
605449	-3.1838346
605459	-4.564946
605463	-2.9708152
605465	1.6984934
605467	4.104931
605481	-6.6381035
605505	-5.987721
605578	-0.6901149
605580	-0.9685532
605691	4.2482224
605695	-1.047172
605708	-1.6494254
605733	2.1216962
605736	1.6768526
605755	5.4711285
605863	-2.7675831
605894	-0.92037135
605898	-2.2056994
605901	-0.9891919
605928	-21.818094
605939	-1.2411846
606012	6.0404897
606022	0.9945078
606031	-0.9967669
606044	-0.65544736
606126	0.9620631
606142	2.8248272
606143	1.8032439
606184	0.85763603
606194	-3.0946498
606206	0.80010456
606351	-11.993982
606363	-0.7850837
606370	0.35872826
606450	3.475057
606535	-1.6577703
606561	2.024149
606578	10.453435
606619	-0.3613558
606629	-0.99762094
606733	-1.1992203
606737	0.64713883
606767	2.405872
606792	-1.6913913
606795	-1.4580544
606899	-16.560781
606996	1.7013928
607012	-2.601342
607013	3.311859
607056	0.6333432
607106	-0.8956581
607199	12.7480545
607206	-0.44761017
607233	3.3582132
607257	-2.844687
607334	-6.638461
607363	0.93804795
607431	8.4972725
607448	-5.1631384
607541	-0.38432696
607584	-0.73385775
607594	-0.9803983
607613	-0.6002749
607628	-3.1225338
607642	-0.70844424
607760	-2.5674598
607761	-2.4183488
607767	-1.3685842
607785	-0.81724805
607866	0.59235764
607883	-1.1880559
607906	-0.9618673
608059	-6.6437354
608103	4.3985724
608149	0.8081051
608204	13.080675
608253	2.5338905
608373	-0.83100533
608409	4.508104
608411	-3.9000769
608420	4.3301716
608458	-1.6530256
608494	6.2674103
608505	2.318561
608538	7.3300343
608589	-0.9575579
608622	-2.1581721
608630	-17.144886
608639	3.29459
608666	-2.4183488
608736	0.5598993
608753	-3.0907323
608772	-0.65544736
608794	0.46751696
608889	4.6397343
608915	-0.9861423
608918	-1.3665531
608939	3.5544963
608996	-1.3391647
609074	-5.2352037
609131	11.4502325
609171	5.305192
609183	0.99718344
609188	-4.6700416
609191	2.6701834
609211	-0.32699925
609240	5.841264
609364	0.83234113
609492	-0.70463824
609505	-5.941227
609509	1.7711864
609545	-1.5718223
609592	3.6711636
609606	-1.2183204
609623	3.3887427
609674	0.42486414
609694	-0.44855982
609716	-0.24789655
609808	-8.045112
609823	-3.9258423
610035	-2.125354
610038	4.12475
610041	-2.3204994
610058	-8.001337
610129	-0.985492
610151	-0.9510774
610359	2.1400342
610363	-0.05078508
610370	-2.4791024
610377	11.4502325
610423	-0.7674371
610435	5.150215
610476	5.660627
610492	4.740418
610493	-1.5672696
610561	-5.4614267
610570	-3.0057583
610578	-0.15209273
610629	-0.20633563
610638	-1.1651883
610650	-1.0492485
610669	-0.8809977
610815	2.1262703
610873	-2.6904619
610911	-1.2036201
610923	6.4737015
610928	5.864623
610980	-0.073879085
610987	3.9381075
610999	-0.0025584681
611002	-2.0951872
611021	-3.7627633
611042	-5.108844
611071	1.1778051
611085	2.0297513
611087	-5.124622
611096	-2.944228
611121	1.4979559
611128	0.7857211
611245	4.007287
611247	-0.93257606
611305	2.1911938
611346	-1.3174266
611363	0.7857211
611384	-0.5866808
611414	-0.6528556
611435	2.0658503
611506	6.735897
611563	5.467632
611680	6.087125
611741	-0.93257606
611781	2.260014
611793	-1.654254
611798	-2.4367335
611846	5.1078115
611870	-2.2494063
611894	-1.9352362
611934	-1.3783637
611941	-1.684558
611998	5.9193606
612102	1.864903
612103	-1.1942962
612233	0.06407003
612234	0.81863207
612240	-0.8916733
612258	1.0113442
612326	-4.6699452
612400	5.6627903
612433	-2.1544015
612453	2.6201322
612554	14.770636
612555	-1.410444
612556	2.237074
612622	2.3967638
612639	1.0060556
612651	-4.5261717
612667	0.9645215
612668	-6.73187
612673	-2.3420806
612688	1.1335698
612692	-0.6800028
612703	3.475057
612782	0.88672036
612808	-2.0633502
612811	-1.0761317
612833	-0.11002887
612853	-22.620628
612858	3.8924322
612861	-7.463414
612890	-0.68723756
612905	-0.94870186
612969	0.82196337
612989	5.4930973
613034	-0.9953191
613053	-1.5192484
613057	1.0370334
613069	0.47311804
613073	-0.9807494
613086	0.77422106
613103	6.28121
613197	-1.5284642
613214	-1.0624063
613244	-0.9996494
613245	-1.3183589
613246	4.318658
613255	0.98724544
613268	2.4570153
613287	0.8383722
613290	-0.21248974
613390	4.073985
613407	-1.8122245
613420	9.478142
613538	-3.433768
613552	-0.99036115
613573	3.2859242
613609	-0.8182721
613610	2.8090582
613680	-1.3411433
613708	-0.6150666
613731	7.9321246
613738	-2.5505505
613758	2.7474017
613835	3.2768447
613855	-3.6821682
613859	-0.08207768
613944	-1.0997847
613949	-0.8719333
613956	-0.32132873
613973	-5.3265085
614044	-0.4825577
614138	0.048023596
614157	5.663975
614158	11.735088
614166	-1.952018
614173	-0.9937011
614174	-2.0474832
614220	-0.13170788
614234	-1.6495535
614329	-1.3701377
614365	-0.19481055
614391	-0.7412095
614408	4.447703
614450	-0.45952654
614499	-2.341711
614550	-0.9058451
614573	2.8248272
614593	4.9943304
614602	7.1474695
614628	-1.5595208
614729	0.70113117
614773	-0.14178498
614782	-1.4719788
614813	-0.46595109
614826	0.6447233
614843	-1.8606598
614891	-0.52086085
614894	-0.91783816
615008	-0.3657329
615033	2.6044517
615036	-10.286269
615221	-1.3685842
615261	1.4098142
615349	-0.9468816
615420	-5.078139
615421	1.2741312
615543	-2.6050103
615599	1.7896756
615644	-1.2394369
615696	1.3134682
615712	5.482477
615760	4.2408423
615824	0.9433388
615855	-7.711363
615903	0.8864405
615906	-0.068038896
615938	-0.7597304
615944	0.7377233
616030	-7.537195
616116	-0.7777463
616117	-0.4325985
616131	1.9493508
616171	-0.9063514
616177	-2.5007417
616195	-3.0506032
616251	-0.39400023
616252	-0.45692956
616283	-2.9934037
616313	-4.1267633
616322	-2.480266
616338	1.4194094
616348	-3.2380898
616421	-0.9741714
616452	2.382376
616534	1.5699852
616543	-0.7293591
616566	-2.994252
616630	-4.6036716
616726	-1.7677182
616733	-0.85736704
616773	5.4179907
616783	-3.4510958
616887	-0.95907927
616958	-0.9984988
616973	0.9422657
617001	-1.793491
617029	-7.7082667
617039	-5.849467
617054	-0.15203781
617089	3.8140523
617101	8.218702
617153	0.72445863
617160	-0.0590546
617164	1.7930366
617170	-1.4808222
617203	-7.5061812
617211	6.105949
617238	12.007878
617255	9.478142
617330	-3.1446831
617335	-7.1621523
617436	-3.237371
617481	-0.94935054
617500	-0.91414046
617510	5.3768363
617552	-3.237295
617596	-0.41937214
617599	4.5028105
617608	4.5604396
617612	-1.8955057
617618	11.632842
617635	3.4768112
617653	-0.9618665
617856	9.829215
617865	-0.9873204
617888	-0.71319234
617914	-0.47846928
617921	-0.9552189
617946	6.3728123
618043	3.972215
618053	-0.86942047
618061	9.414178
618064	8.944228
618073	-14.175991
618113	-6.5041556
618125	-2.5518808
618207	-2.2182677
618209	0.6584769
618241	-0.67556566
618254	0.16195557
618272	2.8248272
618288	-0.9870791
618323	-1.4612606
618346	-0.85697985
618370	1.4164817
618459	-4.424304
618478	0.33033863
618499	-13.215334
618527	2.7858129
618628	2.4889176
618676	-1.3094728
618726	-6.3407555
618758	0.59909976
618783	-2.1653328
618807	-9.426373
618858	0.017995862
618883	-0.68927616
618901	6.7931943
618904	6.588027
618913	-0.5715323
618923	-1.8112142
618958	-1.2610223
619040	-1.9015524
619161	10.54357
619164	-0.76041275
619176	1.9613642
619193	2.7028117
619211	-0.9203926
619240	-2.7116075
619256	0.9919197
619270	0.9160952
619284	-1.7373539
619339	-3.9851005
619348	0.8232865
619352	5.2550793
619369	5.7465777
619378	28.44324
619520	7.5787373
619628	-3.259833
619654	3.9231625
619675	7.5492167
619753	-1.3891122
619774	-0.81813174
619781	-2.7364986
619782	-0.9047087
619787	7.4293146
619793	-0.87900627
619941	3.5694656
619975	-0.7663637
619998	-0.48575598
620063	0.3973702
620107	0.02204413
620116	4.063084
620120	-0.74369025
620154	-4.057932
620160	-1.6749347
620174	-1.2667295
620180	-2.1443524
620205	-1.4853383
620206	8.541799
620209	-3.0078907
620213	0.72445863
620228	-0.2539044
620239	2.6526296
620263	1.4630977
620358	-3.2944539
620385	6.119861
620481	1.6992681
620528	4.4999084
620557	-3.6262174
620627	2.9247522
620641	0.5511904
620644	0.99680483
620648	-2.3632
620657	-0.7005734
620674	2.872172
620691	-0.6663428
620750	-2.6110632
620889	0.85213995
620917	7.5240026
620932	-3.2484205
620933	-1.6421263
620951	-1.7561904
621050	-0.16502765
621079	6.8459835
621083	5.604255
621114	-0.8965935
621120	-0.9782862
621126	-0.8295509
621233	-0.5675153
621254	0.56311744
621260	-0.9965418
621287	1.8847836
621351	1.5610882
621368	-2.3053901
621410	0.22323243
621415	-2.250313
621459	-0.82186574
621514	5.4327497
621518	0.06054882
621527	10.201931
621533	-2.705696
621544	-7.1606755
621561	-0.24751596
621689	5.6241174
621724	-3.5121913
621768	-2.1579573
621774	-2.7771082
621786	2.391116
621803	-0.9761107
621850	-0.9197977
621891	-0.8547244
621902	5.8032594
621946	3.4918785
621962	-2.60507
621973	-0.67898005
621979	-5.4365993
621997	4.8203883
622085	-0.9416447
622130	-8.329414
622177	-0.7999426
622201	0.9325572
622209	-2.791011
622221	2.1363213
622238	1.9674624
622249	-0.924756
622335	-0.99986
622414	6.785934
622545	1.8795853
622559	-2.387752
622673	-3.1428814
622684	3.6406431
622779	2.8333964
622816	0.89296085
622819	-3.9267976
622823	0.2646843
622977	-1.5087413
622981	6.8315997
623019	-2.5822012
623052	-2.3448033
623076	-6.318639
623108	2.2445576
623119	2.6754832
623237	1.2527605
623251	3.347401
623254	-0.8216872
623257	0.8991457
623284	4.5499825
623295	0.42486414
623414	-2.387659
623511	-4.488956
623530	4.612219
623543	2.891044
623568	-2.5018225
623647	-1.8131038
623669	-2.057408
623683	5.096321
623686	-7.1500554
623708	-1.8407495
623728	-3.1915298
623763	-0.8557446
623771	1.6640041
623888	1.9464467
623946	-0.9771129
623978	-2.3088763
624030	0.54186213
624121	5.0752797
624143	-0.987713
624149	4.5991797
624154	8.273776
624171	-2.568656
624279	0.91757154
624282	2.816437
624305	-2.2362032
624391	0.16536292
624413	-9.457393
624438	10.848709
624530	-0.85697985
624571	-0.52187854
624598	-3.914724
624606	-1.8212917
624740	-4.4052024
624768	2.9311583
624769	2.9096615
624775	-1.8407495
624778	2.7179906
624847	-4.970976
624848	0.033274457
624873	-6.404382
624947	-0.49083388
624994	-3.376296
625013	-5.116892
625118	2.3072414
625184	-2.5400536
625203	0.9963959
625283	3.9017165
625308	1.0367178
625346	-4.6906195
625408	-0.9965293
625424	-1.4462495
625426	-8.952422
625429	0.042056296
625442	-2.3135924
625476	-0.7556355
625718	3.7736378
625719	-0.69023687
625861	0.73201555
625912	3.0802057
626007	2.5119102
626011	-0.47846928
626023	2.3781092
626027	2.842899
626037	-0.6439676
626118	-3.1819675
626125	-3.3657725
626153	-2.6829495
626247	0.60176176
626299	-9.770812
626346	-1.6855487
626532	-7.0050445
626588	-2.3843346
626658	-0.44761017
626715	-3.8638022
626739	-0.7970955
626753	7.769705
626773	4.5248594
626775	-4.298633
626827	2.687268
626909	-0.48289853
626916	-0.9505376
626944	-3.3441303
627023	-6.8621902
627100	-0.7999426
627169	3.455214
627181	-0.8063381
627182	-0.49110875
627210	7.3479795
627230	1.4953525
627267	-3.443526
627301	-5.434917
627345	3.6174052
627379	-2.7412934
627426	-1.7825204
627440	-2.0592139
627458	-1.4321904
627472	-5.1738386
627515	-0.9855666
627561	2.2478187
627580	-0.21764609
627601	6.142063
627604	-1.6810999
627617	-1.3890551
627623	-3.5194304
627643	-5.9164643
627677	1.2061679
627679	-1.7092327
627709	1.4563094
627785	-0.6570711
627814	1.5696788
627848	5.084353
627858	6.0513444
627892	4.452066
628039	1.6346029
628086	2.518583
628182	-0.037739802
628214	-5.3345847
628248	6.44418
628249	-2.3701992
628282	-1.6864066
628291	-3.6127765
628296	-0.932682
628328	-3.2452154
628330	-0.9935942
628474	-14.067474
628521	-4.588013
628522	-11.453238
628608	2.5969567
628658	-4.642995
628684	-2.5950682
628763	5.1192827
628788	6.269525
628820	-1.4684262
628840	-1.6489779
628863	2.0413551
628874	4.5259495
628890	0.6264312
628909	-1.289511
628922	1.8172152
628927	-1.8882525
628928	0.93796027
628956	-2.6917756
628979	-2.440536
629041	-1.3318019
629119	-3.7463608
629136	1.8520904
629161	-2.5039532
629163	-2.1258485
629197	3.0979812
629198	-1.2890878
629280	2.3072414
629344	1.5800471
629357	2.353561
629363	-2.3433633
629384	-6.048082
629385	1.5997014
629388	-0.1575313
629410	-0.98268336
629432	-1.9649394
629442	7.7463303
629498	-0.8329962
629553	-0.67251956
629554	-0.85718304
629633	2.003276
629701	-1.9974931
629710	-0.94112337
629739	-2.3416002
629776	5.5996985
629818	7.903477
629823	-4.725571
629826	3.0805912
629857	-1.8520724
629877	-7.581878
629988	-2.6292567
629989	-3.0385547
630033	-1.3464575
630214	0.4864986
630220	-5.244518
630258	-1.3998486
630288	-1.9135896
630367	2.5787032
630370	2.9075158
630423	-1.5382947
630424	-2.4468899
630458	5.629258
630471	4.049264
630503	-0.32711494
630628	-2.2433891
630646	4.5869503
630655	-2.0603166
630707	-5.9435687
630785	0.73224103
630805	4.3704696
630859	12.315487
630906	-2.3756466
630937	-0.11284894
630938	-2.966794
630994	0.56311744
631131	2.2685773
631158	-0.99322397
631171	5.884834
631220	2.8055816
631250	-0.07273157
631293	-1.3111715
631294	-2.4182084
631319	-1.686532
631328	0.48426655
631339	-0.20645243
631397	-4.2581263
631481	1.0045218
631516	-0.8140571
631519	6.1356025
631566	2.419239
631627	0.9095071
631776	0.8773256
631948	-1.9548042
631954	-1.8021294
631973	-0.3766416
631998	-2.1669626
632012	-3.3031638
632162	1.5412402
632164	-2.306957
632189	-0.9541863
632211	-4.536445
632249	2.7607982
632357	-0.7544287
632389	0.86971766
632394	-9.338234
632458	2.6089764
632540	3.2146208
632598	3.583833
632599	-2.345468
632643	-0.8458154
632659	-1.5088006
632675	-7.216271
632702	-15.338821
632741	-0.8932278
632748	-2.0579567
632824	0.30594143
632830	-4.312414
632868	3.797165
632893	2.6621485
632898	-3.018558
632932	0.99575037
632999	-1.1368635
633034	1.1624455
633043	-0.46595109
633104	4.6501565
633220	1.4033483
633256	5.205737
633259	-2.3801146
633263	0.99813473
633265	-1.3577791
633298	-5.534897
633303	-2.8021991
633311	-1.9365801
633435	-0.99901867
633468	-8.274932
633478	2.8149283
633539	-6.359801
633618	3.4703267
633691	0.63797325
633707	-1.6558983
633713	-0.6071871
633733	-1.0691696
633741	3.7698257
633768	-5.303053
633832	-1.769925
633845	-13.356123
633948	2.3226187
633967	3.2545445
633974	-3.1639001
634097	-0.30049604
634101	-0.3210117
634104	-0.8669444
634129	0.86562127
634135	0.85940325
634161	2.8291442
634170	-1.8489354
634186	-0.7863603
634187	-1.8708173
634339	-0.9427104
634371	5.015446
634381	-4.3841724
634389	-1.5270532
634402	-3.399237
634409	-6.4160485
634475	1.8507185
634570	13.9659
634584	-0.8575404
634618	-2.5303307
634622	-1.4788245
634689	-1.2802022
634691	0.24832174
634828	-1.8112142
634833	-0.8367239
634844	-11.340238
635038	4.2034144
635208	0.21490727
635209	-9.475456
635256	-3.230181
635312	-7.0050445
635392	7.5032864
635453	1.6984934
635539	-0.03283656
635780	-0.9870791
635865	4.1372585
635866	-2.837275
635875	1.1362158
635887	-0.5460299
635888	-0.80235815
635902	0.056378964
635996	-0.7825368
635998	-0.9870522
636018	-2.0285647
636022	-1.1885443
636050	1.312062
636062	-0.85031873
636078	-0.2093519
636362	-0.39249405
636480	-6.111132
636507	-3.721376
636513	11.232478
636561	0.43908015
636577	1.9123664
636643	1.5887338
636722	2.3226187
636733	-2.38654
636739	-0.7209772
636758	0.16628072
636843	-3.6017346
636892	2.1398108
636948	1.6966187
636996	0.066938356
637092	1.9163996
637098	-0.8295509
637219	0.013912961
637287	-2.3318973
637300	-0.72480327
637339	-1.316683
637355	4.452249
637384	-1.5596594
637409	2.5351708
637411	4.6242795
637431	4.637955
637433	-3.1629045
637447	-0.6724805
637457	1.8009844
637567	-3.6585467
637572	-1.0315441
637604	2.615825
637615	-1.7462509
637697	-2.5690446
637713	-2.9922495
637818	2.2904632
637819	-4.382913
637882	-2.4457846
637922	11.361644
637995	-0.99500924
638002	-2.3986337
638102	3.392545
638180	-2.1576362
638220	-1.3674458
638254	-0.11682738
638307	2.811106
638437	0.048705403
638492	-4.013563
638590	3.2713592
638652	2.0615437
638688	2.9248517
638689	-5.5785694
638722	-3.0002313
638742	5.2924986
638933	0.02204413
639018	4.3116665
639124	-0.7922232
639156	-2.2109165
639165	-3.208779
639173	-3.837494
639296	-1.8817927
639307	1.8998592
639349	-7.273657
639407	-0.5401019
639418	-4.005923
639476	-2.1554995
639532	-5.4100904
639533	-2.0592139
639550	-3.251838
639559	-3.331462
639616	-1.9575145
639622	2.4947922
639662	0.23483525
639683	-1.6233059
639760	-1.8278898
639780	-0.5997097
639784	7.3826213
639839	6.222295
640041	-1.0927796
640051	0.668155
640062	1.9516938
640177	5.1796703
640232	-1.0569626
640233	-2.6371145
640238	1.5902085
640329	-2.4400396
640346	-2.6420305
640409	7.4899135
640420	4.4396377
640429	2.0087333
640476	-0.9269864
640524	-0.33576837
640648	-2.6860502
640692	0.99718344
640861	-6.2707734
640864	-4.2526665
640909	0.8384269
640927	3.1884015
641000	3.2859242
641026	-1.2474486
641089	5.765092
641094	-3.5024955
641126	-0.9975478
641147	-0.99189645
641152	-4.391827
641203	-1.71516
641220	0.94348377
641299	0.025714742
641305	-1.0315441
641352	2.0986884
641362	-4.6334915
641435	-1.3901846
641537	1.9840736
641543	0.85616815
641563	-0.8421312
641582	3.1873088
641587	-4.4418344
641682	-1.605856
641700	-2.037765
641734	3.3439322
641787	-0.82886654
641837	2.1117465
641906	-0.6004466
641959	-0.87775284
641972	-22.164667
642022	-5.816068
642026	-2.600677
642065	-1.4517914
642103	0.85213995
642106	-0.847542
642151	2.9247522
642154	-0.31980798
642169	-0.86294544
642216	4.3151903
642222	-0.93381494
642224	0.971799
642232	0.68864393
642309	3.6806798
642318	-0.9577241
642329	-1.5388743
642358	0.11290899
642377	-0.27765718
642379	-1.2418212
642413	-11.479491
642452	-1.2958994
642575	-26.378796
642604	0.13313153
642610	-4.272478
642728	-0.9816917
642740	0.63521177
642744	-0.90180147
642758	7.975045
642787	-1.5176939
642820	0.7910781
642873	1.736454
642892	-1.0771958
642898	6.4680057
642907	-2.3565369
643010	0.07924638
643022	-1.2885623
643030	0.39648777
643039	2.8033988
643045	-1.8980118
643048	-0.3487569
643086	4.3349705
643283	-0.68567926
643296	3.3665977
643327	10.074477
643343	-2.0903473
643386	-0.95127875
643474	5.4260406
643480	3.7920039
643483	2.816437
643517	-1.980071
643519	0.7910781
643521	-2.8435802
643536	0.61451465
643537	4.5421066
643557	-2.4902582
643571	-2.0769782
643605	3.2208445
643646	-1.7738234
643743	2.3211672
643762	-3.771678
643863	-0.11307681
643880	-0.5789015
643908	-4.2603483
643909	-1.3156009
643956	-18.632086
643962	-0.37594414
643968	-2.615628
643972	-6.9702725
644131	-4.1947994
644168	-2.3744442
644178	-31.451572
644181	4.620656
644197	-2.9357061
644233	-3.1331172
644248	-4.9781823
644343	-1.2357737
644344	-0.26979348
644378	-11.410327
644387	-1.3358406
644397	-1.6600761
644403	2.2330863
644535	-1.2341892
644575	0.88586575
644588	-0.88022965
644632	-2.2451499
644759	-2.3633616
644770	-2.6379077
644779	-1.5350738
644826	2.2062714
644838	-0.5259544
645001	0.36369082
645023	1.8717988
645068	-0.9701558
645142	-1.5785627
645214	-0.014743799
645267	0.83250654
645273	-0.78261036
645297	1.622936
645334	0.39581758
645397	4.821708
645460	-0.019248199
645502	2.1035836
645503	0.71924293
645544	2.096499
645593	-1.7707754
645631	-0.4524388
645649	2.526974
645673	3.7298043
645704	-0.991895
645773	-2.9735715
645893	2.127159
645900	-1.4624214
645908	0.2530227
645980	8.366565
645985	1.9343777
645999	1.8741574
646011	1.4160757
646084	1.220636
646102	2.8172445
646143	-5.6081257
646292	-0.658109
646328	4.0866804
646372	0.77108413
646415	2.8793588
646504	-1.2398515
646518	-0.3210117
646519	2.7821567
646536	2.2037277
646537	-2.5092976
646578	-4.1540346
646659	-0.9369769
646741	-7.5045896
646750	-4.412256
646763	0.7635683
646778	-3.0810254
646791	-0.99901867
646807	-0.72513026
646848	-1.4393746
646849	-4.2109594
646925	6.172029
646932	-2.3084095
646953	1.6296985
646954	2.463619
646996	-2.2013173
647009	-1.891896
647013	1.1000594
647016	1.1224668
647024	3.8162456
647037	-2.447465
647137	-3.3995626
647147	1.7024449
647198	2.5473664
647201	3.9874434
647223	-0.09771293
647253	-0.5314643
647283	15.130762
647284	-0.8822375
647389	0.8906266
647444	-6.0256705
647448	2.3272648
647450	-1.0604635
647451	1.4257326
647452	3.246172
647459	-5.7071967
647572	-3.7149286
647658	11.124058
647672	-3.1007707
647735	2.2652268
647817	3.2239919
647877	5.034026
647883	2.0163639
647886	3.5866947
647893	2.0523593
647894	5.4070992
648007	1.4464772
648046	-7.216271
648068	0.9443115
648093	2.5351708
648112	-4.898574
648123	5.027892
648259	-2.966794
648276	-2.2280304
648277	1.6272602
648318	-1.8934879
648321	4.630918
648329	8.150116
648442	-4.602646
648452	8.182054
648481	-17.16132
648503	1.4033483
648528	3.7839513
648547	-4.018082
648554	-0.98283535
648578	-0.8367239
648615	-0.98127186
648753	2.6015475
648764	0.95063895
648801	-0.99904776
648845	3.3427572
648872	-0.9663521
648877	3.153412
648938	-0.85404074
648963	5.2866955
648982	-0.004235805
649025	-1.9549518
649059	-5.004468
649128	2.3889976
649129	5.0399747
649182	-0.47598562
649188	-3.235408
649191	-2.0607038
649199	3.052623
649269	-0.9908092
649301	-0.60044754
649307	-2.2100182
649333	1.9651136
649388	-1.7516267
649398	-1.3318019
649417	-0.16620888
649446	4.4374204
649554	-0.6391941
649564	5.927664
649623	0.28929022
649704	-5.6139283
649757	-1.1989156
649794	4.0889196
649823	-3.796526
649833	1.9378811
649852	2.4874046
649907	-0.94651425
649933	1.556254
649999	-0.96823764
650047	-0.9482406
650058	-0.5806846
650061	-22.112366
650068	-0.9522999
650069	4.4833355
650070	-1.9857068
650086	0.3334923
650142	0.080892764
650216	1.2825214
650229	13.879368
650264	7.1870947
650268	-3.4140913
650287	-3.03209
650299	6.0308194
650328	-5.7581697
650434	1.8003824
650464	2.525742
650471	0.9041007
650487	-0.8182721
650493	-0.82572794
650554	-0.9459247
650668	2.1429777
650722	-0.6167515
650734	-3.0126162
650763	-1.1800793
650767	3.0951252
650788	-2.5673285
650853	2.9407983
650869	1.3447943
650928	-3.7555792
650940	0.7635683
650992	0.6943465
651009	-0.9773129
651025	-1.1632396
651037	0.0053960322
651061	-1.850829
651099	0.75282377
651113	-0.7759281
651127	-0.48702657
651128	3.0533075
651134	-2.9806197
651157	0.45201215
651169	-6.0206985
651219	-0.7087476
651234	-1.2085754
651250	17.903358
651270	-6.4492416
651278	1.7656575
651304	5.9098873
651357	-1.0143486
651374	2.0939736
651396	-3.5228539
651407	-0.5405007
651433	-0.75218135
651476	-1.7918915
651497	-1.8863659
651534	-0.80154866
651548	-2.9669337
651569	-2.6205015
651589	3.2208445
651592	-3.3179526
651633	-3.8355236
651669	2.7556863
651676	2.175088
651702	-2.3930151
651739	2.1865335
651769	2.7858129
651798	-2.3675883
651809	3.4913907
651932	2.447477
651983	1.1261092
652027	8.503412
652039	0.6835283
652101	1.1698955
652104	0.99986696
652120	-2.9170446
652140	-1.5628984
652148	2.011814
652154	-4.678748
652174	-0.51160043
652204	-1.4118669
652233	-1.9709029
652243	-5.792522
652245	0.97081214
652297	3.5252187
652349	3.5040774
652433	-0.33853427
652439	5.842684
652443	-0.85625434
652462	3.424294
652474	4.2448297
652503	-3.6871607
652539	4.9111886
652593	0.8593021
652609	-0.67745507
652637	-0.7802847
652639	-3.6695359
652679	-0.06128331
652749	-4.231023
652801	1.7028133
652839	5.065049
652874	-1.6814941
652878	0.89225566
652897	-3.282512
652963	-2.720655
653001	1.5963968
653028	2.4888675
653044	1.6520352
653054	-0.1400835
653062	-1.810969
653074	-1.2411582
653091	9.741478
653103	-3.160844
653114	-7.3020897
653189	1.6031411
653193	-0.9495124
653313	1.8529161
653317	-0.9058418
653332	2.0480464
653373	-4.389942
653399	4.325472
653409	1.3536962
653462	-1.0844094
653479	0.25207064
653496	3.2740924
653516	-1.0503371
653538	-0.4209929
653602	0.97551787
653700	-3.7256844
653767	-2.252517
653785	-0.42690718
653844	-0.23642251
653858	0.52184886
653863	2.532463
653912	-0.8719333
653914	-1.2975638
653973	0.6020055
654006	4.829246
654007	-0.6150666
654089	1.7911216
654113	-0.37664068
654139	-0.7950792
654201	-0.036225684
654202	-3.8176599
654279	4.316482
654349	-0.086907044
654408	-2.75478
654521	-1.7614115
654542	-1.3010607
654618	3.6569047
654637	-0.53121024
654701	3.7155635
654714	7.206107
654750	4.983873
654757	2.5612545
654784	-2.174577
654821	-1.7491835
654843	2.0400376
654977	-1.6214426
655045	1.6903476
655069	-0.76081806
655072	-6.522621
655087	1.7177665
655108	-3.231981
655149	-8.648485
655180	0.9919648
655210	-0.23502058
655219	-0.38905185
655264	-3.0631676
655272	-3.328901
655289	-0.5505095
655372	3.3876474
655385	-1.8970227
655388	-0.03272161
655391	2.1889284
655412	-2.6050103
655438	-0.99692845
655465	-3.2936463
655507	-0.85947067
655524	-0.680652
655584	-4.482492
655615	-3.2395952
655616	-12.244811
655619	-4.0727854
655654	-2.9951882
655664	2.1467052
655684	14.180822
655724	-0.6054769
655783	3.8563416
655823	-0.049356073
655898	-2.231579
655942	6.55345
656080	2.2428794
656089	4.055818
656119	0.1272615
656159	1.1724703
656201	3.5694656
656242	-0.31605095
656264	-13.090764
656288	-1.1212019
656308	7.16732
656320	-0.9816445
656377	6.021485
656439	-0.12837623
656454	3.8033128
656486	8.33027
656490	0.21868068
656504	-1.6814941
656524	-0.8594755
656538	-16.863445
656571	-1.4726827
656594	-15.141348
656696	-1.8006449
656777	4.405026
656783	0.023899607
656812	-0.16907407
656924	2.3316498
656959	-2.2235818
657029	8.594323
657073	-1.1908028
657203	4.559486
657205	2.7339144
657212	1.5669345
657247	-3.484099
657298	1.8457353
657304	-2.3675883
657324	-0.6487106
657356	8.080415
657407	4.641109
657441	-0.6103244
657453	3.8044648
657464	4.8134456
657552	-2.966794
657562	4.28704
657569	1.1609179
657616	-0.9351369
657661	-1.7702304
657682	1.8947351
657693	2.885116
657759	5.2988825
657791	3.7789257
657809	5.842684
657829	-3.26689
657882	1.556254
657899	11.46056
657958	-0.82572794
657982	-0.5186839
658002	-0.3689483
658018	-0.7796626
658097	6.0620537
658117	-0.82251513
658137	3.0746536
658142	2.533869
658168	6.1381426
658179	1.8947169
658183	-6.0911436
658194	-3.6141293
658200	1.8026991
658226	1.7823489
658244	-2.9806197
658264	-2.590353
658311	7.479877
658334	1.1751672
658508	-0.8719248
658523	-0.89614975
658552	4.66995
658577	2.2984123
658629	3.454686
658661	6.8462167
658679	-2.6205015
658684	2.2060251
658691	-0.9913281
658699	-0.8930414
658769	6.6217732
658896	-0.8719333
658967	-6.900565
659022	-0.8458154
659053	-1.8859817
659064	3.8842456
659114	7.1870947
659125	2.533869
659133	-0.30566105
659204	2.3354292
659266	-0.4634665
659354	2.2355917
659393	-2.954944
659398	-0.87900627
659422	-0.08992091
659457	-0.7367051
659499	2.2372952
659534	-2.493368
659628	0.33655664
659741	-2.544529
659801	-0.043684077
659837	-1.8316458
659857	5.546357
659934	-1.4979658
659966	0.9198911
660004	-5.7846484
660063	-2.9988616
660074	0.30708823
660224	-2.705696
660287	-0.27937412
660325	1.008683
660369	1.2098501
660404	0.31640634
660427	0.78704107
660439	-2.0345397
660483	2.5969567
660498	-2.5013902
660509	-0.8528172
660515	-0.88200593
660605	8.132032
660632	2.7771766
660725	-3.0263155
660768	8.231824
660810	4.0342293
660826	1.6196797
660836	6.67593
660866	-2.2371275
660874	-0.411402
660989	-1.9315853
661049	-0.8165651
661099	4.366828
661207	-4.0378633
661240	-3.5434744
661271	-4.5867066
661274	-0.38678226
661368	0.37607235
661379	2.9058862
661477	-0.3561311
661517	0.9573997
661597	-3.2799811
661690	-10.551429
661709	-2.8644223
661744	-6.06036
661769	-1.6993268
661781	-3.4840395
661803	-0.5866042
661814	9.846957
661886	0.63930404
661943	1.5373734
662032	2.3050127
662083	2.8006048
662179	-1.1028138
662180	-0.62856525
662223	-0.8747063
662238	-1.2573899
662259	-1.8367958
662467	0.07878362
662476	1.5287678
662568	3.0951252
662576	3.6654828
662585	1.4506793
662598	1.1176238
662606	-0.8452007
662614	-0.7240751
662658	-1.3391647
662684	10.069829
662714	-2.644385
662843	-2.2975533
662858	-0.7090435
662879	7.4899135
662971	-1.6444669
663009	7.7683806
663011	-0.2582767
663049	1.7228113
663093	-0.79127944
663101	-0.8102861
663108	-0.9965293
663136	-2.2124453
663214	5.226255
663227	-1.1475757
663260	-0.8813256
663319	-1.4984109
663337	-0.9787139
663396	-0.7937825
663446	1.6278223
663450	13.051476
663455	4.628758
663484	-3.1032724
663536	8.2424555
663545	9.526137
663637	-1.5008259
663671	1.7018867
663759	-0.95174557
663772	0.27949792
663817	0.9726993
663881	-1.7412189
663919	-1.2885623
663968	4.0010552
663982	-2.7879605
663989	-0.65768385
664051	-1.4719788
664107	-0.6282469
664144	-1.9672073
664159	4.7406387
664207	-1.565203
664227	-0.67794394
664284	5.110099
664293	-1.3391647
664325	0.8099761
664354	5.5098615
664371	1.8524805
664424	-0.13424534
664620	4.680173
664637	0.2734002
664642	3.489068
664657	-2.5303307
664693	-0.6755859
664701	2.7612185
664719	-6.190939
664751	-5.047699
664789	5.4397593
664819	8.417637
664859	-13.965739
664927	5.955527
665072	-6.167738
665077	-2.2901347
665122	-0.9885014
665154	-30.661535
665164	-4.153595
665170	-2.786024
665186	-8.326275
665197	-1.4600744
665224	1.3502342
665294	7.4291763
665356	-0.32237473
665412	5.749041
665489	-2.3633616
665509	10.141192
665512	-1.5597185
665553	-25.60317
665589	-0.855941
665605	-1.7386982
665659	0.90390235
665676	-0.9990341
665711	-1.3791269
665718	1.63434
665727	0.07423979
665729	-1.8147928
665819	2.680321
665848	-0.59576297
665852	-8.166473
665884	5.350843
665931	-6.792726
665947	3.7776024
666024	4.8048525
666040	-0.4043802
666067	-1.6993268
666094	-3.0236003
666111	2.81428
666284	-0.42858285
666319	-1.966465
666355	-2.4799898
666366	-4.1936183
666382	1.3232949
666407	4.2453537
666423	0.860798
666442	-0.9922336
666475	0.5841404
666529	-4.0287323
666546	2.1892467
666559	-13.087109
666658	-1.4719788
666661	-2.6704957
666708	-2.475517
666809	2.3431432
666817	6.93111
666858	-5.4100904
666896	-1.787037
666910	1.4257817
666926	-3.9692225
666948	-0.8173184
666964	-1.9225647
666973	-4.2184453
666981	-3.58218
666994	2.2663207
667061	2.5338905
667112	-1.7028538
667186	-5.167231
667252	1.3490007
667272	-2.495625
667300	-2.8271358
667329	0.99600095
667345	-5.10376
667359	-1.6596134
667383	-0.62000024
667399	-1.2988039
667452	-2.026153
667470	0.667884
667486	-1.9603971
667574	1.4580677
667616	-4.8415065
667624	-0.5561999
667687	3.663934
667707	2.9924903
667728	3.3018918
667746	-0.2551208
667747	-1.8520724
667771	2.615825
667827	-1.952018
667834	1.6535449
667941	-1.6331689
668009	4.6954246
668027	0.39581758
668122	5.6658273
668129	-5.586346
668163	-0.9843472
668170	-1.0896664
668199	9.561474
668215	-4.0603056
668262	4.6805105
668269	-5.2350926
668299	-4.096843
668328	-3.2630804
668412	-0.571155
668441	1.8762884
668445	0.1536586
668462	-0.9880162
668494	0.9850626
668557	-4.3157816
668634	-0.26982003
668650	-4.2344995
668666	6.746036
668833	-2.9074104
668836	2.579121
668854	-0.951005
668911	-1.4580544
668929	4.9663486
669012	-1.10232
669016	5.9349966
669033	12.070117
669085	13.557488
669123	0.8007344
669132	-1.3357193
669164	-5.1482773
669223	-4.679056
669230	-2.675
669468	0.61397266
669536	-2.368423
669567	-4.182472
669641	2.0297513
669706	3.5694656
669754	-0.39851588
669764	-2.537338
669789	7.9679437
669799	0.13188988
669886	2.9574761
670053	2.0192704
670136	1.4860673
670191	2.2478187
670234	1.8903712
670348	-2.480266
670390	-7.4631267
670405	-4.74355
670438	-0.9984988
670474	0.2076775
670573	2.3907971
670669	-1.6663284
670768	0.7183211
670783	2.6479814
670841	-3.2307448
670891	0.7760224
670909	-0.037788067
671062	-1.5356035
671101	-5.059435
671144	-4.678748
671260	4.6558566
671270	3.6712463
671275	1.520816
671307	5.8900146
671328	-2.36527
671344	-4.0607677
671360	25.979446
671467	-0.036225684
671603	-1.582393
671711	-0.79620093
671755	3.0694208
671774	6.707774
671779	3.2102349
671936	4.58217
671942	1.5850326
672000	-2.4694664
672015	0.013912961
672115	4.3775015
672145	-0.6191303
672146	-15.558725
672168	-1.8407495
672214	-1.1963882
672274	-4.914966
672403	-2.7707632
672580	-0.99513084
672590	-0.6757917
672649	0.46157894
672765	-5.1085844
672836	-1.3283502
672879	-2.18743
672947	-1.5446141
672958	-1.2666378
672992	2.7204628
673000	-0.95672673
673084	1.0898113
673186	-0.19481055
673224	1.978683
673245	-0.6103244
673258	-1.9554166
673263	2.5878599
673351	0.98780507
673378	4.917664
673450	-0.297113
673470	-0.8386299
673473	-1.4580544
673488	0.8752336
673499	-3.4535754
673519	-7.8284435
673659	8.863976
673663	0.006305165
673712	-2.1516917
673778	3.0251815
673818	13.52508
673827	-0.33576837
673860	1.3627379
673862	-9.567217
673920	-5.423453
673923	-5.5138283
673954	8.476738
673994	5.503665
674031	1.0633875
674088	1.9887068
674094	-7.438088
674128	-1.9554166
674149	4.0591583
674213	-2.268415
674247	-1.5340539
674253	-3.2944539
674263	0.54668856
674320	3.8241544
674339	-3.8038511
674347	0.9999976
674355	-4.18994
674358	-2.28347
674359	-0.9953191
674365	0.9955472
674389	-0.65587753
674412	-0.056441966
674599	2.0413551
674643	-1.9240941
674698	-2.3378055
674707	-2.1335945
674764	-1.975909
674790	-0.99700034
674793	1.733341
674891	-1.3606843
674900	0.9945078
674964	2.489679
674970	0.7083216
674992	-1.1078596
675003	1.0691855
675055	5.4759955
675083	-0.5902726
675097	-0.8311829
675190	-2.5690446
675191	-0.76395535
675222	-1.6472226
675305	-0.43610352
675412	0.9600022
675422	-0.20211935
675427	-0.94513017
675448	-0.81595147
675490	-6.3085566
675507	-0.8458154
675529	4.063084
675558	0.71501637
675559	2.1396532
675568	-4.7726727
675573	1.8898962
675600	-2.856574
675610	-1.4517914
675624	-0.17673492
675626	0.8574715
675657	-1.9532753
675663	-1.1951991
675676	1.1726499
675749	3.9704587
675834	-6.3772244
675893	4.4482284
675934	-2.705696
675953	-1.1099805
676060	8.507255
676061	-5.9803314
676082	3.076859
676185	2.2333336
676211	-0.81827193
676237	-3.405004
676269	4.931204
676307	6.1390867
676318	1.5237025
676459	-1.2958994
676496	-3.9754007
676540	-1.8147155
676564	-2.4014952
676579	-2.1066651
676742	-1.3217365
676753	1.7076458
676785	-0.83248055
676794	3.0914557
676819	2.133855
676822	-13.843003
676823	0.3334923
676913	3.9032059
676929	1.3754127
676930	1.5388776
676931	5.1136723
676965	5.7108493
676975	3.0031912
676999	1.6540982
677031	4.0355644
677167	-8.073496
677177	-1.5316528
677186	-1.5514616
677188	2.7027504
677254	0.97599685
677282	-3.7953146
677365	4.7182956
677366	-7.6552634
677400	2.730429
677410	-0.99677557
677421	-0.80410916
677536	-2.4902582
677693	3.4853709
677717	-1.6438487
677801	3.4855695
677835	-6.393851
677845	-0.72480327
677854	-0.99187934
677936	-3.8996294
678009	-1.5388743
678037	1.8226335
678152	0.044142604
678223	-0.3559209
678242	1.8198986
678270	-0.8495325
678304	-8.779134
678511	0.35872826
678602	1.8785973
678644	-5.04334
678670	-2.8124943
678705	4.271183
678715	-1.5514616
678769	-3.0165665
678917	1.0505774
678940	-0.74628794
678982	-0.97444606
679053	0.99161094
679067	4.218276
679080	-1.0373114
679143	-2.8596613
679150	2.2488015
679180	1.4009613
679196	-0.9780815
679283	-1.9739835
679355	-3.7214327
679363	3.5941825
679375	2.6960003
679407	6.2594366
679417	17.333061
679424	1.9494069
679440	3.9915226
679515	0.16269799
679575	7.5779347
679578	-2.5475464
679585	0.16195557
679609	-0.8748191
679722	3.9803615
679840	-4.200825
679872	1.1752521
679971	-0.963722
679976	-4.9205675
680003	-0.85036147
680007	-2.2354922
680287	-0.9377429
680306	-0.9967759
680310	-2.2974513
680411	2.8815072
680445	1.0133655
680479	11.160128
680495	2.174651
680561	-1.8581933
680604	-3.1201465
680619	-0.2797665
680729	2.8131826
680846	0.33379832
680896	4.5609913
680930	-0.085347794
681028	-0.33717638
681054	-0.956037
681135	-0.725164
681157	-0.9886015
681177	7.040677
681281	4.5265856
681402	2.3907971
681420	-0.70437056
681494	-0.056441966
681570	3.3162065
681574	3.3350823
681599	-1.4635236
681602	4.915625
681604	0.5353615
681608	-1.5158303
681615	-1.879397
681629	-1.6639162
681640	-3.4140913
681716	7.278806
681750	-0.68296015
681800	-19.04285
682039	-1.7968537
682047	-3.6484585
682050	1.5159504
682072	-1.2885623
682075	1.8868946
682151	4.0578737
682211	0.65784854
682474	5.774624
682479	4.021445
682482	-5.62184
682568	-1.0110861
682586	-2.0147688
682594	-0.77982324
682617	16.898643
682646	-0.9967759
682846	8.177436
682912	3.8749988
682924	-0.7209772
682956	5.8032594
683003	1.9291453
683065	-1.8246977
683112	-4.552934
683219	-0.7804142
683303	-0.12815885
683339	1.8225939
683343	-1.2793643
683344	-1.3111715
683347	1.3004199
683506	-2.4052374
683581	2.7380297
683588	0.6085127
683695	-1.9247956
683716	-4.181009
683732	-0.5731693
683760	-0.5134301
683777	2.7136984
683782	5.148678
683783	3.3076012
683787	2.7705016
683815	-1.5152532
683833	2.8795345
683875	4.683187
683927	6.462302
683976	5.021865
684022	-0.7989106
684118	2.0638556
684137	-2.389496
684167	-3.4914122
684180	2.4365401
684208	1.8985604
684217	7.5821624
684222	-7.8212724
684293	-0.5271539
684336	5.1290584
684360	-1.2630826
684365	2.9814913
684394	-0.6987061
684593	5.0791078
684621	0.7933072
684630	-3.4931586
684649	-1.6300822
684652	-0.53707147
684657	-0.97698426
684660	-3.6482446
684721	-0.20105346
684725	4.2568173
684756	-1.0479387
684769	-0.4876557
684788	-1.3606843
684792	0.47311804
684847	-0.951005
684857	-1.4760563
685018	-0.85873675
685087	2.637367
685222	-0.9892332
685264	1.0791438
685322	-3.275388
685453	-2.6205015
685470	-3.9825141
685522	-2.2436337
685611	0.86562127
685613	0.9985977
685665	3.5283825
685675	1.7911216
685699	-7.4411187
685824	-0.9422646
685888	3.060468
685957	0.17888092
686062	1.622936
686134	-4.424304
686157	-1.5514219
686163	2.51807
686164	-2.0766292
686165	-4.175295
686264	1.713605
686348	-2.6167674
686392	-0.85736704
686430	1.4731293
686469	2.334983
686535	3.0531092
686545	-0.6082467
686615	-1.8929667
686735	-3.405004
686827	0.8073922
686867	5.917373
686970	-0.9907285
687033	-2.2147117
687090	4.70575
687154	-1.2103163
687177	-3.2936463
687233	2.2364938
687254	2.6476908
687259	-1.4833009
687262	2.5953703
687319	3.1559453
687320	-3.2803733
687329	-0.83544195
687349	2.7270553
687387	2.232587
687405	0.075980686
687629	-0.9701558
687638	-0.9969679
687668	-0.9924082
687697	-0.855385
687840	3.309977
687856	0.79378873
687903	5.8884373
687922	1.8520904
687930	-0.62239325
687967	0.749416
688066	-0.96204245
688135	0.32870698
688148	-1.184127
688155	-0.896945
688257	-0.922465
688285	-2.4032283
688301	-1.8351262
688338	3.0946944
688371	4.950181
688434	-3.3890173
688482	6.1780963
688564	-3.788214
688567	0.717914
688707	-1.7214897
688710	-0.8762319
688726	3.634057
688788	1.1885
688820	9.911574
688836	1.8579986
688935	1.7094206
688987	-2.1483839
689007	0.89334995
689145	-8.41674
689147	4.5991797
689161	-1.7903553
689208	-0.680652
689270	3.687852
689304	2.078018
689329	1.8097805
689352	0.65686625
689371	2.2151375
689437	-1.26876
689442	9.334327
689481	-0.8285047
689555	0.94492793
689614	0.6636167
689768	1.532696
689792	1.0113442
689857	-0.8932278
689859	7.3590584
689864	4.0071125
689869	-4.837901
689872	-2.47532
689877	0.35158324
689950	-1.5810527
690049	-2.5007417
690078	0.3208759
690174	-1.6609175
690185	5.853503
690197	-0.3736036
690210	8.830163
690241	-0.3231201
690275	-0.6755725
690307	13.046963
690312	-3.8467438
690321	0.8384269
690438	1.6419705
690444	-2.0806012
690570	-16.603178
690611	-2.7396932
690657	-2.6453476
690710	4.224481
690718	1.5853595
690741	-0.6945488
690742	2.8763335
690747	-2.7609344
690833	-0.7300484
690911	-1.1905056
690919	2.0349436
691145	3.1607754
691177	-0.35265762
691182	4.5092287
691320	0.68930066
691415	-0.98338467
691565	-2.039949
691604	-0.906879
691612	-0.90432733
691617	-6.7469554
691620	-1.4264026
691631	-3.1636894
691731	5.9616857
691750	1.587008
691758	-8.697863
691789	4.33623
691882	4.009524
691911	-7.349394
691914	1.4621661
691925	2.8038635
691963	-1.7382133
691978	8.338896
692015	-5.5366764
692047	-1.2958994
692066	-0.972021
692129	-0.99322194
692166	-1.562011
692178	-8.260666
692193	5.2152123
692211	-0.5963169
692306	1.4009613
692402	-0.9999199
692412	4.559486
692487	1.1885
692500	-0.04621528
692573	-0.48873466
692613	1.6923252
692625	1.8243906
692646	-0.14180928
692669	2.8375967
692688	0.7148117
692805	-10.013636
692865	-1.266749
692895	-1.8791921
692909	6.40634
692917	-0.70437056
692922	0.41724014
692936	-0.9907285
692971	-1.9723227
693010	1.8579986
693104	-0.0652706
693123	2.6089764
693185	-4.262626
693230	-0.99676174
693352	-3.4983656
693441	-0.99904776
693448	8.283875
693477	13.644299
693495	-0.6927723
693511	-7.7026033
693516	-1.2931144
693521	-2.1176462
693558	-0.725164
693702	11.648901
693718	2.1325502
693787	-1.9365801
693792	7.057494
693864	7.414027
693906	-6.4377923
693925	-1.4647553
693928	2.9923937
693930	6.3392878
693987	-10.584534
693993	-1.5171053
694027	-2.5039532
694046	-0.96635085
694114	2.7029893
694132	2.9003003
694142	0.72445863
694190	-3.1303277
694222	-6.4237175
694227	3.7726426
694255	0.9546769
694300	-0.8556451
694341	-1.2033336
694380	-3.004023
694391	-6.5086746
694428	1.4397032
694524	-3.0094185
694549	-2.0855227
694569	-0.86942047
694625	-2.748639
694662	-0.62039983
694668	0.9869186
694690	0.6658119
694702	-0.98283535
694764	-4.6481023
694800	0.5177267
694821	-0.7699709
694857	4.8490734
694949	2.201348
694970	0.31389648
694995	-6.322641
695007	-3.8603802
695092	-4.2133217
695097	-1.8650938
695125	4.4787135
695235	-1.9044174
695261	-3.7304242
695267	2.5829158
695360	-5.3458643
695425	-0.94935054
695495	-6.9654546
695513	1.7097812
695527	-1.2013562
695556	1.0801322
695578	2.1855555
695597	-1.8006449
695604	1.3882216
695696	3.974426
695820	-2.4281678
695876	1.1812841
695962	-3.784053
695967	5.1597342
695995	1.807406
696031	-0.807231
696039	-15.9789505
696081	-0.7208622
696105	-0.62188244
696131	-3.3768525
696168	-4.8982058
696264	0.34197757
696279	0.44046846
696312	-3.43958
696319	-3.0373406
696397	1.594721
696474	4.800194
696480	-0.96805763
696504	-2.319754
696506	0.1339504
696540	-4.0566993
696566	-0.12815885
696603	-0.93517023
696665	4.557001
696699	-3.813381
696710	-0.9899798
696812	-0.96098554
696834	-0.9269101
696837	-0.97646606
696903	-0.27276093
696909	3.8383148
696956	4.9842925
696970	2.3354192
696975	4.914035
696991	3.7102318
697038	5.615543
697121	-0.9726998
697160	5.601222
697174	7.107275
697182	-0.8688866
697272	2.8452888
697286	-0.9687525
697336	-0.8924303
697345	1.5759807
697376	-1.6093309
697391	-3.821201
697403	0.44690314
697410	-6.709674
697473	2.170923
697609	-0.9869236
697619	-5.580987
697622	2.0521333
697707	-3.698233
697735	-0.96635085
697736	-2.3649502
697749	-0.8519533
697796	4.7076244
697845	-2.3675842
697908	2.025763
697961	-0.83100533
698004	-2.3750412
698015	4.404294
698054	-1.5424864
698134	-6.2701178
698142	-1.4176427
698184	-1.2043109
698261	-1.5498737
698275	-0.6909535
698301	5.4711285
698343	-0.6730763
698439	2.2143254
698487	5.168173
698489	3.741208
698493	-0.9138341
698512	-0.91783816
698540	-1.8344265
698549	-3.8038511
698606	-2.17818
698681	-0.11426615
698707	-1.4786597
698725	-1.327093
698778	-3.6294427
698864	-1.3397462
698867	-2.8124943
698887	0.86971766
699006	-1.6639162
699090	1.1995213
699116	3.9331207
699126	4.4635663
699132	-8.759013
699176	1.8062232
699213	0.93029594
699281	-0.9618748
699309	5.7483597
699359	-1.406031
699371	-3.1517072
699383	-1.8456461
699416	13.051476
699439	4.667014
699515	5.004552
699525	-0.43997604
699584	5.0374727
699602	-0.84580976
699606	2.8247454
699611	2.1969163
699720	-0.98780435
699723	4.641109
699827	-0.94113755
699840	1.8255078
699845	-2.0346189
699924	0.24607167
699986	-1.1401296
700008	-0.6082467
700020	-0.998372
700041	1.8396624
700046	6.3388963
700050	-1.6855487
700158	-0.96926725
700182	-3.2951946
700204	2.365468
700218	-3.4549499
700262	3.706507
700265	-1.8518977
700291	-2.0633502
700311	-1.5448128
700317	-6.7331
700344	0.5963959
700381	1.4009613
700421	8.793788
700437	0.9838329
700455	5.3369174
700471	0.9611827
700481	-0.97617686
700485	1.8810496
700534	3.8595605
700573	-0.73486674
700578	-1.4786597
700715	-2.7557323
700736	1.619251
700836	6.1306133
700872	-0.85727054
700884	8.833788
700890	-0.16838582
700916	0.34025785
700951	-0.5230627
701075	-6.25176
701096	-1.0712595
701099	-4.4095063
701155	-1.1094582
701194	0.6467217
701234	1.5897741
701271	8.342706
701325	-4.5972133
701351	0.87119526
701369	-3.6022253
701374	2.280189
701389	8.607814
701470	-0.8090769
701525	-4.10273
701570	-0.85753965
701584	-1.769925
701585	-4.636025
701669	-2.1052375
701736	-1.7077106
701742	2.7659009
701905	-0.7923855
701919	-0.720379
701922	-3.622155
702080	10.075057
702082	-0.92929137
702088	0.9138254
702104	6.5327997
702112	1.4748759
702161	1.843584
702182	0.9925427
702187	-3.2408733
702216	-0.8167272
702239	-0.6814333
702253	3.8059943
702357	-4.506017
702465	-1.385273
702481	-1.2044175
702491	-0.92585987
702656	-0.051785402
702662	0.66977024
702768	5.476912
702782	1.6616746
702842	0.1540615
702857	5.414226
702862	-0.99849546
702875	4.003593
702885	-2.6758506
702890	1.8660128
702938	-3.2508621
702943	-0.9266253
702974	7.3578434
702975	0.83793074
702996	-2.0245793
703031	0.5966791
703086	-0.8594666
703091	7.633862
703336	-3.9866295
703351	-1.2457504
703385	3.6326256
703466	-5.403634
703521	2.1175547
703524	3.331072
703526	-5.3561573
703530	-1.3010607
703535	-0.3561311
703595	-0.99493647
703659	-4.6189914
703712	-3.7566178
703766	-1.5628984
703828	-2.8067923
703844	-1.4923128
703863	2.6381555
703900	-1.706228
703901	-3.1071775
703917	2.099566
703956	-2.5218291
704042	1.4580677
704073	-0.90113366
704128	-0.5835734
704144	-5.414031
704169	-5.759033
704195	1.6631643
704352	-1.1567471
704413	-0.5711626
704508	-4.138461
704515	-0.99359703
704563	-8.291805
704579	-7.306333
704582	6.0172153
704611	2.122666
704636	-6.4492416
704676	1.5304947
704721	2.6202724
704804	-0.8713362
704814	-6.1574907
704821	1.194678
704826	-0.8072446
704964	10.871544
704984	1.556254
704998	0.41600293
705014	2.9238942
705125	3.6392317
705152	7.740117
705166	-0.99500924
705222	-3.704406
705249	-15.684326
705250	0.68689567
705261	-0.7950792
705385	-1.0736989
705421	-0.6004466
705433	-1.8388027
705447	-6.318959
705449	-0.38477737
705452	2.0068278
705453	-0.75218135
705482	0.882993
705488	0.8265851
705500	-0.21143857
705544	0.42751676
705562	2.623939
705565	1.2894648
705669	-5.5138373
705696	1.4164817
705770	-0.62856525
705813	-1.15573
705868	9.433942
705887	-6.404382
705938	4.838978
705996	0.86664593
706092	3.1301332
706120	4.541283
706157	-0.12932736
706205	-2.2883732
706218	-1.5696658
706248	-1.090364
706303	4.957424
706322	2.5815725
706348	2.096499
706376	0.21868068
706382	4.254607
706401	-1.2341892
706406	-0.83225524
706435	0.9994759
706487	-0.9816893
706566	-0.91414046
706683	1.5726691
706716	-5.924533
706801	-0.8861983
706805	12.660531
706806	-2.6261785
706861	3.2747371
706906	-0.9076588
706962	-4.4092693
707010	5.094366
707086	-2.5107496
707113	5.05658
707118	-9.039666
707132	16.362593
707142	-1.5662479
707160	-3.166239
707173	2.9282093
707195	3.3347993
707206	4.280998
707228	0.38401192
707241	3.8215497
707272	-1.8921999
707293	3.8373554
707302	-4.7292886
707326	2.9247522
707436	-4.6036716
707447	2.3741958
707550	-0.8747063
707553	0.9976379
707594	-3.328901
707624	4.316359
707625	0.02204413
707643	-1.6991879
707658	-0.8747063
707675	0.9765495
707724	-1.4580544
708043	-2.8813298
708045	-5.3121266
708059	-5.636181
708062	4.870212
708076	0.7559165
708084	2.4647584
708110	4.0342293
708116	4.983873
708120	4.6040316
708122	-1.691671
708144	6.163942
708163	0.01045457
708184	3.0511422
708231	-28.712849
708267	-2.1157694
708306	4.7505584
708317	-4.743045
708444	-0.9957502
708494	-0.54174715
708511	-0.9677776
708533	-0.83544195
708545	-2.751214
708548	-5.1688304
708594	4.5913625
708741	-3.0506032
708764	-0.97007614
708860	-5.9758987
708879	-3.0396225
708929	5.371364
708932	-2.7243354
708990	2.3889976
709076	-3.0073211
709080	-1.7699172
709101	-0.5407533
709176	-0.9197977
709296	1.9447757
709300	4.831204
709314	-8.443454
709340	2.8993556
709364	-1.8891594
709367	0.66977024
709424	-0.25732833
709499	-3.093343
709602	2.0339875
709609	0.61397266
709614	-16.222393
709664	1.1406281
709698	-1.9286999
709848	3.9182377
709859	3.320606
709884	1.598188
709959	4.6587896
710018	1.8159825
710051	-1.4580544
710088	-0.59576297
710103	-4.483799
710184	-1.328956
710223	-2.026153
710234	6.892783
710266	7.152154
710273	-3.498984
710481	-2.250313
710504	-5.444383
710537	3.6043656
710600	-5.319047
710621	8.191357
710646	1.6504523
710669	0.47791386
710701	-0.104673736
710729	0.14708632
710736	4.0568223
710969	-3.556236
710992	-1.7435774
711054	-1.6665823
711056	-11.166466
711087	4.237191
711097	6.1181936
711104	-2.2325158
711171	0.90337676
711216	-0.92929137
711222	-0.58310676
711277	2.3741138
711315	3.3224597
711333	1.944372
711379	-0.3766416
711425	-0.83563244
711468	-0.6571662
711489	8.043559
711492	-2.746586
711523	4.361561
711537	-2.1821628
711539	-6.5610075
711557	-2.9379084
711643	1.2813785
711677	-0.20331699
711742	-0.6663428
711747	3.8907638
711784	0.95575297
711786	-2.7116075
711809	4.02674
711832	2.5969567
711950	-2.6962175
711977	7.1947813
712001	2.5473664
712083	1.354368
712199	1.0564799
712203	-0.99189645
712221	7.5492167
712280	-0.86942047
712373	-0.9824874
712385	-0.06595148
712489	1.2023227
712638	5.151096
712713	-0.49688444
712715	-0.9525414
712762	1.3199061
712819	3.0965376
712841	-1.0218788
712847	-0.15382883
712982	-19.803381
713050	-0.45319337
713073	-4.509323
713131	-0.63500583
713177	-0.9141419
713249	-0.8182721
713255	2.1300073
713277	-3.317598
713282	-6.490483
713348	0.9017162
713447	-0.0027627698
713460	-0.5806846
713684	-0.47598562
713689	-0.63378716
713690	5.160765
713717	0.94348377
713811	-0.9386819
713836	-6.4674654
714007	0.8395167
714099	1.3448951
714133	2.2742155
714203	0.64558786
714354	1.8190426
714376	-0.5735285
714387	0.9918974
714436	-0.02187833
714496	-0.9643533
714513	0.98557323
714541	0.61074215
714584	-5.335302
714691	-0.374374
714761	-0.68637323
714867	1.9883915
714948	3.736729
715019	4.0441995
715052	-4.6560154
715071	-9.426373
715088	-1.8386785
715176	-4.71507
715293	1.8643919
715383	1.2979854
715451	-0.83228827
715452	-2.3582318
715454	-5.9314303
715514	-8.787804
715565	-19.366686
715712	-1.319446
715761	4.3189616
715768	3.339312
715906	-1.2398515
716003	-2.492978
716011	-0.9426229
716078	-0.3328584
716147	1.5984201
716189	-2.2588663
716196	-2.440536
716253	1.8214326
716265	9.864889
716274	-2.124733
716322	-0.031248756
716324	-4.485498
716393	2.7212539
716476	-0.27765718
716550	5.098009
716555	-4.4841976
716582	-2.636765
716613	-2.9500353
716661	-4.6332574
716709	-9.946696
716735	-2.5062382
716743	-3.066633
716759	6.6738505
716762	1.7911216
716844	-0.2525605
716885	-0.6071954
716931	1.8431664
716985	-0.043684077
716989	-2.7912884
717125	14.288394
717164	5.2924986
717191	-2.5752525
717199	-0.9316004
717221	0.6636167
717250	-1.3495334
717332	7.1159143
717371	-0.027860003
717570	-0.95028746
717598	-2.4613998
717629	1.5930215
717632	0.43666446
717652	-0.70097035
717686	-1.3674458
717690	-4.2603483
717818	-0.7219884
717852	-1.5685041
717877	-2.6056154
717904	-0.92565554
718125	-1.2357737
718137	-2.36527
718165	-0.847553
718272	4.6191244
718339	-1.9315853
718347	0.9936388
718351	-3.1723177
718355	1.7222267
718433	-1.1099805
718459	-0.9999539
718474	-1.9050845
718499	3.5606847
718569	2.508075
718637	4.893006
718803	-1.5803398
718821	3.2704756
718882	-2.591712
718904	-0.37594414
718934	-1.5976368
718952	-2.2876718
719031	-0.87883514
719070	-2.5306954
719142	-3.1331172
719157	-4.856941
719160	2.738986
719163	0.6918234
719310	-1.1886861
719339	-1.6600761
719369	-15.626388
719388	-4.242039
719426	-6.111132
719454	-2.9245245
719470	-0.5533266
719577	-0.40257373
719592	-4.9292994
719595	0.93463415
719644	5.0999827
719652	2.019711
719751	-0.97688097
719773	3.9381075
719822	0.99718344
719872	-0.23924497
719981	2.3313515
720030	6.8853054
720072	2.6382368
720079	1.1425147
720095	2.4854665
720239	0.0551386
720272	-10.252605
720355	2.8172445
720447	0.57104427
720465	-2.9812727
720475	-2.966452
720561	-1.7684609
720589	-0.536149
720599	0.9041007
720624	-0.756179
720674	-0.65201646
720715	-7.3677974
720741	-2.1350439
720897	3.9704587
720900	-0.88200593
720971	1.1111534
720978	-1.5150776
720982	-1.6256503
721166	-2.037765
721235	-0.65587753
721310	2.3889976
721317	3.8261366
721344	-1.0431644
721446	-1.5219078
721508	2.5945375
721770	-7.998795
721794	5.0153704
721891	-0.02809433
721963	-0.7313411
721979	0.5310428
722040	-0.39851588
722056	4.6397343
722080	-0.4634665
722147	-14.549059
722208	-0.99191654
722224	-1.2958994
722257	1.8367195
722293	-4.135513
722414	-0.81813174
722417	0.20735346
722431	-0.21248974
722475	12.86944
722619	11.254251
722643	-13.1795635
722664	1.3693295
722763	2.3907971
722816	-12.892072
722846	-0.9467727
722849	5.5303116
722916	-3.8026538
722934	-5.9169006
722998	-21.433247
723028	-2.2898498
723045	0.99116564
723051	-2.6782598
723078	-2.1277947
723099	-0.80410916
723202	-0.9078487
723220	4.007287
723249	-5.694972
723281	-3.038328
723284	1.8923043
723325	-0.7837109
723407	-0.8452007
723422	-2.757635
723452	8.137233
723513	-0.97808135
723519	6.8244786
723606	-5.654558
723688	-4.4250154
723717	-0.88761896
723719	5.992856
723722	-1.8713403
723752	4.757996
723804	-1.6229762
723818	-0.9269864
723887	13.253815
723893	-0.82572794
723895	-1.0896664
723905	3.0805912
723969	5.5724316
724053	-2.7805192
724072	0.3999316
724074	-1.5514616
724123	-6.2613397
724132	0.85616815
724157	-4.1422043
724203	1.8987188
724256	1.5576528
724276	3.4346879
724306	-0.86507267
724322	1.8047193
724383	-0.04621528
724389	3.512489
724429	-0.3736036
724471	8.507255
724571	1.6864169
724589	1.474531
724690	2.9267046
724698	4.88083
724757	-0.19121934
724791	6.065631
724818	-7.232885
724948	-1.0300106
724974	-1.8407258
725022	-0.88904154
725057	1.2154346
725126	-0.78699446
725253	8.28359
725259	-0.42314205
725272	-1.622915
725361	-8.018163
725428	6.165232
725441	-3.721746
725443	-0.98211783
725459	2.5993211
725500	5.9839816
725595	-1.9763668
725610	0.4170003
725643	1.9447757
725747	3.3350823
725894	6.947148
725928	5.7542706
725950	-0.2796018
725955	-6.015898
725961	-1.850829
725979	-5.6055017
726150	-0.9908092
726319	-0.6977898
726329	-14.23953
726362	-1.7307891
726363	7.015686
726370	15.881632
726386	-0.95395327
726389	-0.77783144
726396	-1.2783148
726438	9.803865
726446	-4.842324
726478	1.6631643
726558	-1.0774814
726626	-3.096521
726652	10.483778
726666	0.94840896
726733	3.6898828
726764	1.3451756
726787	-0.53055626
726798	9.3467865
726849	2.6965287
726993	-2.0079787
726999	-1.7690909
727212	-1.8487947
727233	1.7111202
727240	8.132076
727291	1.5449005
727482	-4.10273
727624	-2.8996336
727634	1.3075559
727635	-5.0990095
727667	-5.003923
727680	-0.9994783
727735	-1.1330795
727808	6.3069315
727985	6.584425
728034	-1.9894321
728103	-1.5151107
728115	-0.9712782
728125	4.568438
728170	-1.4331625
728243	-1.6317112
728271	-2.80558
728339	4.182154
728384	-1.4808604
728418	-1.3956202
728420	-0.6724805
728494	11.024021
728504	-4.363008
728520	-0.14469236
728545	5.5784173
728571	-0.9603837
728678	0.41906193
728797	-2.3378055
728855	-4.706737
728933	-14.728603
728960	-0.86329955
728973	4.0296693
728985	-0.71168065
729011	2.2151375
729041	-0.7847775
729062	-2.7871566
729072	-0.8838461
729110	3.552577
729113	1.3957698
729168	4.239318
729187	0.9765471
729224	2.3316498
729276	5.016782
729290	0.42866465
729312	0.77063376
729324	-2.7588491
729372	-2.47232
729405	-1.7775011
729486	2.3569405
729548	3.2470434
729579	0.6749852
729603	6.6710725
729650	-0.3769428
729681	-1.958202
729759	5.1848917
729796	1.2375762
729823	1.9105031
729867	0.52184886
729870	-3.7631586
729928	-13.218967
730038	0.6002469
730102	-0.9557601
730160	-5.1471877
730244	-3.2916067
730253	2.7954025
730260	-3.732987
730301	-0.99901867
730351	0.9839939
730418	2.3357778
730461	0.8081051
730476	-6.777712
730585	-2.1740198
730629	9.362924
730657	5.1127095
730676	-2.1315882
730679	-2.2385187
730720	7.3545575
730798	-0.46436954
730831	-0.88781315
730853	3.1651216
730885	0.4170003
730908	4.9153857
730918	7.055123
730975	-1.4719788
731039	1.1067704
731077	0.8649188
731114	-1.9509883
731174	-5.2936044
731266	-0.83460796
731288	-4.553215
731294	0.87838894
731339	-1.4614327
731451	-1.1586033
731549	8.192839
731581	-0.95983696
731600	7.56286
731609	-3.7662718
731610	-5.642417
731661	-0.8268966
731723	-1.9301308
731778	-1.3374059
731866	-3.039678
731984	5.806571
732035	-1.0026176
732049	2.1367328
732059	-5.0633683
732130	10.685361
732151	1.4210749
732201	-0.4634665
732209	3.285557
732335	6.462302
732389	-2.1315882
732419	6.229957
732499	3.6815236
732593	1.008683
732651	-4.7813554
732658	2.1398108
732772	1.4680971
732832	-0.9251184
732854	-3.4999602
732867	-0.80154866
732876	-0.847553
732980	-2.2990663
733083	0.97127396
733086	-0.99237984
733102	0.97298795
733272	-1.040255
733289	0.04720768
733340	5.2901125
733424	-0.062244024
733441	-0.44224876
733446	-5.6081257
733453	-1.6063883
733463	0.27946052
733518	-1.2922455
733541	-0.9908092
733612	-1.2802022
733640	3.7723453
733671	-0.47604844
733770	6.053043
733898	-1.5476104
733953	0.013912961
733975	-0.9780815
734039	0.42823026
734131	-0.78832155
734193	-7.526293
734210	0.80089027
734570	-0.33353138
734600	-0.20105346
734768	1.4783033
734878	-2.8596613
734891	-2.440536
734920	-4.275635
734922	1.4731293
734945	1.2663745
734998	2.5648394
735005	-1.8609726
735080	-16.33906
735112	-0.97016054
735155	4.116067
735203	0.7899274
735258	2.9419591
735261	-0.89303803
735264	7.471405
735301	2.280189
735515	3.8532536
735524	0.40524954
735580	-2.7396932
735619	0.6894278
735638	-4.6359606
735646	-2.912036
735699	1.2319754
735721	-1.7706823
735769	-2.341711
735889	-1.1764876
735899	2.088885
735950	2.4917727
735959	5.945003
736134	-3.9967272
736147	0.749416
736283	2.4505067
736334	-5.3372164
736368	-9.151013
736385	-0.6814333
736391	3.6174052
736397	-0.90432733
736453	-0.0652706
736478	1.6272602
736508	-1.6668212
736539	-0.82886654
736559	-2.4107287
736569	8.112152
736738	0.087391734
736803	5.834959
736943	-2.9319441
736965	-2.1993144
736980	-0.42690718
737052	-3.4549499
737067	0.97136146
737123	-3.7535965
737185	-1.9352362
737204	2.0821645
737289	1.8785973
737362	0.83068883
737415	1.9250581
737436	-6.072648
737439	-5.1447325
737540	-0.61383027
737673	-0.99359334
737774	1.7570119
737783	-0.3487569
737813	-10.7493725
737820	0.9963959
737874	4.8980746
737909	-2.2898498
737954	-2.521889
738052	-1.1567471
738061	-0.3469497
738086	-1.7016001
738146	-2.2371275
738204	1.3599657
738210	-1.9016849
738248	1.1741298
738285	-0.45692956
738309	-2.850276
738378	4.7030635
738447	1.6787549
738509	4.8749084
738592	-5.035353
738628	4.3775015
738647	-2.8652067
738683	-3.2142022
738725	5.523075
738916	2.3964305
738918	0.3548482
738978	4.1123333
738990	-1.2541083
739088	-0.6352501
739118	2.9542186
739146	-0.70898324
739237	0.56028444
739351	4.2959857
739425	-0.89614975
739453	4.1268697
739502	-1.150791
739509	-0.71319234
739516	0.9654226
739553	7.3389316
739581	-2.0946126
739614	-1.4072366
739694	3.6546068
739848	-7.9376626
739874	1.0253614
739949	-0.6734539
739950	1.5817333
739988	-3.4931586
739992	-1.3421798
740025	-1.2727307
740049	-2.817761
740118	-0.81724805
740233	-0.7293591
740283	0.15593852
740295	2.69941
740309	-0.4243054
740372	4.232908
740395	-1.9973334
740396	-0.9994965
740423	5.774624
740433	-0.94935054
740453	2.7664776
740542	-0.9999956
740564	-0.9763852
740624	-2.0855227
740706	-0.42690718
740718	1.2279817
740730	4.218276
740744	0.13673122
740858	1.6980654
740868	1.7094206
740959	-0.9203778
741130	1.73096
741139	-0.99961996
741141	-0.5533266
741160	-5.066332
741165	-0.95672673
741241	-0.9215695
741242	-0.94513386
741293	-6.6127067
741423	-2.8688397
741588	-0.5599169
741632	1.1058321
741721	0.8693882
741728	-1.5370775
741738	2.7953188
741758	-0.91458386
741782	1.73096
741819	2.3242433
741837	-4.19162
741858	-0.14095248
741869	-2.304915
742067	5.974697
742163	-0.49617648
742173	2.7364502
742206	1.1058321
742322	-7.136918
742332	-0.99359334
742402	2.1869051
742404	0.6138045
742416	-0.9994965
742458	4.753406
742592	-1.0917665
742598	1.0570536
742627	-2.3486924
742641	-1.1589664
742663	-10.201921
742889	-3.981031
742927	-0.90314096
743027	-2.0177922
743236	3.1534102
743328	10.282767
743359	3.364727
743413	0.9765471
743430	-2.0285647
743439	-0.9541863
743462	-34.065514
743591	-0.98922986
743604	4.1372585
743709	-0.9571177
743763	0.28682882
743770	-6.4871783
743789	-1.4576339
743865	-0.807231
743873	-0.98537594
743897	-0.20218402
743903	0.5361498
743964	-2.5164697
744064	1.0755851
744134	-1.6913913
744198	1.2532094
744215	-3.1405113
744224	0.8963428
744271	1.7931828
744300	4.0355644
744308	-2.6911535
744309	-2.3899438
744333	-1.233834
744338	-3.6075766
744342	2.8149283
744528	6.021448
744568	1.6291758
744573	-1.8344265
744633	2.3072414
744659	1.0733826
744837	-0.21569335
744892	-0.9512758
745014	2.7163076
745042	-2.6010075
745208	5.9357686
745212	-0.9215156
745238	0.90402573
745358	-1.0503371
745385	-0.8802848
745412	-2.7364986
745437	1.781409
745443	1.537153
745473	-0.7240751
745475	-2.4313376
745485	3.9915226
745503	2.645926
745509	1.3447943
745571	-2.1066651
745592	-1.2558485
745613	-3.3982303
745643	0.2696382
745671	-0.8421312
745704	10.150218
745801	2.51807
745876	-0.91371983
745929	-0.9823532
745996	2.4500933
746027	1.1985266
746078	-0.75403553
746135	1.2934783
746139	0.6718131
746179	2.447477
746313	3.4768112
746337	-5.781317
746373	-1.8148441
746422	0.16029039
746507	2.572234
746557	-21.455654
746579	-3.318739
746652	-1.6324217
746665	4.1372585
746754	1.81847
746825	1.0691855
746827	-0.6823253
746948	3.7251086
746978	-1.641238
746985	-3.0631676
747053	6.1008625
747067	0.40340567
747138	-0.21487707
747189	-1.9247956
747215	-0.90012413
747308	-0.94594187
747326	-3.0347753
747332	2.3508809
747356	-0.9829759
747377	-1.4437732
747383	0.14571166
747474	-0.9780815
747601	2.0087333
747640	-0.6487106
747654	-1.8817927
747704	-15.363886
747770	-10.096501
747812	2.4742007
747818	-2.955868
747872	-0.6644232
748111	-0.8562035
748139	0.5220889
748153	-1.153324
748157	0.6905377
748171	8.845021
748253	1.5755372
748307	-2.7651362
748314	0.79037434
748354	2.6246543
748422	0.83793074
748430	-2.614294
748450	-0.9316004
748548	-4.9971747
748574	-0.8141772
748592	-4.135537
748613	-0.95140755
748682	0.47341517
748718	-3.52151
748770	1.2711965
748803	-2.851076
748971	2.318192
749005	1.9847986
749009	5.279869
749022	-1.4853538
749023	1.6981739
749027	-0.30049604
749029	-6.10262
749065	-2.6614943
749117	0.8768503
749209	4.377663
749264	-3.7122939
749280	1.7819755
749418	-2.7364986
749444	3.2936735
749462	-4.938402
749588	3.7301233
749652	1.4673401
749687	0.8395167
749853	-0.29864165
749879	5.722803
749918	-4.54346
749954	-1.9398375
749987	7.3022623
750079	-4.959607
750214	-2.115857
750288	22.193033
750422	-0.94513017
750481	-0.3795556
750505	-0.6395224
750514	0.68263537
750533	1.5383542
750577	1.8149817
750671	2.4768481
750717	3.2102797
750723	-4.6062517
750730	-0.8076737
750763	-1.5463713
750824	-0.658109
750857	2.1363213
750949	-7.67482
750957	1.2098569
751158	1.7853762
751184	-0.27268025
751202	-1.2081487
751204	-0.1172323
751292	5.6326365
751372	-0.33576837
751531	10.924879
751533	1.8462433
751575	1.2115982
751588	-3.2939904
751593	1.0304713
751706	-1.7820374
751723	-0.571155
751752	-0.3559209
751805	-4.335655
751879	4.215249
751966	8.176887
752130	-0.995335
752141	-1.2372925
752225	-0.9999438
752232	-0.80410916
752240	-0.57486635
752242	-0.8813256
752283	0.4793412
752379	-0.92565554
752390	-0.08655371
752405	2.0496643
752421	-0.912032
752503	-3.324451
752597	0.79541665
752647	12.246502
752648	-3.2609425
752718	0.27946052
752764	-1.2588794
752776	-1.6648136
752858	10.999695
752924	-2.7003667
752942	2.0521333
752949	6.744673
753000	-1.3391647
753092	4.0001955
753153	-0.8045994
753219	-5.8802857
753224	-0.40931126
753234	-3.5121665
753266	-0.9701558
753273	-1.1908028
753313	2.143319
753377	-1.736041
753398	6.419303
753428	-1.7561904
753482	3.732908
753559	-0.67925376
753596	-3.5894742
753614	-0.9701558
753646	-2.1066651
753706	-1.7820374
753747	-1.9147968
753918	-4.1364117
753994	-1.1557436
753997	1.8923043
754011	-0.99683726
754089	1.2311003
754141	0.52908635
754173	-0.39983454
754203	-2.5171478
754292	2.0582356
754300	-2.440536
754323	3.7226784
754429	-1.3356075
754466	-1.3066547
754590	-1.0763303
754638	2.5901341
754720	1.3904842
754772	11.642665
754890	2.0740776
754985	5.2143493
755066	1.805795
755131	0.5481828
755189	-0.5711626
755207	-2.6872947
755308	-4.5261717
755314	-1.8625674
755325	2.2552648
755362	-0.99105847
755394	-2.4380012
755484	-1.2569207
755494	-0.79127944
755508	-4.4008403
755513	-0.63378716
755534	2.340219
755585	-5.601947
755642	-0.62084657
755648	-4.3526635
755806	2.5351708
755883	-5.654489
755921	0.12544286
755974	-0.9913281
755983	-0.8700199
756004	-0.94841063
756015	3.8686767
756077	2.4317384
756083	7.8873734
756186	-2.3134253
756328	-1.4699594
756404	6.438226
756518	2.0799432
756658	-0.9763852
756699	-0.891537
756706	11.667753
756744	-0.6649945
756751	-4.09775
756763	-5.172662
756813	-8.395996
756837	5.305159
756839	-0.8916733
756857	8.283875
756878	-1.5171053
756902	1.8963953
756953	-5.9502225
756993	-3.475966
757040	-2.4645982
757188	3.5944743
757274	-4.3488917
757322	1.5173584
757331	-3.5971131
757337	-0.82955825
757340	1.5984201
757368	-3.498984
757376	-13.961864
757388	2.5539355
757489	-0.062568255
757537	-0.7752179
757633	-0.09433983
757649	6.968295
757723	-0.46595109
757727	-3.6525538
757748	4.5590568
757823	-5.8197227
757828	-1.2975638
757836	-5.9348116
757929	-0.99986
758004	-3.9501731
758050	-5.941227
758056	-1.116546
758090	-1.5388805
758098	4.496701
758140	-2.1066651
758162	-2.9805198
758183	-3.2380898
758246	-1.4822755
758398	-4.642214
758411	2.4129057
758456	-0.6605969
758493	-1.0403421
758516	0.9654226
758627	3.448336
758635	-2.304915
758669	-0.9381298
758681	5.136175
758874	4.254077
758989	1.4344888
759053	4.4724927
759070	-5.6185994
759116	-0.6970831
759128	1.0350188
759247	-0.8838461
759457	1.8026991
759460	0.007628612
759489	-0.9975961
759519	-0.39983454
759526	-1.3128299
759542	1.8810496
759551	7.130578
759563	4.078036
759568	-1.794923
759718	-0.7986787
759829	-1.7735258
759882	-3.7542517
759936	-0.9146994
759940	11.070976
759986	3.2141023
759998	7.376316
760152	0.91757154
760214	-0.17702544
760217	0.37641114
760414	-2.4034004
760421	-1.1925861
760476	-1.3806304
760678	10.4585085
760722	2.6679325
760768	2.623939
760810	3.2089055
760847	3.552577
760961	3.0677352
761003	-0.44393754
761084	-2.9152703
761087	0.5348405
761101	1.6055617
761113	1.2018785
761160	-2.2171876
761175	-2.1066651
761245	-5.283985
761312	-5.2947636
761522	1.9138764
761538	-2.8310866
761676	-2.009602
761826	-0.034241803
761844	-0.08655371
761982	0.99718344
761991	0.38364735
762003	-0.99891937
762015	-1.2113006
762030	-1.125123
762103	-4.787451
762115	2.232587
762259	-8.635078
762333	-0.83100533
762339	2.9574761
762359	-0.14566855
762361	-7.040123
762426	-3.0002313
762450	-13.443334
762502	-5.214099
762505	2.0279071
762531	3.0391889
762546	1.6659034
762596	-9.32503
762608	2.698848
762636	0.7487687
762667	-1.3993105
762722	0.51101923
762851	-0.9623987
762878	1.1598923
762977	-2.0815287
762981	2.5124288
762992	-1.1651883
763031	1.7073102
763103	-4.3376713
763179	-0.8813256
763190	3.065722
763262	-3.2880583
763274	-0.3736036
763300	1.8513782
763416	-0.65587753
763466	2.3732893
763472	-0.67496383
763478	-2.8804562
763556	-0.5097164
763636	-0.9993781
763727	-0.9618748
763770	0.25729296
763856	0.02204413
763898	-1.977004
763901	-4.329454
764016	2.3135333
764148	3.6857867
764224	-5.5653143
764289	1.2169151
764290	-1.4808604
764321	-0.77556443
764342	3.525416
764413	3.0951252
764474	1.227931
764521	0.36640865
764579	-3.8780634
764636	0.9564453
764656	0.36240348
764687	-0.62348753
764700	-2.268415
764709	-1.7028538
764725	-0.89614975
764731	1.0169058
764771	-0.6944338
764783	8.811966
764797	0.1569009
764861	-1.4212453
765002	1.4708089
765060	1.8904982
765136	1.194678
765166	-7.7506
765206	-1.7570066
765212	1.0626489
765218	-3.6064894
765308	-0.45952654
765348	-3.0565674
765379	-1.8410366
765463	2.3242433
765495	4.5239344
765557	3.9915226
765641	1.3108537
765647	-3.8940084
765653	5.418753
765697	-0.4871688
765752	0.02334031
765814	-1.870708
765819	-0.93334186
765826	-3.4066052
765847	-0.7609728
765872	2.24274
765994	-0.5407533
766037	-3.3982303
766082	-0.0057954243
766088	-0.60852194
766158	-0.99923825
766224	-1.5559878
766249	-2.1462445
766258	-0.97351575
766270	-0.9203778
766307	0.8152113
766517	0.36406425
766523	-4.131853
766581	-0.5401019
766583	-0.9336425
766609	2.3316498
766756	2.811192
766852	-1.5407994
766858	1.7882673
766896	-4.400637
766900	-0.08655371
766937	1.8208684
766952	-2.3204074
766958	-5.429111
766997	-0.99359185
767029	-0.49828398
767119	-0.8754567
767146	-4.424304
767180	1.8963695
767378	-4.363949
767393	-29.561176
767473	-0.5460299
767594	-6.062669
767603	3.2206807
767725	-4.104737
767753	-2.0490015
767816	4.859387
767828	12.5799055
767886	0.8384269
768105	-0.3582723
768124	0.07625905
768128	-0.9611569
768214	3.285557
768450	0.95575297
768496	-6.9850006
768498	-3.1278164
768499	-10.616047
768509	-0.97772485
768540	5.2155986
768698	-1.6847464
768747	1.1006566
768931	-5.805584
768934	4.1544595
768941	-0.8445843
768975	-0.9681656
769016	2.489526
769042	0.44528106
769071	0.9554698
769111	-0.70437056
769121	-4.170157
769260	1.2469956
769323	-4.1209483
769334	0.749416
769369	-0.16981795
769424	-2.2222438
769486	-3.3963482
769506	-2.035463
769509	-0.6755725
769561	-3.318739
769562	8.162348
769568	4.3116665
769623	0.3334923
769664	1.1656477
769670	-4.7338705
769733	-2.3859947
769787	0.5354862
769811	4.0811005
769941	3.39679
769946	3.6529398
769991	-11.772943
769997	-0.2469924
770003	5.435074
770016	-3.0631676
770092	-3.2896595
770142	-1.4030164
770160	-0.71545035
770204	-2.1798806
770239	1.8190426
770246	2.6797676
770356	0.26306334
770380	1.782474
770417	-0.8547244
770426	-0.9339057
770431	-0.6409523
770432	-0.65587753
770438	0.9181839
770469	-0.5780084
770518	2.0906746
770595	-1.6694285
770608	-1.3901846
770630	2.2060251
770673	-1.8257898
770681	-15.067264
770721	0.6872105
770757	1.876634
770873	-1.3319302
771043	-0.94824684
771074	2.9256656
771092	-1.8765728
771156	2.8309946
771190	5.193561
771197	-0.5594335
771301	-0.807231
771398	-1.4018606
771406	1.6272602
771423	-3.5957468
771463	-1.3017327
771591	-2.2371275
771735	-2.0252798
771743	1.4327844
771781	-0.8223014
771792	-0.43803582
771882	0.33769348
771920	-2.4076009
772045	-1.1651883
772061	-0.43407652
772325	-0.77592826
772423	-4.1132245
772461	-0.83544195
772489	-1.8955057
772507	0.9912882
772613	-0.41014412
772657	2.6307037
772714	5.027892
772854	-0.94935054
772938	-10.471449
772997	-1.4853538
773048	3.3524115
773086	2.057507
773094	-1.7321846
773374	0.49443984
773440	4.3376646
773483	2.8571267
773521	0.95348686
773527	-3.9733822
773572	2.599485
773622	-0.3349239
773643	-0.498356
773687	-0.62000024
773702	-0.99691117
773724	3.6285744
773726	-1.7734207
773824	-4.1949167
773918	-3.2471104
773933	-2.4004927
774020	9.864889
774075	-1.168881
774153	1.9941831
774291	-0.019248199
774332	2.9898403
774353	4.394053
774448	-7.584463
774528	-4.4947386
774572	0.9359458
774575	1.9990975
774586	-5.25893
774596	-0.52187854
774682	5.30164
774781	3.1542966
774903	3.9594376
774963	-0.65544736
774984	-1.9998038
775031	-3.898799
775079	-0.8754567
775194	0.93796027
775201	5.2828465
775223	6.701501
775242	-0.5640289
775261	-1.8953587
775307	-0.4763561
775380	-1.4589604
775398	9.204789
775430	2.5969567
775442	1.8430694
775445	-0.05213284
775651	2.6541321
775677	0.7455164
775744	1.1501641
775753	-2.9681664
775833	0.72937936
776038	-4.7860217
776093	4.117267
776098	-2.122635
776159	-3.0078907
776255	-2.7271547
776261	-1.1951991
776263	-2.4586172
776336	4.3384233
776342	5.1226606
776528	-0.2551208
776569	-1.6233059
776612	1.0596586
776705	-2.6457286
776751	0.2904661
776771	0.38052905
776788	-0.9060638
776792	-9.3273945
776835	-0.8242636
776854	-6.1205444
776888	-0.5401019
776963	0.80438036
776974	-0.9907285
777049	-8.342559
777102	-1.137281
777182	1.1836649
777283	5.882376
777293	2.9889636
777398	0.8432225
777411	0.8384269
777484	3.0474195
777510	-0.61716783
777548	1.257334
777573	3.8241544
777605	0.8395167
777625	-0.9541863
777641	-0.27022827
777694	8.236297
777833	-0.011628614
777872	-2.2095423
777879	2.1082637
777922	-2.2158375
777929	4.933474
777948	0.90087575
777971	2.015401
777987	0.7863561
778010	-0.7533263
778025	-0.50886106
778052	-0.09662621
778117	-0.9076588
778193	3.1145215
778216	0.85616815
778232	-6.0935426
778314	-0.51321423
778354	3.3292828
778430	-2.0920584
778487	-4.156654
778511	-1.8356256
778564	-5.0823283
778575	-1.6063883
778585	-0.9134402
778648	8.209837
778703	5.8809752
778712	3.6414
778910	-5.9435687
778946	-1.6175108
779087	-0.99923825
779123	7.194338
779126	6.8223405
779138	-3.43958
779153	-0.6405094
779228	0.23076488
779375	0.53011984
779428	3.0588768
779443	4.971477
779518	-0.8713362
779561	0.8713128
779573	2.7612185
779614	-0.9816917
779738	-1.8242835
779803	-0.65132505
779891	3.0675683
779996	1.9394736
780008	4.189874
780083	-0.9965293
780094	2.459514
780222	-3.6525538
780308	4.6829433
780387	-0.0652706
780443	-5.849467
780481	-0.43575737
780487	-2.5835505
780579	-0.73486674
780580	-0.9134402
780595	4.090136
780608	-0.48700684
780686	-0.2664427
780766	-0.30049604
780771	0.3334923
780816	2.9097383
780878	-2.4052374
780919	-2.9735715
780926	-0.99322265
781030	-9.522666
781121	-0.90573794
781142	6.8315997
781195	-1.2017883
781243	-3.9104118
781258	-5.8844266
781298	-2.7988348
781301	-1.1073778
781313	1.8454458
781369	11.245151
781399	5.572953
781431	2.9760895
781460	-2.8900728
781556	-0.4876557
781559	1.903865
781715	-0.5429512
781736	3.3588173
781743	5.790487
781830	-1.4853383
781834	2.2574444
781838	0.6909555
781850	4.366828
781866	4.257246
781900	-2.3939524
781901	-2.072116
781996	-0.7080458
782120	-2.1639519
782132	-2.3420806
782137	-2.4313376
782173	-3.4179263
782193	-0.33576837
782269	-5.1396956
782301	0.20975275
782320	2.5832958
782335	-2.8804562
782375	-0.880235
782407	1.944372
782419	4.1398425
782431	8.331305
782501	0.82196337
782606	1.2788695
782622	-0.8311829
782674	-2.9580803
782704	0.85659164
782739	2.108543
782783	-4.1390634
782797	-0.9623987
783041	10.157303
783055	-1.394046
783135	1.0680494
783139	1.7183148
783147	-3.0280046
783184	0.9679897
783476	-3.3575175
783574	-0.041775174
783653	23.569523
783752	2.3072414
783877	-0.90012413
783885	-0.62682104
783936	3.044794
784005	-1.7960268
784009	-6.301076
784255	-9.700563
784346	8.94402
784371	3.9058762
784402	-2.6056154
784424	-1.3540174
784470	-0.94824225
784523	6.8961
784663	0.8969017
784719	0.8081051
784760	3.1651216
784767	2.6445875
784905	4.7604666
784928	-2.6167674
784931	-0.062568255
785008	6.087125
785098	1.0995343
785101	0.3632813
785132	4.958473
785221	-0.880235
785303	-1.3489387
785311	-2.009602
785333	-5.8686156
785375	1.2541549
785490	-2.1751726
785527	-1.6782546
785533	7.9520507
785630	-4.3348603
785632	3.3801088
785638	-0.82319415
785672	-4.491406
785745	-2.0091348
785981	5.5872073
786002	1.7994599
786023	-2.3378055
786036	1.7414379
786062	-0.9058302
786091	-0.50886106
786111	2.3006852
786142	1.5796531
786146	1.2302227
786184	-1.860952
786252	4.654295
786256	2.8364258
786307	-0.8069176
786362	-2.077858
786430	2.3770316
786560	-1.980071
786569	0.8395167
786613	-0.44761017
786619	-5.924929
786780	-2.4034004
786815	-0.7525583
786829	5.2953115
786881	-1.3111715
786942	-1.7516267
786977	-4.274733
786995	2.1613333
787012	2.0469406
787183	-0.9986353
787382	-0.8861983
787387	-0.85874814
787390	1.2265551
787416	-2.2694933
787419	-0.12837623
787568	-5.095328
787684	0.49765727
787726	1.4158583
787742	-2.7531157
787779	2.3444698
787787	-0.9680206
787847	5.2558227
787980	1.598188
788003	-8.698704
788057	0.078742534
788177	1.619251
788179	1.7751422
788286	0.510767
788300	-2.430434
788308	1.3204553
788359	5.526928
788376	-0.93625474
788383	4.6039414
788492	1.5699852
788516	-0.5147788
788605	-0.6814333
788615	-1.2387503
788794	7.563569
788828	0.27179137
788904	-3.1950696
788927	-4.4555783
788998	1.6647995
789170	-1.7969277
789225	1.2044147
789233	-0.8367239
789291	-1.0914055
789482	-3.3657725
789563	9.71537
789571	3.4364734
789660	-1.4915969
789664	-3.063844
789797	0.6381326
789955	-0.3736036
790092	-0.57160157
790104	-1.7435774
790109	-0.52616864
790118	-1.6328064
790235	-3.1414075
790248	4.8209763
790250	2.6700234
790273	-0.08655371
790313	3.3068197
790370	1.5022372
790425	-0.53057176
790461	3.064183
790534	4.8166127
790566	-2.5835505
790586	4.4976115
790619	-0.62483364
790640	2.1911938
790693	-1.861173
790710	4.496701
790822	-5.1524444
790868	-3.4187796
790896	-0.29374212
790988	7.187708
791035	11.068579
791043	-0.5913293
791048	-4.8364244
791128	-0.9999956
791307	2.213655
791349	-0.33735266
791369	-2.550488
791404	-1.2399675
791412	1.2901381
791483	8.613518
791494	2.2827563
791553	-2.4004927
791702	2.713352
791712	-5.6081257
791718	-5.5250506
791770	-1.3217365
791839	4.0926013
791854	-0.27944505
791900	5.451113
791918	-5.782252
791998	-3.9902563
792009	2.8292038
792226	-2.1287558
792274	0.8813481
792353	-0.9190621
792395	22.291422
792450	0.97551787
792473	9.095775
792568	0.68176216
792661	0.34936208
792700	2.8035612
792709	3.6449606
792717	5.62234
792728	-1.677245
792777	0.9919648
792785	11.316284
792788	-2.1052248
793056	2.939649
793085	-0.82831603
793175	-2.3532653
793223	0.62827843
793303	-1.667481
793506	-1.4654312
793531	1.8225318
793589	-0.93625474
793598	-2.8911865
793658	-0.8617913
793736	2.5612545
793744	-1.832973
793791	2.9574761
793804	-0.8178009
793870	5.0999827
793941	-3.627014
793969	2.3582263
793996	-0.27022827
794014	-0.9229648
794093	-6.3345184
794171	1.7656575
794305	0.91725487
794361	-1.4891543
794443	3.3970249
794468	1.738775
794510	-8.670711
794580	3.1534102
794606	-0.24331737
794638	-0.6409523
794802	-0.9894198
794990	1.8344412
795008	-0.6854123
795012	-1.3666936
795256	-7.510505
795319	-0.77371854
795338	-3.503584
795404	-1.6203161
795569	-3.796526
795610	-0.92565554
795653	-1.2866412
795656	-3.1997318
795697	6.1770854
795747	1.4202722
795754	-3.856453
795762	1.9504853
795882	2.5690255
795913	-1.4441993
796080	-1.9620708
796112	6.021316
796195	-0.062187836
796268	1.6014732
796348	-1.4654464
796555	-0.9060638
796591	-0.5335611
796617	2.8364258
796685	9.577662
796703	1.5388776
796818	5.2323613
796842	-0.6405094
796879	3.7363532
796932	-2.1639519
796986	-1.5259479
797012	3.7390347
797052	-0.9771453
797120	-4.0378633
797142	5.41026
797263	-0.78929424
797379	3.285557
797385	-1.6238576
797442	-1.5508527
797461	-2.456923
797491	6.042697
797518	-2.599514
797545	5.0954137
797555	0.14571166
797590	-0.86329955
797689	3.9810362
797698	-0.75856245
798012	0.95348686
798052	-0.91783816
798088	-2.984682
798124	3.9704587
798133	1.6968731
798161	3.7780786
798167	0.7910781
798211	-0.97808135
798297	0.40790176
798357	-1.952018
798368	-1.3325262
798443	-2.8124943
798482	0.4793412
798523	-0.9782862
798543	-0.70623213
798565	0.5963959
798619	1.5963968
798761	-0.8939879
798796	-1.1273109
798831	3.6050591
798994	1.8017027
799003	-2.3927727
799128	-3.6046362
799177	-0.6605969
799197	-0.04621528
799263	4.4968348
799290	5.7011313
799334	-3.7160897
799367	6.257304
799396	-2.8216732
799429	1.3378268
799501	3.412477
799568	-2.5834734
799602	7.211313
799610	-2.1653914
799617	-0.9505376
799701	-1.8242835
799733	-1.3300991
799864	-0.2881121
799888	-12.784658
800066	0.9450403
800099	0.9983757
800127	4.0118513
800138	-0.11002887
800155	-1.0280327
800359	3.538397
800532	-5.2161703
800639	3.4462264
800758	-2.6788628
800794	-0.62106484
800896	-0.7287136
800941	3.0860484
800945	-1.5242671
801070	-2.0490015
801074	0.64995116
801106	4.769301
801133	-1.9892273
801150	-1.8729203
801169	2.664388
801212	-1.2958994
801229	-4.1160107
801333	-4.1248894
801355	-0.83204454
801408	-5.622867
801477	1.3392946
801703	4.4561496
801735	-3.5456457
802039	-2.6457286
802063	-0.94526684
802080	-1.2411582
802109	0.5963959
802138	-5.8957577
802178	1.5751244
802248	0.9865844
802337	0.6943465
802397	0.91757154
802498	-0.57889986
802511	-20.123564
802613	-1.8428347
802644	3.793859
802707	-3.856453
802729	0.97254455
802737	-0.6896592
802803	0.16971166
802916	-1.5171053
803067	0.42286277
803071	7.48878
803142	-2.499641
803166	2.5969567
803168	-1.012712
803216	-0.43306974
803238	2.9227679
803240	2.2333336
803251	4.3340154
803346	3.4654572
803350	-4.589473
803506	11.429813
803585	-2.124733
803603	-0.56299216
803638	-2.1106305
803746	3.0224795
803801	-1.4338967
803803	-3.7462656
803873	0.94492793
803943	3.7723453
803947	-2.1635516
803976	0.04773087
804023	4.9081197
804069	4.3340154
804108	-4.4093847
804271	-2.161721
804317	-4.856941
804345	1.6448381
804346	-0.7593161
804390	-0.77592826
804407	3.216377
804442	-0.82955825
804459	-0.12815885
804469	-1.977245
804613	0.21781062
804672	0.31789392
804673	2.8327174
804738	-0.73987705
804768	1.6143988
804788	5.607864
804882	-0.24751596
804950	0.6909555
804989	-0.9983733
805002	-0.7131966
805092	0.07216067
805104	2.6756153
805107	-6.842223
805167	-0.9508256
805215	-5.69133
805223	-3.22022
805236	-0.8268966
805289	-2.3267038
805295	0.6470618
805339	2.0582356
805343	2.9942539
805347	-0.55379564
805408	-1.1094582
805413	-2.9444692
805441	-1.7775011
805447	-1.407502
805611	3.011162
805622	-1.3652036
805650	3.9157257
805658	1.6722121
805752	1.966502
805848	-5.352129
805910	-0.7897539
805924	1.148203
805981	1.3602211
806116	12.534995
806187	4.4910636
806188	-2.749376
806239	2.374675
806256	3.6645355
806283	-1.8708173
806353	-2.8083944
806393	-0.7403586
806541	-5.9298596
806545	0.9859115
806652	-3.2082605
806907	3.186457
806945	0.45749512
806986	-1.7578186
807000	-0.9773225
807129	-5.370013
807171	3.000485
807223	-0.45319337
807264	-1.9050845
807281	-3.3631384
807309	-0.89228183
807351	-2.8288443
807421	6.666122
807431	-1.6435981
807492	-0.40875086
807698	-4.537656
807724	0.05101738
807766	-3.4593372
807795	-2.9026556
807803	0.97551787
807856	1.3375212
807867	-4.0263133
807953	6.100627
807957	-3.1493168
807998	-5.6353555
808191	-0.3795556
808230	-4.667189
808291	-0.39851588
808314	-1.5446141
808336	7.242431
808560	-0.9190621
808570	-5.032232
808626	0.35872826
808726	1.5636522
808774	-0.9739113
808797	0.47605637
808823	-3.1017587
808851	-2.6349976
808852	-0.47922423
809008	-3.2896595
809022	-3.02703
809100	0.30914634
809161	-2.3659737
809164	4.169352
809167	-1.7702304
809172	-1.5801872
809233	-2.3859947
809234	-2.9794695
809262	-1.5707383
809351	3.6483574
809398	3.7481031
809401	10.76714
809457	15.62876
809594	-2.5337083
809599	-3.3597
809617	-1.1908028
809667	1.8744859
809697	-1.1199334
809742	2.5002623
809753	0.8024549
809774	0.45593643
809780	5.193561
809833	-9.007472
809892	2.4505398
810122	-0.81729704
810128	1.2447175
810151	-2.534596
810170	1.3528175
810311	2.7954025
810368	2.2333336
810407	3.2206807
810489	-0.8937683
810564	2.8474247
810576	2.8645916
810578	-1.176783
810635	-0.7654794
810731	1.8879174
810762	-9.747676
810835	-0.60044754
810841	-1.2404739
810842	4.29736
810912	-5.517541
810915	2.5521386
810931	4.642397
810933	2.5807755
810972	-0.58310676
810998	-2.2039473
810999	5.796514
811068	4.88632
811081	-3.5377629
811115	-2.946972
811138	-2.994085
811174	1.4772234
811197	5.091637
811229	-0.8924303
811336	-5.633147
811339	0.2077407
811433	-3.7044668
811437	4.049339
811441	4.3923025
811446	-2.3048599
811493	4.6611753
811527	6.2614326
811551	0.23139676
811573	-1.967433
811656	-4.614239
811740	4.9591846
811774	-1.2239616
811881	2.1342819
812008	3.6208065
812019	-9.179926
812044	-7.4608197
812067	2.7672777
812166	-0.8719333
812206	-8.672876
812277	-2.0245793
812299	2.3824563
812363	-5.1444225
812373	5.9296546
812446	1.8785973
812454	2.1609333
812517	-1.5575838
812603	-0.5063788
812626	2.5935824
812641	-1.9970351
812644	-2.1066916
812665	0.98922914
812686	-1.2025312
812738	4.308596
812831	1.8785973
812878	-1.2547396
812914	-2.3003268
812949	-0.8216872
813061	-1.4984109
813087	16.102133
813097	0.56267637
813117	2.6473572
813125	-3.128532
813171	-0.94513386
813173	2.1607423
813174	1.6018548
813183	-0.41020805
813243	-0.9984706
813313	1.8176337
813324	-0.62837696
813511	-1.6722335
813522	1.4874903
813525	3.8674138
813538	2.961946
813539	1.243567
813667	-1.6659858
813678	-0.9141419
813689	3.3584237
813749	-5.825914
813784	-0.4651523
813788	-4.809579
813824	5.9349966
813946	-6.305846
813949	-0.5260443
813970	-14.281667
814017	0.83026916
814183	2.60921
814254	0.04972433
814384	-3.828429
814411	0.7602477
814447	-0.99961996
814452	3.1559453
814618	-3.4205737
814629	-3.0565674
814654	5.5687995
814689	-5.9343796
814741	-0.8156372
814755	16.975086
814801	-2.200969
814811	-0.9772855
814836	4.004393
814846	0.73988533
814893	5.5687995
814940	-3.4294517
814983	-1.311731
815053	-7.735632
815085	-2.4688466
815262	-3.973457
815265	-1.9529003
815330	1.8923951
815337	-5.402507
815348	5.248221
815390	2.449362
815401	-0.47368562
815491	-1.3895148
815524	-3.213666
815625	-2.0642812
815716	3.180826
815768	-0.9726998
815812	-0.4184258
815845	0.9933951
815959	7.4334984
816016	-3.7000806
816036	-0.70844424
816050	-2.387752
816121	-11.310929
816151	-2.600677
816218	4.838249
816394	-6.084575
816451	4.6467366
816456	2.3508809
816495	1.7254696
816516	-1.4438968
816527	0.9999725
816556	-4.9339123
816594	2.232587
816653	2.8218942
816723	-1.8558688
816814	-0.87652206
816819	3.859634
816829	-0.85456544
816991	1.5933999
817039	-0.38637108
817040	-3.142207
817119	11.127777
817153	-1.6636693
817158	2.5976374
817168	2.6211395
817213	-0.5446956
817254	-4.3965063
817268	5.168173
817375	1.6984934
817416	2.2408462
817426	-1.4114256
817475	1.903865
817571	3.4552393
817689	4.8116813
817698	-0.8242636
817751	-1.3895789
817761	1.2527605
817769	-1.8616601
817821	-0.9851919
817824	4.3923025
817830	1.7555965
817861	-0.39379907
817882	-4.970976
818004	-0.1438149
818028	-4.7813554
818060	4.261952
818087	-0.3349239
818101	3.2668812
818124	0.6032265
818133	4.5001297
818227	-1.807112
818268	4.708358
818271	2.6994357
818277	0.64558786
818307	10.100428
818345	-2.453795
818378	-1.3553016
818454	-0.7138767
818456	-1.9143367
818495	-4.786522
818660	-3.009667
818667	-0.9891919
818673	0.02334031
818718	-0.8703202
818731	-6.3393426
818734	2.8280718
818742	7.0626245
818893	4.0355644
818898	-0.91344297
818944	-0.9230691
818994	5.1625504
819061	5.211568
819166	4.153972
819177	-8.455513
819209	0.6943465
819267	1.7057616
819273	2.9783933
819336	-0.7950792
819367	0.99875116
819429	1.6916581
819439	4.5092287
819612	-5.018985
819631	-1.6023848
819740	-0.35502946
819768	4.677443
819779	-4.9441447
819807	1.6296985
819840	-4.589331
819874	2.143512
819878	-3.312153
819886	2.69941
819938	1.9068748
820001	-1.9894321
820011	-2.8517823
820036	2.5255399
820047	-5.0218015
820063	-2.129923
820084	5.1606565
820106	-1.6839155
820181	2.815531
820193	4.55894
820203	-0.4143965
820275	0.5656674
820309	-2.6824894
820321	1.6983293
820396	1.7665714
820443	-1.8831838
820445	-2.8534505
820480	0.42286277
820482	4.0563316
820485	-0.17321555
820494	2.4814248
820501	-0.16502765
820595	-0.91843706
820616	-1.8141658
820617	-1.432827
820684	-0.41154402
820744	0.41703603
820786	-3.0029755
820864	3.1092343
820865	4.475667
820906	-1.0408902
820915	-1.605856
820917	-3.5382204
821051	-2.5539827
821073	-0.86568373
821119	-1.1582325
821341	6.814875
821462	-0.9229619
821536	-0.9843391
821580	-3.4568596
821581	1.8024908
821604	9.714121
821614	-0.79013747
821672	3.3350823
821812	-0.85736704
821853	-12.567939
822039	-7.7671556
822049	-4.550679
822154	0.9998856
822238	-1.7491835
822241	-4.9078693
822251	-2.2458758
822254	-0.9156741
822318	-0.15209273
822346	-0.18588373
822354	-0.5097164
822474	3.946639
822484	4.073985
822498	2.930003
822500	-0.5498039
822622	-3.4323282
822655	0.044327747
822667	-2.7017236
822674	-1.442834
822724	-0.49688444
822729	-1.807112
822782	1.6516738
822798	-0.98609054
822859	2.842899
822885	-4.768041
822899	-4.121774
822909	18.789982
822919	-3.862452
823090	3.0581546
823111	1.088082
823147	-1.6185815
823200	0.8167821
823217	-2.5822012
823226	-0.95056635
823344	4.486144
823354	0.07239555
823474	0.16978277
823496	-4.089013
823510	-4.5741706
823525	-0.9141419
823540	1.8923043
823552	0.6045074
823565	-5.1315036
823675	1.8367195
823712	1.7302314
823720	-4.516998
823779	-8.288946
823789	2.353561
823819	-2.3003268
823897	-1.18729
823931	5.1934814
823962	-2.7117662
823972	-1.0109217
823978	-1.4755783
823981	-1.9209163
823987	-0.050842922
824019	0.27523485
824049	1.2032015
824096	-1.6139725
824130	-1.4372952
824200	0.68344
824214	-4.181981
824238	2.5438507
824287	-0.8367239
824397	-3.3628068
824462	6.502347
824649	0.6934545
824690	0.7702874
824821	0.9325572
824851	2.2501824
824999	-0.646086
825032	-4.4141126
825054	-2.8288443
825060	-2.6423326
825094	-0.15057307
825126	-0.62000024
825152	4.8364143
825272	-0.9120298
825286	-1.2958994
825334	-4.483799
825368	-0.8518509
825430	4.4731507
825495	-4.3530364
825519	0.6715771
825587	-2.647317
825712	4.004393
825786	-0.5089922
825793	4.398503
825839	-2.4502792
825926	-2.0586627
825929	2.6993265
826022	-3.981031
826028	-0.89177763
826052	-9.368098
826057	-0.44631988
826135	1.2265551
826224	5.5067196
826312	2.0261548
826451	-1.4570572
826468	2.1904514
826490	-0.5230362
826509	0.7487687
826525	-0.99677557
826559	3.5615737
826569	0.9912882
826666	-0.62039983
826679	-0.82955825
826800	-1.6287799
826803	-0.8915365
826821	-0.9999199
826853	1.9447757
827010	-3.7189894
827032	-4.186709
827081	-5.192743
827235	3.2636955
827259	4.2606807
827269	2.6008916
827270	3.2725744
827293	3.29459
827337	-1.706228
827445	0.44801545
827467	-0.486996
827516	-1.824116
827529	-0.7239793
827670	3.9167972
827694	-15.856779
827704	-2.3267038
827758	-1.8625674
827795	-3.4821382
827843	-1.4274714
827902	1.3120121
827964	1.7282841
827978	-0.682203
828065	4.603033
828161	4.676041
828197	-6.92342
828303	0.5131807
828337	0.0774458
828399	-1.6289837
828401	2.2300842
828540	-1.4867235
828543	1.6923252
828549	3.9197006
828564	-9.0536585
828571	0.18950129
828598	-0.99191654
828736	5.3717027
828763	-0.9569336
828772	0.7210076
828834	2.6889834
828889	-2.537917
828944	3.7668333
828947	4.8704143
829009	2.1215706
829067	-1.9473135
829097	-1.7425005
829100	2.1046345
829207	-1.877403
829208	2.95092
829269	4.418054
829410	2.1581438
829413	-0.65557724
829434	1.8879174
829489	5.193561
829521	-0.8810766
829535	-2.534596
829538	1.2597978
829615	19.988207
829636	-0.11002887
829642	-5.002368
829699	-3.5276787
829704	0.5874809
829751	-0.7494306
829869	-1.6123319
830077	1.8469055
830086	-3.8284392
830275	0.30306002
830276	-1.2044175
830280	-1.8978493
830304	0.65027076
830314	0.8292403
830366	-0.99322194
830372	-4.653402
830378	6.2525344
830474	-0.6854123
830476	-1.9265656
830504	2.5599844
830565	-0.6147711
830583	-0.62622046
830743	-0.1604258
830755	4.1443872
830835	2.7672777
830891	-7.360564
830911	-1.6497825
830925	-0.99674773
830941	1.0415807
830999	-4.0216374
831002	-0.7131966
831009	1.4715085
831122	-1.9554166
831180	1.7462549
831203	-1.577069
831248	-0.8559891
831326	4.730747
831346	-5.7928243
831395	3.9397779
831434	-2.882719
831437	1.5853595
831619	-2.8216732
831633	1.7868037
831643	-1.6256503
831667	-7.8448324
831677	-2.6503434
831683	-5.242452
831739	5.0702176
831750	5.2969275
831781	-4.6895714
831809	-10.448135
831858	-0.9060638
831994	1.8462433
832020	1.7747906
832055	-1.9611
832102	-0.21216753
832118	-1.2404739
832132	-0.05228943
832152	2.9574761
832174	-4.207326
832225	-2.1691244
832246	-2.5496147
832309	-2.3267038
832314	-1.8102889
832384	4.3189616
832441	-3.195584
832537	-4.683307
832546	1.8517166
832547	2.175263
832605	-2.495435
832609	-0.14178498
832644	-2.5692768
832654	-1.5837909
832660	4.5552154
832687	0.63668793
832749	-2.0713258
832808	-0.9449251
832819	-4.4067283
832890	1.0488943
832912	0.7702874
832924	-4.013563
832938	-4.526698
832972	-4.187515
833184	-2.8992834
833191	0.97275954
833254	-7.03564
833282	-0.8406959
833325	1.5104866
833353	-2.0903473
833359	-0.39249405
833407	2.148602
833458	-2.343816
833528	-0.98305494
833600	-1.0029818
833619	-14.026181
833689	-4.4841976
833730	0.66977024
833760	0.34542102
833774	-0.9824874
833794	2.5394504
833852	-1.9247956
833970	3.0447626
833992	0.7529385
834049	-1.832973
834054	4.7622313
834063	1.4009613
834125	0.41914335
834135	-0.6391941
834182	0.9999444
834195	-2.8985581
834229	0.47311804
834243	-2.7531157
834277	-0.5697814
834321	1.8520904
834427	1.557747
834488	-3.308005
834489	-1.090364
834535	-0.9835225
834537	5.226255
834542	-0.5460299
834559	5.3171315
834571	-0.6605969
834630	2.7553363
834664	-0.48487505
834728	-1.2411846
834744	-1.4517914
834763	-3.3186328
834806	0.11457785
834853	5.662928
834862	-0.73986304
834923	0.3629626
834949	2.0481265
834971	-1.7875688
835065	7.9969544
835099	1.7799561
835122	8.139064
835163	0.7478715
835173	-0.88022965
835190	-0.049356073
835211	4.578273
835259	2.126486
835297	6.0991044
835310	2.094896
835358	-3.3280613
835368	0.95348686
835421	-1.8009787
835429	-1.9155002
835460	1.5800471
835462	1.566453
835465	-3.317598
835534	-5.179666
835557	14.895315
835727	1.8546528
835731	0.5963959
835761	-2.2805865
835793	-4.5116057
835803	2.4416258
835876	1.6504523
835969	5.177474
835992	-7.995721
836041	0.68609357
836060	-1.6865387
836116	-0.7609728
836167	-5.46042
836232	-1.5579963
836238	3.8563416
836299	-0.49267775
836404	1.6041192
836426	5.8642387
836452	-0.3995652
836462	-0.5170145
836603	8.366565
836642	-2.824481
836663	3.6244059
836664	-0.21248974
836734	-2.7243397
836745	4.762833
836783	3.4654956
836846	-2.3046186
836862	8.303243
836887	-7.621719
836930	-0.61288005
836981	2.5946567
837037	7.04606
837038	1.1698955
837062	-1.8447756
837099	-5.2083063
837169	0.49258268
837225	-3.580988
837232	-0.47598562
837284	-9.790214
837297	-0.021045465
837322	0.99606466
837324	2.3890882
837440	-0.62147015
837445	1.8164682
837472	0.90568376
837484	-1.8531212
837497	-3.484478
837509	0.81794494
837534	-4.9806833
837543	3.3566163
837649	-1.1632396
837675	-4.192182
837679	0.88412064
837697	-1.9572484
837705	-2.6762824
837728	3.7510717
837732	-7.1386304
837757	3.6009831
837767	-1.7251058
837821	-0.9965293
837834	1.8879174
837851	-4.8607626
837901	-1.4462495
837907	3.2403114
837919	-0.3659737
837969	1.5275301
838017	1.9552797
838027	1.8010749
838030	-0.7811148
838039	-7.0538416
838103	-1.214184
838134	4.202774
838138	1.7492278
838144	4.074713
838163	3.567139
838167	-7.0332327
838192	1.8009844
838202	-0.5780084
838310	7.9285607
838342	-5.320118
838404	3.6259155
838452	1.8255078
838507	-1.8882525
838519	4.6587896
838545	-0.7796626
838569	7.0362716
838579	0.8839222
838598	1.7094206
838602	1.1823704
838631	-2.912036
838721	7.2635717
838745	-6.0957894
838777	0.88241434
838942	-0.20105346
838980	-0.39044696
839006	3.726517
839037	3.5551195
839062	10.386439
839066	-1.597789
839076	0.8384269
839274	-0.9351369
839304	2.5534475
839344	2.6861265
839355	1.0352333
839415	5.794669
839439	9.415078
839457	-3.0029755
839497	0.9591931
839574	-1.5131394
839615	25.99941
839643	3.8864462
839709	0.42279884
839790	4.9826303
839824	1.0967996
839850	3.4981136
839874	0.58416545
839903	-4.0501213
840214	1.0171037
840225	3.8563416
840329	3.9869764
840354	-1.7561904
840485	1.6254185
840513	0.49765727
840579	-1.2407758
840638	-4.0042076
840649	0.9260063
840698	-0.68765813
840744	-2.716304
840773	0.7203803
840777	1.3832656
840793	-0.2539044
840825	-0.6823253
840874	-5.6045203
840920	-0.93257606
840963	-1.1475757
841014	4.641109
841054	4.955503
841075	0.68344
841095	-0.32237473
841155	-2.4013155
841179	-10.83221
841235	-8.677197
841399	-2.5387444
841562	10.087268
841574	-2.3960743
841584	-0.5314643
841590	-1.8644729
841614	3.890576
841643	0.8593021
841753	4.074713
841834	-0.47725326
841884	-0.9411344
841912	2.5248947
841994	1.5008174
842049	3.8081017
842051	-1.3106608
842107	-5.9575396
842202	3.0694208
842232	-0.57252485
842389	-0.53348076
842460	3.1613367
842469	5.704648
842513	0.05123642
842520	-3.3990207
842542	4.5602374
842630	-2.387752
842692	4.8487854
842726	-3.0094185
842879	-1.9326282
842895	0.9700609
842919	-0.12283485
843095	-6.41728
843127	0.13593797
843134	-6.4561768
843148	0.035303473
843192	-2.9138236
843198	-0.8984333
843215	0.9247422
843370	-0.94673437
843412	-2.6590235
843450	-0.59635484
843495	0.53412646
843562	3.6891181
843616	5.293959
843672	9.687194
843765	9.577662
843767	0.5990907
843789	-12.446194
843805	-9.084361
843818	4.3621674
843919	-2.279883
844068	-0.26371565
844117	-3.997775
844178	1.8546528
844228	5.31299
844230	1.1853123
844585	-0.9965293
844589	-2.3344367
844663	5.2924986
844669	-2.84394
844717	3.0909035
844789	-2.5550256
844830	-0.98418033
844847	-0.9509529
845127	9.427545
845152	1.1881589
845553	-0.10181093
845587	1.9488076
845620	-0.0902807
845621	2.1066735
845697	-0.917529
845763	2.7155879
845771	5.7483597
845791	-5.8572335
845799	-1.7735258
845940	-0.4876557
845997	-0.7969232
846140	-0.92482895
846183	-4.24333
846206	-2.3750412
846310	-13.94275
846337	-0.97351575
846353	-0.55326855
846375	6.1081896
846409	-0.9058302
846423	0.9998235
846603	1.9757942
846641	2.2143254
846653	-2.9319441
846739	3.1805243
846810	-3.5882592
846844	1.8026991
846891	-0.9459247
847090	-0.680073
847174	4.0912995
847245	-0.33735266
847443	6.021593
847525	-1.6229762
847612	1.2527605
847694	-1.0862173
847845	-0.9567293
847878	-0.9557601
847895	-0.9994965
847926	-0.28277558
847946	0.34197757
848044	-1.1713127
848099	-3.752369
848145	-1.3325262
848155	-0.9354668
848172	-6.6219463
848282	-0.87775284
848313	-0.41020805
848347	-4.7879395
848381	-3.813381
848399	0.13361365
848412	2.5254846
848589	2.2300842
848632	-0.09646593
848636	2.5010786
848715	-3.8334825
848765	-0.9453273
848816	-3.3890173
848830	4.212489
848917	2.9923937
848926	-0.77238274
849025	8.278484
849033	-1.4057783
849067	7.524399
849150	-6.056006
849183	-1.7824005
849318	1.6504523
849349	-5.3634105
849361	-0.92929137
849436	-0.60044754
849472	-15.5206585
849477	-11.755008
849502	-3.4608521
849504	-4.4328246
849676	5.094366
849720	-0.25243965
849740	-0.6758869
849784	1.9030026
849790	-0.74476665
849796	-0.80539465
849805	-1.3489387
849812	0.9990236
849817	-10.985333
849839	3.204143
849877	-0.63378716
850007	-0.88022965
850053	0.33488834
850138	2.615825
850219	5.2439218
850225	-0.68162066
850245	-3.160844
850268	1.7028133
850303	-3.5276787
850318	-0.45595154
850336	-1.4984109
850339	4.2671485
850372	-6.053006
850428	-1.0542381
850519	-1.7804034
850526	2.811106
850570	1.3010377
850654	3.7018027
850666	-0.8054693
850733	-0.27924773
850751	0.97298795
850782	0.46022823
850807	-0.03118612
850957	5.9938626
851002	-1.6444669
851007	5.7399755
851095	-7.7196074
851144	-2.350419
851180	1.2702804
851190	-1.7793826
851242	-1.876443
851426	-0.9422646
851578	4.130145
851585	-3.9733822
851608	5.2088385
851635	-0.9924705
851677	-8.143114
851724	-1.4057674
851816	0.93856966
851819	0.8152214
851839	-1.7060446
851876	-0.7522919
851934	-0.99150664
852043	-0.9643533
852058	-2.9693007
852089	1.2953641
852132	0.25632635
852162	-0.917529
852228	-0.9459247
852274	-1.6456522
852296	0.5064553
852369	0.757311
852406	-0.24220927
852454	-2.4336252
852462	-3.0863001
852495	-0.42690718
852524	0.45749512
852556	2.3922582
852600	-3.5266426
852637	-2.1653328
852649	3.7363532
852663	-2.2771292
852783	7.4188466
852909	2.011814
852913	-17.036926
852918	-1.9390135
852982	0.36963564
852998	4.1903863
853002	1.520816
853126	-1.0941066
853246	-2.6614943
853300	-2.3125443
853334	-0.3419792
853365	6.0111823
853394	-2.480266
853417	-2.8509014
853533	0.89218587
853542	1.8637354
853581	-0.57440746
853677	-0.97016054
853709	0.9841827
853757	-3.7986245
853783	-1.9906241
853829	3.5051198
853852	-0.3486895
853872	1.238186
853895	7.8357673
853968	3.0914557
854036	-1.6609175
854142	1.3142918
854170	1.9783864
854189	4.403389
854203	2.7938495
854204	2.4381807
854244	-6.481543
854287	4.35919
854303	-0.46595109
854310	-0.9953191
854340	3.027032
854403	1.2630011
854412	3.583833
854437	-5.2381516
854529	2.5591977
854585	-1.9672585
854597	-0.72110856
854624	3.3465388
854664	10.230926
854731	-0.81562006
854736	-3.0631676
854738	-14.283959
854745	-1.9226358
854775	7.979307
854838	-1.6998221
854840	-2.3833842
854900	5.027892
854906	2.078018
854958	-0.4390619
854995	-1.8370949
855004	-0.64753085
855011	-2.447465
855014	-4.5632915
855039	-2.5936756
855044	-3.1641085
855077	4.58217
855099	2.348219
855177	8.507255
855210	-3.6452146
855273	-1.6063883
855275	-2.5205045
855302	5.1709876
855307	1.5930215
855350	0.7368447
855407	-0.6441288
855439	-1.7826453
855523	-2.3134253
855532	0.4421377
855534	0.6015103
855547	-0.73486674
855578	-1.4808604
855592	-0.9803983
855645	0.7313369
855677	-3.5733128
855708	-1.2652962
855742	-3.4453955
855776	-8.443454
855828	-4.541257
855859	-0.464962
855874	-0.47380665
855883	-0.99961996
855909	5.9376497
855969	7.905551
855975	-17.527668
856027	0.6494781
856047	1.1970084
856145	-3.6808653
856253	4.4772773
856263	7.96747
856284	0.5438104
856293	-3.1934636
856309	3.3996572
856321	1.3602211
856364	-0.8152581
856404	9.19943
856462	-1.7655457
856495	-0.7234703
856578	1.5594969
856656	-1.176783
856698	-4.340212
856702	1.8903712
856706	3.2747371
856714	-0.39526585
856773	-1.6010689
856775	-1.9094467
856794	-0.9772855
856828	17.263048
856897	2.8989518
857013	-3.4914122
857081	-3.0396225
857107	-0.98268336
857179	-3.5565746
857191	-2.4075046
857238	0.9765471
857295	-1.2922455
857307	5.432318
857332	2.1116812
857348	1.7633262
857448	2.096499
857542	-1.4569082
857551	-0.85456544
857614	0.67792165
857698	-0.99683726
857725	-1.8507466
857767	5.9233174
857817	-1.7612382
857883	1.3482691
857892	7.410841
857943	-0.3559209
858049	3.78874
858078	-1.5593952
858211	-2.2806687
858285	1.0583851
858438	1.1540648
858455	-0.7786173
858461	2.4129057
858484	-0.43575737
858575	-1.8242735
858637	1.6676357
858653	-0.6819193
858702	-0.526653
858753	3.7056415
858781	3.9330258
858805	-0.5771811
858809	-0.19217269
858981	11.517283
859043	1.1498506
859115	-2.4004927
859175	-2.643601
859188	-2.205355
859216	1.5742017
859222	-2.389529
859329	-0.7732228
859438	-2.794131
859459	0.95575297
859492	-0.11002887
859534	-0.36473462
859550	4.8209763
859619	0.5443465
859632	1.536424
859651	-20.050694
859655	2.6246543
859679	-4.2900887
859712	2.2589788
859743	1.4902222
859789	-3.5028799
859873	-0.38230217
859884	3.044794
860058	-2.7017236
860060	-1.8242835
860092	4.256395
860178	-2.3492043
860206	-0.11284894
860230	17.858826
860287	-2.1350439
860393	-0.9505376
860518	2.0237322
860549	-2.6851437
860586	-2.994861
860589	-1.7124938
860671	4.6444063
860714	-0.82186574
860821	-0.66133493
860937	-4.1710167
860953	5.5034895
860962	-0.8743134
860992	-0.9913281
860996	-1.9382316
861006	-1.9780887
861021	10.91861
861048	-1.7347842
861100	19.909866
861124	-0.9097127
861152	-1.2627262
861178	-0.8719333
861202	-4.1322618
861353	0.2904661
861372	-3.9920382
861388	2.0625901
861397	-2.1453476
861440	0.7605093
861445	2.69941
861468	-4.4716763
861587	-9.298352
861591	-25.015802
861604	-2.3318973
861631	-1.6430881
861690	-0.99359334
861691	-2.6916554
861807	-2.8911033
861839	-2.975848
861875	1.3791438
861881	-1.8594948
861955	-3.2497451
861972	-2.1483839
861980	-0.14469236
862019	-0.38477737
862048	1.9360129
862169	-0.9323804
862242	-3.6947083
862353	-0.26449528
862405	-1.5244849
862449	-3.60652
862595	-0.35502946
862670	-2.963158
862683	-0.88995034
862745	-0.44761017
862751	9.117386
862825	6.9867606
862840	-2.4707124
862899	5.836491
862908	-0.9427104
862918	-1.2812263
863112	-0.39086848
863128	2.7962608
863132	3.6414
863170	1.5433551
863219	2.7850177
863225	-1.176783
863275	-1.9027749
863278	1.8208684
863393	-0.5231653
863431	-1.641238
863475	1.868436
863540	-1.7223526
863545	-0.8861983
863553	-0.65670323
863563	-1.6636693
863710	-0.65286535
863754	-1.8278898
863817	-0.880588
863852	-1.6601043
863865	1.1067704
863923	-2.3378055
863998	3.0106857
864001	-0.11307681
864019	-1.4325012
864041	-0.720379
864063	-3.8734396
864145	-6.8488245
864248	-1.8278898
864263	-0.9509529
864291	-4.0724626
864292	-0.7970955
864368	-1.5548757
864433	-0.92447305
864437	-0.42679462
864530	-0.7640005
864759	-4.3731446
864780	0.93268085
864818	-0.9060638
864868	-1.2768568
865031	-0.98211783
865078	-1.4654464
865128	-0.1461676
865265	-2.4553819
865302	-0.031369053
865454	1.6055617
865510	2.280189
865613	5.2451754
865641	-0.62932426
865650	-1.19782
865673	-0.04621528
865738	0.48996344
865741	5.613207
865742	-3.1032724
866032	-1.6702421
866047	-2.3333514
866059	-0.99621975
866085	-3.4981337
866099	2.394161
866145	-1.6761566
866256	4.381318
866268	2.378203
866384	-2.247497
866398	-5.402507
866458	-0.6222348
866466	3.3132699
866467	5.452291
866543	-0.97808135
866577	-0.46436954
866608	-0.9146133
866794	-1.4698699
866810	-0.94594187
866824	-0.97174925
866851	2.5371528
866897	-0.07780724
866901	-0.4978179
866902	2.7954025
866955	0.7848698
867043	0.45691225
867086	10.054296
867142	3.829561
867166	2.4505067
867170	-0.40931126
867240	2.9022408
867293	-3.60652
867413	-1.4261059
867420	3.8690984
867460	-4.789191
867517	2.3741138
867571	-1.7459208
867573	1.4402641
867605	-3.1642292
867825	8.369998
868119	-3.4535754
868124	3.141686
868156	0.8284909
868206	12.909237
868239	-0.3498963
868292	-5.8966293
868347	9.803865
868471	6.055192
868527	-0.3766416
868591	-11.759044
868629	-2.3318973
868632	-10.138818
868695	-2.0612555
868851	-0.017231343
868905	-0.76395535
868906	-2.4902582
868916	-2.0951872
868947	-1.7700945
868989	2.2711182
868995	-3.17067
869028	0.24372745
869043	-1.622915
869130	0.5564311
869261	-4.6189914
869411	0.65385884
869430	-0.117361255
869472	-1.040255
869503	-0.83779705
869511	9.069194
869512	-0.29963535
869537	-3.195584
869565	-1.9531468
869574	1.8520904
869595	-5.3848114
869607	3.530022
869635	-0.82572794
869699	-0.8518509
869721	-7.0357184
869757	3.6483574
869823	5.015446
869829	-0.28344947
869864	-4.2796702
869912	11.2055435
869918	-0.33576837
869933	12.068267
869947	7.44699
870015	-2.6582212
870019	4.143283
870088	-7.248822
870119	2.28211
870156	3.2186503
870235	-0.97202116
870298	-2.984682
870382	3.5906172
870423	-0.52187854
870449	-0.96635085
870553	-0.35998595
870589	0.8007344
870591	4.154038
870656	-1.4756397
870670	-0.99150664
870817	2.4733322
870848	3.3224597
870868	-1.673355
871033	2.5395072
871083	4.553301
871085	-1.7616216
871128	4.0010552
871132	4.1912274
871170	-2.1635516
871198	-2.9459472
871251	0.44578508
871252	-5.8150973
871263	-1.5929161
871319	-1.3318019
871355	4.6227403
871393	9.879234
871461	-10.653395
871488	6.6208997
871680	-2.2474394
871686	-0.10216814
871687	-2.113397
871698	-0.89695424
871711	1.4847078
871751	-0.7125358
871784	2.318192
871813	2.5381386
871822	0.20975275
871828	-1.7612382
871874	-1.3106608
871897	4.0071125
871953	-1.2558485
871979	-3.2311778
872093	0.9654226
872148	-1.3665531
872205	12.627624
872263	-2.484028
872272	-12.133575
872287	5.4626036
872354	-2.6516407
872410	-0.9682997
872419	1.4160757
872422	-2.0930574
872454	0.92037815
872474	1.8540008
872492	3.0927694
872522	-1.0812945
872557	-2.390344
872585	3.5938852
872589	7.3078017
872698	6.451771
872707	3.4233642
872849	4.0849166
872884	-1.9970351
872922	-2.912036
872985	-1.3791269
873133	-0.28186554
873143	0.020481931
873317	-0.6758869
873339	12.924843
873343	0.82648915
873363	0.9998235
873497	2.6728652
873499	-2.9074104
873530	10.607048
873568	-8.276227
873631	2.775311
873632	1.3761512
873641	-0.6379172
873780	6.373847
873827	4.3598995
873859	-1.4826652
873918	2.3614023
873926	-0.4634665
873928	-1.6489779
873963	8.231824
874003	-0.85438025
874040	1.7094206
874048	6.18254
874071	-4.7597585
874072	-1.3343521
874128	-1.5002251
874136	-3.231981
874144	6.8959694
874148	-1.8131038
874173	-0.9120342
874215	8.038494
874290	-3.144178
874347	0.97298795
874365	-0.9773225
874389	-1.1295424
874400	-6.038166
874448	-2.6713543
874462	-1.7793826
874542	-2.908472
874579	-15.608591
874597	-0.99513084
874650	-1.328956
874678	-0.9911658
874814	2.3781219
874858	-2.4336252
874865	2.174651
874873	1.461448
874883	-1.9309632
874906	-1.7778817
875007	2.2300842
875014	-4.8953066
875098	-0.5940311
875171	3.3068197
875270	5.130224
875317	-0.6388857
875376	2.0615437
875449	2.4741704
875484	0.43705317
875492	-5.1496773
875514	-7.11492
875522	-1.4752551
875752	3.997577
875811	-2.012857
875820	0.23483525
875822	0.017995862
875877	-4.125615
875884	8.688027
876058	-1.4756397
876070	-1.3286233
876107	-2.735109
876168	2.6904182
876177	-2.6205015
876187	-1.2845802
876194	-1.5158303
876246	6.0108523
876319	8.372894
876403	-0.99799293
876437	0.042056296
876472	-3.2395952
876505	-2.2171876
876595	-2.6205015
876605	2.3584323
876622	-1.2405272
876652	-0.9986353
876674	1.6310472
876681	-3.0339346
876710	-17.16132
876754	3.0684018
876873	-1.9649394
876940	-0.42858285
877004	-1.64438
877030	0.71924293
877048	4.555361
877058	-4.0816875
877116	2.4038324
877117	-2.2481916
877182	-3.06557
877280	-0.29597154
877304	0.749416
877307	-4.5046825
877312	-1.6568491
877426	-0.92447305
877492	-4.104737
877652	-0.8406959
877927	2.9248517
877928	0.27210382
877931	-0.9541863
877957	0.88412064
878081	-0.35348976
878150	3.3230555
878189	3.6125023
878211	1.9527844
878278	7.3407135
878279	-0.99901867
878280	-0.7999426
878284	3.7707996
878353	5.256868
878363	3.78251
878384	5.5655813
878421	-0.9203778
878510	-5.2852163
878700	-0.7811476
878749	-2.319754
878787	-1.1382492
878874	-1.8009787
878894	-2.5144167
879028	-3.3496418
879047	1.8767867
879052	-0.9106255
879115	0.48625726
879135	-2.018718
879171	3.7023416
879223	-11.295677
879319	-0.4634665
879482	-10.974133
879532	-4.227621
879570	4.03788
879585	3.6043656
879620	0.68105656
879640	-0.8314325
879658	-0.096555464
879793	-19.421516
879815	7.740117
879861	-4.789191
879890	-1.6625918
879945	-1.824116
879957	5.2439218
879967	0.42507803
879985	1.5887338
880019	-0.7834246
880040	5.0999827
880115	0.32555643
880224	1.5902085
880296	20.168648
880307	-2.440536
880326	-0.88384813
880333	-2.2204819
880352	1.5800471
880357	-1.4547569
880358	-0.9891919
880363	-2.4544506
880386	-1.8970231
880402	-0.680652
880440	-4.133236
880461	-1.3910403
880509	-3.6186228
880527	0.8007344
880528	1.5106399
880561	-0.95100427
880653	2.535499
880687	-6.037583
880761	-1.4833009
880795	-2.3072271
880800	3.2704844
880837	-0.47922423
880857	-2.125354
880888	3.9391272
880925	3.1497107
880997	-2.1439202
881026	-0.15057307
881153	2.5010786
881272	-2.3268414
881344	0.92081773
881398	13.001785
881464	1.6923252
881466	1.6204965
881480	-2.950422
881491	-4.8422174
881525	3.231537
881630	-0.90432477
881638	-0.55147094
881664	0.85213995
881707	-0.89988905
881711	0.9910623
881745	-3.5772674
881814	-3.131
881833	-7.4280744
881834	2.1363213
881843	0.3074071
881857	-2.9477723
882046	-0.99621975
882065	2.6824515
882134	-0.50604045
882142	-7.638502
882244	-0.48873466
882260	4.867682
882263	2.018395
882323	-3.1232285
882374	-0.4475269
882438	0.33870634
882458	-1.5370775
882459	-0.416441
882495	0.597665
882527	5.80972
882537	-0.031248756
882577	-1.8622714
882589	-0.78027844
882615	1.185996
882650	-0.8556451
882758	-4.7996297
882771	-1.2965481
882852	-1.4719788
882934	-0.25913757
882935	-1.6390628
882968	2.4129057
883012	-1.4083372
883050	-7.643502
883104	-3.0737326
883120	-4.7957006
883138	0.11772362
883172	2.1710303
883244	-5.921901
883263	1.709687
883283	-2.5936756
883307	3.395005
883351	-0.71516424
883359	-0.9731729
883370	2.9072392
883378	1.2764708
883397	-1.0653898
883431	-0.87652206
883447	-4.6485863
883573	13.681225
883607	0.9679897
883764	-1.5646927
883776	-1.177516
883787	-7.5818744
883824	-0.62039983
883832	4.871919
883842	3.0844831
883882	-0.3620087
883920	1.3395495
884007	-1.4808604
884042	-3.324255
884158	-0.5806846
884178	-4.441949
884199	10.154291
884267	-0.84635687
884277	-1.9672155
884317	-1.3037289
884355	0.84854746
884425	-3.2779305
884474	1.1082693
884512	-0.027479032
884549	9.820563
884618	-2.3777072
884686	3.2146208
884730	2.5395072
884752	1.6943754
884780	-0.6082786
884790	3.5387998
884813	-0.99189645
884860	-1.3010607
884897	0.7943265
884917	-0.75856245
884964	-0.14181739
884984	-0.16266426
885048	-0.99105805
885062	2.4689393
885069	-4.231023
885092	2.0139537
885137	0.86562127
885187	3.8536665
885216	-1.9662764
885239	0.93563485
885265	-0.9999849
885299	-1.9062752
885408	-0.8518314
885506	1.245008
885538	-1.7214897
885545	-1.5069032
885567	0.32108998
885607	5.5655546
885622	2.4909136
885634	2.918145
885710	-16.962168
885734	0.9052455
885748	-7.1964006
885952	-4.1651363
885964	0.49415374
885999	-12.089868
886013	-2.4034004
886057	3.2324882
886075	1.8810496
886086	-1.4647553
886095	5.668839
886108	-1.6071248
886169	-1.7435774
886235	-1.3901846
886259	0.31636432
886290	0.9447772
886327	4.5552154
886349	-3.8801782
886386	-0.41804555
886387	-0.34778607
886399	-2.966563
886426	3.6483574
886470	-4.747164
886492	-1.1950625
886530	-5.455687
886573	6.011863
886580	-1.3013138
886604	0.49542633
886618	9.720582
886657	-0.9336425
886805	-2.6704957
886822	5.0160728
886843	3.3357353
886850	-2.789764
886853	-3.7169707
886863	1.4939356
886912	1.782474
886927	1.7267522
886965	-0.5387079
886974	2.2037277
887039	-0.62932426
887053	-2.7879605
887121	0.6897568
887200	-2.3893638
887219	-1.5427451
887277	-1.3910403
887285	-0.9063514
887340	-1.5750124
887347	-1.1371398
887362	7.049837
887391	0.039411426
887400	-1.5265346
887413	-3.6812882
887430	-3.9773707
887469	-3.0008962
887483	-2.200969
887488	-1.3440855
887527	2.3922582
887607	-3.7191072
887644	2.3791554
887658	0.57063603
887692	7.812958
887723	7.220228
887747	-0.7209772
887754	5.522619
887758	-1.5259479
887797	-0.23303284
887812	-0.4382694
887835	-12.817223
887909	1.774586
887992	2.326379
888093	1.8847836
888188	-3.400345
888210	-1.4517914
888232	2.7025907
888270	-0.017323822
888339	-4.4219275
888344	-2.8921099
888392	1.6579365
888420	-0.1483241
888491	0.9140914
888524	0.32870698
888571	-1.6877759
888623	0.62938815
888705	2.612616
888775	2.7270553
888779	-2.4330397
888792	-0.7525583
888809	-0.9482406
888862	-2.900086
888940	14.467089
888996	-1.0862173
888997	1.6799021
889020	-18.89368
889038	1.4376937
889102	1.749318
889283	6.0951734
889342	-0.9687525
889405	-5.0448585
889452	1.9000419
889479	3.541285
889595	-0.23472619
889645	3.7399447
889727	-1.8953587
889759	-6.038166
889833	-0.9935942
889888	4.9816093
889950	3.5193253
889972	6.2961183
889990	-0.9990341
890218	1.9651136
890232	-1.4180317
890299	-0.24658729
890302	-2.089785
890314	2.9542186
890340	-2.7912884
890357	5.1692348
890377	3.9397779
890407	1.9170429
890583	5.34265
890595	7.8972125
890601	0.9963959
890639	1.6600399
890703	0.3532359
890750	-3.0426967
890768	4.3985724
890792	-0.100001514
890803	-2.99977
890842	2.7155879
890869	1.333849
890871	2.0339875
890962	5.41026
891002	0.5547324
891011	9.362924
891066	1.9592087
891082	-1.4298812
891093	3.3876474
891172	-2.3689034
891173	-0.8667071
891182	-0.20918646
891277	1.757708
891306	1.9125805
891385	-1.1581727
891389	-0.6758869
891446	-2.7588491
891494	0.99834037
891573	-0.93752277
891607	1.372193
891619	0.7899274
891668	3.475057
891706	4.1709194
891712	-0.34760314
891741	-0.8948935
891780	2.0045
891819	15.9606905
891881	5.1848917
891900	2.7339144
891944	-1.8877245
891950	-1.7775011
891963	1.8373222
891993	-32.289177
892022	0.63930404
892042	-2.122635
892059	-5.314564
892065	4.39655
892073	-1.7304815
892116	0.9482546
892147	1.8785741
892155	8.927604
892215	-1.8386785
892307	0.24607167
892373	5.9873557
892379	-1.7358335
892430	-0.9422641
892462	-2.381954
892489	-4.040667
892524	-1.1163365
892582	-4.036177
892614	-2.2222438
892690	-0.9510072
892774	10.923589
892814	-0.22017159
892833	-4.7373366
892892	-1.7561904
892912	-0.8445635
892926	3.6043656
892943	1.6852306
892967	-0.87775284
892991	-1.0755652
893017	2.9277868
893076	2.600079
893125	-0.95672673
893147	-2.9963613
893209	-2.7980478
893212	-0.7834246
893235	2.0631485
893273	1.4939356
893334	-2.4534574
893347	3.0624516
893378	1.4335798
893430	-0.99710554
893452	0.0431561
893481	1.1612885
893485	-0.90432733
893513	2.816437
893560	2.334983
893564	-6.878794
893769	0.7592951
893794	1.2576196
893805	-2.384278
893829	7.197624
893843	4.542571
893904	-0.9261441
893916	-0.94924366
893938	3.3566163
893999	-4.4393663
894005	-1.7738234
894047	-4.521454
894120	3.7780786
894129	-4.7873807
894131	1.6923252
894185	-0.9072489
894205	0.22689825
894212	-3.2803733
894216	-1.3365918
894229	0.7801659
894280	-2.5341203
894322	4.305043
894434	-1.5420256
894482	-4.2367334
894514	6.224187
894535	5.2704573
894543	-3.2433264
894553	0.9654226
894581	2.560598
894618	0.25545996
894628	-0.27944505
894672	0.5966791
894673	-0.6856494
894677	-0.99150664
894690	0.8062399
894694	2.7146277
894735	-3.275388
894746	3.4376774
894757	2.1299427
894808	-0.5841686
894810	-2.200969
894839	-3.0986648
894854	0.8981872
894869	-2.2252326
894938	-0.8242636
894949	-0.9562605
894999	6.80452
895038	-3.6577373
895090	-0.89381987
895096	-0.9146133
895148	5.2828465
895184	-1.6207975
895192	-5.008759
895264	1.8192639
895283	0.5536112
895300	2.8377988
895304	-0.5267996
895380	-0.76939666
895444	-3.9211316
895521	-5.9015718
895522	-4.3602405
895534	-3.839574
895536	-0.6605969
895542	-0.6379172
895543	-0.8518509
895559	-0.70003027
895585	3.8787363
895589	-3.5072148
895620	1.227931
895627	2.3856316
895735	1.1777194
895739	-0.07780724
895821	-1.9984989
895828	-2.7542915
895875	-1.1094582
895887	-0.97351575
895903	-0.70098823
895988	-4.0100923
896018	-0.77592826
896062	1.9009175
896174	-2.6701574
896189	-0.94513386
896238	-0.96098554
896283	5.930599
896497	-7.7720776
896545	0.63797325
896548	-2.4771965
896556	-2.28347
896587	2.082733
896609	2.1965997
896685	0.8657143
896689	-4.928819
896781	0.9765471
896883	-3.483114
896931	-4.3188047
896932	-0.13102663
896983	-4.6663504
897022	0.9145592
897124	-7.537195
897153	-10.835994
897174	2.2408462
897238	1.142273
897245	-0.78780687
897304	-2.5445805
897323	-0.8406959
897325	1.5373734
897367	-0.78261036
897426	6.2753654
897457	0.016770236
897479	-3.1719823
897569	-0.1604258
897588	1.1684154
897697	3.706507
897706	-1.4057783
897707	-5.6013026
897719	-0.8534378
897720	2.8010492
897802	0.49660555
897861	-0.1438149
897888	-2.8783815
897938	-0.6987061
897960	-1.4372952
897975	-4.2642403
898078	-0.79127944
898108	-3.0552537
898237	2.2330863
898296	-2.5475464
898301	-0.1879227
898307	3.5656743
898327	0.6628748
898349	-0.28398204
898363	2.3466043
898513	-1.7699172
898519	3.483575
898614	4.069142
898628	-0.88781315
898650	-1.8518977
898672	-4.132732
898701	-1.7570035
898712	1.4287755
898729	-1.6324217
898784	3.030844
898885	2.7097814
898932	-3.2871816
899002	-0.99187934
899012	5.765092
899032	4.881493
899033	0.7368447
899092	1.7570119
899107	1.9830862
899216	5.294191
899295	7.8768167
899328	2.7938495
899448	2.000776
899458	1.0967996
899511	-2.3683279
899532	-0.9712782
899570	3.0997617
899654	-0.4912526
899668	-6.091835
899672	3.3970249
899684	-3.1152897
899755	-0.6870615
899823	5.5774593
899914	-0.33889183
899949	-0.89049876
899977	-0.8054693
900010	-1.4252512
900034	0.1536586
900178	-0.9245053
900258	5.5833254
900317	5.8522987
900328	-2.5849965
900364	1.6291758
900368	-0.76877564
900428	3.2544034
900452	2.2300842
900473	0.95575297
900490	-0.9316004
900521	2.2356315
900524	-1.0899651
900565	-8.480835
900604	-11.172919
900752	-2.1740198
900784	-0.7886858
900799	-2.2726772
900847	2.357078
900867	5.4876575
900915	1.5869571
900956	-6.0982547
900973	12.384376
900984	0.9590822
900985	-0.32711494
901013	-1.4325012
901063	-0.98549753
901088	-3.193369
901128	-0.38369048
901224	-3.0205235
901233	-0.7639017
901238	-1.6213673
901282	1.2263474
901331	-0.80187327
901394	-0.3291493
901408	-0.49533883
901492	4.226883
901563	3.1525855
901588	-1.5412148
901654	3.0402863
901673	-0.8703202
901717	1.8521106
901729	-4.6767373
901843	-12.1260195
901927	-3.4609325
902029	3.7023416
902060	-0.88781315
902108	-2.5599692
902168	-7.1528225
902203	0.81745636
902216	-0.380058
902264	0.3900837
902289	2.0045
902328	-6.573056
902394	-0.9829759
902529	3.750197
902587	0.71924293
902603	4.600773
902616	0.24123473
902651	0.25135127
902679	-8.007354
902684	-4.489059
902695	-0.073879085
902699	0.8462966
902713	-0.99799293
902800	-2.057408
902938	2.831764
902944	-3.774705
902948	-4.020678
902973	1.8629025
903021	-0.89988905
903022	0.066479094
903079	0.9590822
903110	3.0764196
903134	-2.3777072
903184	2.0552053
903194	-0.99990475
903198	-1.0222743
903232	-4.727564
903235	-1.5906506
903290	-1.880768
903326	-2.2917094
903366	-0.95688444
903373	10.906082
903414	-4.574376
903457	-3.160844
903473	3.2704844
903533	-2.573646
903569	-0.76462847
903617	0.2097885
903667	-2.6442966
903706	-1.6538163
903711	-1.150791
903806	4.089823
903848	-1.0218555
903850	-5.318214
903892	-2.3675883
903932	11.241077
904000	2.713096
904068	-7.463414
904095	-0.9803983
904235	4.542571
904251	1.3982688
904305	3.2472897
904327	1.0517039
904343	-1.4440662
904433	-0.78361565
904436	2.3510206
904439	-4.642995
904527	-0.880588
904537	4.3400826
904608	-3.370889
904684	-1.966076
904686	-1.3292228
904713	-0.035152227
904718	-0.89614975
904861	1.444142
904871	-0.8946351
904874	-0.57968134
904888	1.9815351
904954	-2.8597605
904972	3.3448184
904975	-0.27519432
904986	0.99875116
905021	0.31872845
905091	5.1335263
905119	-0.9562605
905148	1.0801322
905152	-1.8835348
905153	-1.787037
905197	4.2459893
905238	-0.5446503
905243	-1.6444669
905274	1.2930093
905288	-0.82572794
905289	6.8013997
905323	-4.4687967
905367	-0.33735266
905410	-9.553151
905414	9.428703
905436	-2.2222438
905438	-3.3644643
905475	-2.4902582
905478	12.025537
905540	5.2828465
905585	0.25545996
905588	-2.1377547
905610	5.226761
905623	-2.2765443
905632	-2.6818848
905725	5.2537317
905740	-6.072648
905741	2.015401
905758	7.0073547
905901	3.5193253
905941	1.7656575
905981	-0.99191654
906023	-2.8900728
906067	7.1965036
906108	10.874724
906173	-1.2368757
906175	-6.5753355
906176	0.39154088
906179	-1.1306956
906193	2.2741175
906207	2.6437714
906348	-12.093932
906426	5.791206
906439	-7.8898263
906493	1.7914244
906502	1.4230827
906566	-0.33576837
906610	1.6582464
906611	6.861723
906614	-1.5967075
906703	0.3798474
906755	-2.9074104
906819	1.6126022
906874	-1.3729023
906893	-3.2174146
906904	-3.6022253
906928	-1.2773196
906937	3.3234637
906953	-1.2310086
906955	1.6923252
906978	-0.046860423
907000	-3.2896595
907020	1.3822497
907063	-9.432025
907213	0.9041007
907243	1.8678728
907255	-0.7593161
907267	0.8395167
907280	-0.5178752
907360	-1.1295424
907372	1.484791
907412	0.8081051
907416	-1.8639612
907481	-14.57356
907498	-3.4080448
907532	-2.7980478
907582	-0.6993634
907631	-5.7907786
907720	5.9732976
907787	-2.0091348
907793	5.1092334
907794	-0.39543992
907847	3.4417253
907879	3.285557
907889	-1.9589922
907898	4.4910636
907916	-3.1398637
907932	4.7030635
907999	-0.73486674
908009	-0.12815885
908017	7.097053
908020	-1.265937
908084	-3.1997318
908103	-0.19312972
908113	1.4962043
908124	5.882376
908149	8.607814
908151	-0.30671793
908160	-2.9177194
908233	-1.6241453
908242	0.53771216
908280	-4.8197494
908308	2.708134
908312	-2.3486924
908335	2.2442892
908351	-2.9428217
908354	1.1475749
908430	-9.836473
908583	0.86297053
908585	-0.9971829
908595	0.33486974
908610	-4.7050385
908614	1.2747179
908628	1.81847
908633	-0.9541863
908677	6.2735825
908718	-2.163034
908728	3.137266
908729	-0.8054693
908760	-0.95056915
908786	10.943226
908789	4.391885
908845	5.8285265
908911	-1.6329228
908919	-1.3993788
908928	4.12724
908931	5.7961287
909046	6.8453283
909049	5.260366
909112	-1.4997598
909221	-0.7432184
909311	1.2015288
909426	2.083463
909442	1.3782874
909451	-0.9937011
909465	-3.852544
909476	-1.4586524
909481	-2.2995877
909484	-2.132619
909498	5.451113
909547	-3.441163
909583	-0.45170835
909587	2.1982687
909588	-1.4343272
909640	-1.3067564
909695	-0.374374
909707	-2.7735112
909716	-5.566023
909764	-0.99891937
909822	-5.7346816
909828	17.53289
909876	3.8563416
909900	6.7982535
909982	-4.1387844
910074	-2.1941495
910151	2.2187676
910223	-4.2321544
910224	-1.6672039
910292	-1.1188112
910417	0.30366004
910450	-4.755234
910523	2.07563
910527	0.62721324
910539	-0.0902807
910637	-0.9072489
910643	3.5695462
910756	5.9193606
910765	1.8785973
910781	3.3911374
910837	-1.4949708
910852	1.7204229
910892	2.5719006
910944	4.3577623
911044	1.5022372
911191	-2.1544015
911205	-6.48362
911250	-1.6998221
911278	-0.63416815
911287	0.89860153
911303	0.6606901
911328	3.0686057
911342	0.7910781
911357	-2.7005174
911396	0.37409565
911529	-0.099024214
911593	0.51758873
911626	0.7857211
911630	-0.9598294
911677	5.89008
911678	-1.0119274
911707	3.6043656
911722	2.2897499
911804	6.029767
911815	-0.71126133
911903	1.5850326
911906	1.5234904
911932	3.6143737
912044	-0.77592826
912061	5.467632
912065	-0.8703202
912112	-2.527698
912158	-1.9554166
912198	3.444693
912208	1.2580317
912250	-0.7320953
912379	0.008991299
912500	-1.0642084
912510	-2.3972025
912529	0.16206905
912547	4.491725
912560	4.3584495
912592	-0.5749872
912633	-4.3860936
912704	8.894918
912760	-1.798857
912802	-1.3357193
912931	-0.9618665
912964	-5.3725977
912984	7.4818087
913022	1.5388776
913027	-0.83118385
913067	0.44528106
913086	-1.4814191
913139	2.4814248
913167	-0.06297962
913286	1.3001779
913305	2.1325502
913366	-3.2380898
913384	-0.974545
913419	-0.3795556
913450	-2.844306
913462	-2.8511546
913570	3.7668333
913571	-5.8032374
913574	-3.1331172
913632	8.342706
913672	-5.5125628
913704	-0.5075052
913801	-3.4510958
913834	-0.030452551
913868	-10.445813
913895	3.4875503
913897	-4.719533
913937	1.7024449
913993	1.372193
914009	-0.40257373
914107	-0.6996237
914125	3.0965376
914134	-2.6582212
914181	-0.19312787
914192	12.474952
914203	5.5470204
914280	2.8172445
914332	1.9868841
914344	1.6031411
914404	1.1474817
914424	-3.0600007
914472	-2.0589519
914513	0.6286338
914582	4.6902843
914638	0.92147833
914704	-9.544676
914738	7.813745
914753	-1.3062063
914767	-3.528616
914807	1.227931
914818	-0.124866806
914834	4.049264
914879	4.0525007
914937	-0.5735285
914965	5.339637
914977	-0.97016054
914980	9.095195
915048	4.20158
915074	-1.324022
915120	-2.1018498
915139	2.8142185
915173	2.4549007
915202	-3.626254
915243	-1.918825
915326	1.843584
915344	-1.5258191
915345	2.0010629
915400	-0.30396107
915402	2.704987
915544	-0.9701558
915608	-2.393143
915637	4.9653645
915653	4.608923
915698	-2.7364986
915709	-7.460832
915728	-2.5471964
915729	4.543334
915746	-1.2726585
915749	2.4475355
915781	-0.4838296
915807	-2.1666625
915821	-3.4453163
915922	0.65674686
916181	-0.62622565
916256	12.121206
916394	-5.9936075
916425	-0.97539
916459	1.9371333
916462	2.6709495
916548	-2.9437556
916571	-0.4126042
916644	1.9137378
916649	3.9338346
916663	-0.8719248
916699	14.834116
916734	-0.8813256
916788	-1.5926037
916792	5.40599
916803	2.5233223
916898	-0.6755859
916913	-13.199579
916982	3.6486645
916998	0.33379832
917051	5.1995964
917237	-3.0351925
917281	1.4630977
917295	-0.289538
917332	-0.95426553
917391	-1.8013664
917417	3.9182377
917418	-2.7312927
917449	-0.88815063
917474	4.1836257
917489	-3.9168022
917520	-0.6786936
917587	1.0524307
917603	0.42266953
917674	3.3970249
917712	-0.8001915
917716	-1.2610223
917722	-2.539295
917754	3.1034384
917783	5.479795
917801	-2.7531157
917812	1.6053581
917852	6.4175777
917922	2.708134
917923	1.660904
917952	-4.6898293
917977	3.724203
918096	-0.87652206
918097	2.475415
918168	1.1370789
918184	3.3585498
918189	-1.9102274
918202	-1.6014836
918218	-0.8069176
918247	-2.5389333
918287	6.502347
918288	-3.2112808
918302	-1.3318019
918417	-1.5157393
918439	-5.941227
918457	2.8986843
918473	-2.6010075
918617	4.4635663
918619	-0.99873626
918632	-4.036962
918635	-2.2771292
918673	2.640919
918684	-0.5533266
918694	0.72445863
918754	1.3088514
918755	5.0678186
918825	0.10274346
918863	-0.80154866
918886	5.006104
918916	-1.9313786
919117	-1.9841292
919200	-0.8216872
919226	2.5762057
919260	-2.4132364
919287	2.7043126
919385	0.9661609
919427	0.9376968
919448	-2.0951872
919481	4.769301
919489	5.0423746
919523	1.5363084
919570	-0.575475
919590	-2.9180121
919592	-1.6219366
919625	-0.47604844
919661	-0.8719248
919695	-0.39343485
919762	-1.6146519
919866	-0.74274516
919924	1.5463885
919958	5.9921756
920025	2.8924768
920034	-0.76508605
920059	-13.364086
920097	-3.1414075
920145	2.3242433
920152	-0.78591895
920197	4.0366893
920359	-6.052007
920393	-1.5595208
920434	0.4170003
920452	-3.1032724
920481	-1.0371982
920494	7.72029
920512	0.99942356
920516	0.95348686
920538	3.8757489
920565	-1.9739835
920665	-0.26371565
920685	-1.9143367
920781	-5.9426503
920794	3.9224272
920812	-3.0374649
920828	-0.15234676
920897	6.9148154
920898	1.6050673
920935	-0.99904776
920940	-3.9229846
921036	-10.7493725
921067	-3.698233
921083	0.04773087
921091	-2.6420455
921169	-0.14812054
921229	-5.456197
921247	-1.2079335
921260	-1.4640293
921263	-3.541282
921321	-4.328355
921332	5.021889
921365	3.039179
921383	4.33623
921432	-2.2280304
921452	3.3678186
921457	-0.85011166
921645	1.517662
921664	3.1194713
921677	-3.943104
921682	-2.1549141
921698	5.0415215
921902	4.2671485
921931	9.803865
922011	-0.9323804
922089	-0.6650783
922091	1.7307562
922099	8.499894
922117	-1.6006061
922120	-3.8603802
922133	7.4209733
922157	3.0497446
922311	7.687607
922362	-0.8791767
922370	1.3704898
922372	1.3640165
922496	1.6918902
922515	-0.48671985
922568	0.46133855
922637	1.9684497
922670	4.8472753
922675	-3.282381
922678	-2.089785
922767	0.962323
922795	-0.77863204
922800	10.4585085
922805	-0.5835896
922931	3.0842352
922969	-0.44224876
922987	-0.21143857
922995	-11.515389
923003	0.98499256
923014	4.3357315
923082	-1.3391647
923125	-0.49968535
923192	0.16865829
923235	1.2018785
923359	-0.6395224
923366	-0.4548425
923371	-0.2525605
923422	0.71436346
923452	-0.917529
923464	4.3376646
923474	-0.94841063
923475	-0.17796054
923508	-2.5379803
923517	-0.7609728
923536	-0.80187327
923575	-0.917529
923610	-1.2045022
923658	7.1059937
923675	0.9839569
923677	-4.748588
923693	-1.0567297
923716	-1.4719788
923744	-3.4283774
923763	-0.9693721
923800	-1.2564901
923801	-4.0160427
923839	-0.94683367
923873	-0.57087225
923992	-4.4759526
924045	-0.3341579
924052	5.494632
924081	3.2298398
924106	-2.537917
924110	2.5400918
924219	-2.4761477
924236	-4.0038705
924420	-4.270059
924446	0.88276017
924480	-0.046443347
924521	-1.9062752
924529	5.6567736
924597	2.512061
924618	-0.5401019
924671	4.5589724
924728	-3.5072148
924757	-2.0951872
924780	-0.57877034
924810	3.848018
924817	-0.9611569
924939	-0.8518625
924981	-0.7759281
924993	2.8010492
925031	2.365468
925064	3.7707996
925106	-5.0321636
925116	-0.86942047
925141	-3.0007985
925144	-0.07273157
925162	-3.463507
925178	-1.3106608
925249	1.4804206
925337	-0.8927363
925350	-4.81478
925374	4.3577623
925429	-1.8882525
925433	2.3882923
925474	-0.11617616
925541	-0.680652
925546	3.9017165
925569	7.0843816
925579	-0.8810766
925678	0.1443626
925714	-5.1781087
925750	-1.4180317
925751	3.1788437
925785	-9.298352
925982	-1.7138454
926064	-0.4634665
926186	3.0764196
926208	-3.317598
926220	4.818092
926228	-11.085895
926244	2.4382937
926247	-1.6321566
926310	2.3861735
926348	5.0927114
926396	-0.9816893
926483	1.3444993
926633	0.7986061
926652	-2.5853026
926655	1.1437649
926661	-0.79127944
926677	-5.010964
926823	0.49415374
926851	-2.0460067
926865	-4.363364
926881	-1.296817
926905	4.1743364
926913	3.6486645
926929	-0.7781437
926983	-0.6222348
927020	-3.3927863
927056	-3.295372
927090	1.2298867
927154	1.8743055
927226	4.1912274
927319	-2.7694836
927454	3.457787
927455	-1.9352362
927525	1.479014
927547	1.1401464
927754	2.1718018
927829	2.5371528
927853	-2.9074104
927881	-0.3877813
928163	-5.4189153
928189	-3.6127765
928220	0.9654226
928223	1.2835256
928324	3.9703827
928361	2.4814248
928484	-0.8156372
928520	-1.4664474
928547	1.0608858
928571	-0.004235805
928586	-3.5574496
928650	-1.8077238
928658	9.243112
928760	1.1885
928763	2.3732119
928842	-2.3318973
928879	5.2323613
928914	0.75923634
928979	0.9590822
929021	4.968944
929085	-3.1699376
929093	-6.102657
929195	-4.924746
929231	-2.0066507
929314	1.6923252
929325	2.3242433
929388	-3.784703
929424	-5.3561573
929464	3.2047985
929486	-0.84902275
929497	-3.770667
929520	4.6128516
929612	-5.6055017
929630	-0.13548018
929889	-2.4500823
929955	0.81681144
929963	-8.393142
930147	0.636771
930287	-5.136614
930294	0.718502
930358	1.949968
930361	1.4224659
930383	2.371468
930390	-0.52187854
930430	-1.5552187
930434	8.074125
930517	-0.92053753
930591	2.352963
930693	-1.977004
930722	-0.486001
930729	7.633862
930769	2.5829158
930818	1.6286778
930825	6.2351975
930833	-2.292012
930863	-0.5313963
930906	6.768247
930966	0.9041007
930992	-0.87405586
931005	-0.6652988
931007	-1.832973
931019	-4.400637
931062	-2.1740198
931123	1.6324085
931147	4.9591846
931169	1.9579655
931260	-0.83700305
931268	-0.11175668
931380	5.966705
931440	1.5918553
931475	-3.5072148
931501	2.6165802
931524	-0.15885328
931528	-1.6444669
931529	3.9767675
931548	-0.07415044
931667	-0.99990475
931695	1.8628103
931703	-2.5307407
931712	-2.4155028
931959	-3.2683272
932027	0.3132532
932102	-0.9975961
932114	-2.647317
932123	1.2527605
932138	-7.981264
932247	-1.6203161
932310	-2.4495475
932394	-0.93625474
932395	-0.9924771
932399	-0.63367647
932428	2.6541321
932537	8.963238
932573	2.6833997
932607	-2.5288239
932675	-3.666346
932719	-2.2990663
932929	-1.2564901
932936	-8.677197
932968	8.049628
932993	0.97298795
933000	2.516573
933016	-0.8115976
933088	-1.1224891
933124	-1.5110612
933174	0.9869186
933180	3.2877216
933258	1.7799561
933264	-2.4544506
933269	-1.4197685
933435	4.4724927
933597	-1.1018384
933603	-0.40257373
933679	-1.1908028
933757	-0.9567293
933804	1.5765684
933836	-5.7965345
933856	2.6503313
933952	-2.789764
934032	-4.010013
934038	2.0879338
934050	0.995916
934076	2.853615
934080	-0.9869151
934134	3.1188176
934258	-1.7596424
934294	0.9933951
934305	-0.8512684
934387	-0.9063514
934485	0.29992992
934515	-0.9011333
934517	-0.97351575
934608	-7.1900845
934733	2.9247522
934793	4.3376646
934832	3.072216
935056	1.0967996
935069	-1.6324217
935072	-2.8292599
935146	-2.3001368
935161	1.4397032
935187	-3.0810254
935192	-4.0529656
935217	6.011863
935220	-3.1516812
935285	-0.017018935
935337	-1.8970231
935423	1.8778156
935507	1.637469
935508	2.7492824
935539	5.613207
935568	-1.1028138
935596	1.8785459
935603	-1.7124938
935614	-2.8988152
935627	-3.630588
935720	1.955123
935752	2.1613333
935787	1.2711965
935790	2.2762656
935855	-1.7799792
935903	-4.7597585
935908	-0.596638
935981	1.5061698
935986	-2.2095423
936127	-1.5069032
936172	1.4828473
936269	-3.4958088
936289	0.7553417
936473	3.4654572
936653	-1.5473746
936692	-5.443598
936693	-4.618063
936792	0.14418095
936802	1.8454458
936818	-0.8553119
936832	1.9766687
937004	-0.5771811
937055	-1.4119235
937095	2.0311995
937202	-1.576791
937254	3.974426
937267	-3.4328153
937516	10.53108
937518	0.83068883
937524	-1.6203161
937614	-1.6302398
937689	-3.3768525
937776	-3.096521
937852	-0.2696802
937912	0.5426438
937926	4.0071125
937951	1.6807784
937995	0.16269799
938120	-4.679056
938135	-5.5196686
938175	11.607473
938228	0.31486514
938293	-0.98537594
938336	-0.2900129
938382	2.0225542
938389	-2.5936756
938423	-5.109381
938511	1.0071961
938552	-1.5676489
938570	-0.19466576
938603	1.5312337
938672	4.509307
938742	4.0010552
938782	3.3492959
938823	1.8941773
938877	5.7854576
938884	-0.70437056
938919	-2.3046186
938987	1.8095728
939011	-0.99513084
939058	3.6872811
939098	5.123099
939151	-5.447579
939168	6.9410644
939217	-1.8428347
939270	15.09792
939296	1.7554976
939297	-1.6302398
939422	-4.426045
939517	1.3000227
939567	7.1449723
939598	-0.9937011
939702	3.1542966
939731	-3.1345172
939864	6.3388963
939873	-1.0997847
939952	-2.3722596
940016	-0.847553
940090	0.9095071
940091	-0.39983454
940100	-2.4071774
940126	0.97783667
940140	-0.08606073
940161	-3.455658
940166	3.481323
940173	1.6194566
940198	-2.0413752
940206	2.4070797
940299	-0.97617686
940358	-0.8395727
940396	-1.977245
940521	-2.4751515
940544	3.7458904
940556	-6.2570777
940601	2.736651
940669	-0.27944505
940734	1.8062232
940802	-0.80154866
940912	-1.6625918
940968	-3.452829
940979	3.1927285
940986	-1.8053882
941036	1.74657
941059	0.8007344
941076	-2.2883732
941080	2.334983
941144	-1.5646927
941169	2.1969163
941224	0.19323896
941312	-4.751006
941426	4.5063047
941471	-11.898171
941588	-0.6786936
941617	2.2876294
941646	5.871752
941736	-0.83544195
941742	-1.324022
941849	-1.596841
941878	-2.493368
941906	4.611922
941934	-1.1124583
942032	-0.5863693
942052	2.7265236
942176	1.5742017
942177	-1.8014674
942284	2.3755457
942341	-4.428076
942393	-0.7525583
942474	0.34025785
942617	-3.8732145
942652	3.3230555
942688	-3.0659041
942719	-2.539295
942909	0.87119526
942918	-1.7820374
943112	-1.5270532
943143	-1.1951991
943154	-3.0468695
943302	2.615825
943395	-3.95068
943448	0.022205323
943461	-1.722462
943474	-3.234249
943522	-0.29597154
943560	0.023899607
943586	-2.4068673
943589	3.2803931
943620	-0.61071604
943705	-0.95100427
943751	0.99787354
943909	-0.5498039
944024	2.9983351
944055	-3.8237083
944059	-2.0177922
944115	-1.4441993
944124	2.1395926
944239	6.462302
944318	-1.8927048
944363	3.7713633
944392	2.9072392
944448	11.062259
944459	8.043808
944460	-0.9967752
944490	-13.816266
944516	1.1059185
944730	-4.5046825
944806	-0.9911658
944894	2.554295
944907	5.778257
944951	1.3794059
944982	-4.1306653
945172	1.5887338
945173	-3.2803733
945233	-3.0100422
945254	0.9598318
945296	-2.1281955
945329	3.7969604
945360	-0.38278463
945404	-1.2922455
945435	-2.843105
945478	0.98555076
945564	4.0591583
945602	-1.150791
945623	4.561005
945697	-1.6390628
945733	-0.3561311
945816	-0.99150664
945927	2.5233223
945962	1.5887338
946047	2.9622672
946058	2.6904182
946092	-3.45578
946124	-0.8876855
946127	-0.86921984
946132	-0.90432477
946212	-1.3316834
946256	-2.323902
946364	-2.550488
946389	-1.1905056
946432	3.0402863
946444	-2.5580692
946493	-3.4242873
946527	-1.30947
946530	5.663975
946567	2.6824515
946626	-1.8377001
946652	3.3302262
946665	5.6435423
946669	-0.68765813
946695	-2.5971823
946785	-0.9058418
946849	0.93563485
947001	-10.138818
947073	2.4228663
947121	-0.97202116
947200	-4.0160427
947259	-2.1176462
947387	0.85616815
947496	-0.73987705
947556	-0.9682997
947647	0.99723464
947698	3.6043656
947703	-2.1639519
947769	-0.9622565
947832	0.41944104
947837	5.8825917
947864	-3.0281465
947970	-1.8594948
948055	1.5459461
948106	-0.97174925
948122	-0.70898324
948176	-0.9908092
948211	6.087125
948212	-0.43430328
948214	3.2850509
948222	1.0485616
948366	-0.9169189
948388	-1.7894125
948415	-1.0741385
948465	-2.1350439
948523	1.6504523
948553	11.418384
948639	-0.89977616
948657	4.1347322
948672	-1.5785627
948788	3.646682
948828	-6.673599
948866	-4.2352123
948958	0.91757154
948999	-3.7304242
949017	0.42751676
949074	6.096235
949088	-2.0116606
949107	8.793235
949236	0.97551787
949285	-1.3983978
949296	18.534712
949346	-0.9120298
949468	-7.407794
949482	-0.09433983
949607	5.2969275
949658	-4.172758
949679	1.9887068
949720	-3.7102027
949736	9.374902
949774	-0.7898541
949869	-6.5086746
949903	-1.3958192
949910	1.8660128
949951	-4.3503537
949973	-0.99493647
949976	5.924946
950035	3.7547307
950093	-6.812575
950105	-0.8562035
950106	1.9117006
950114	9.963441
950233	-2.304915
950293	-2.1653328
950375	-0.8594755
950440	-3.0533028
950470	-3.1939676
950474	0.24616082
950476	2.1116812
950549	-4.435481
950580	0.31389648
950650	4.642397
950654	-5.179666
950712	-0.85772276
950909	0.5640755
951025	0.20975275
951187	-0.9644357
951193	-2.3648303
951199	-0.9203926
951294	1.2031624
951310	-1.4897333
951362	3.591824
951402	-0.7834246
951419	-2.810725
951438	-0.48702657
951450	-0.91843706
951471	-1.5244849
951554	0.9590822
951601	8.2151375
951609	0.65784854
951624	-0.81724805
951698	-1.4580544
951783	-0.8140571
951805	-0.9569336
951885	4.398503
951906	19.909866
952103	10.956514
952133	-0.12815885
952244	0.44528106
952246	-0.90088147
952278	-12.732869
952308	1.8462433
952351	-3.3655243
952443	-5.255843
952553	-0.9924082
952558	2.1325502
952669	0.98383164
952725	-0.90088147
952737	-1.220231
952776	-0.65286535
952819	1.5290862
952830	-0.922465
952879	0.81189805
952919	-0.5594335
952932	3.2472897
953058	-5.6081257
953063	-0.6391878
953137	0.93804795
953160	-0.7157309
953171	0.60003006
953193	3.8210604
953211	-6.8488245
953270	-2.4892595
953328	-0.84493726
953431	0.91757154
953458	-0.8004489
953591	-1.2681499
953646	-2.4707124
953820	-0.35502946
953891	-0.36122373
953892	-0.8553119
953904	-0.25082788
953925	3.0251815
954029	-1.316683
954081	-1.9027749
954142	-1.9649394
954180	-4.007272
954249	-1.5593952
954385	-0.96513426
954545	2.9407983
954614	0.9654226
954665	-0.9562599
954861	-5.362868
954871	-0.880588
954905	0.17657815
954913	-5.991055
954994	0.81533396
955005	-0.9894231
955072	4.244255
955081	-0.70669615
955090	-3.160844
955121	-3.443526
955137	-3.0128376
955305	-1.2193784
955340	3.6147895
955392	-1.070787
955409	-5.4955435
955533	5.053107
955631	-1.7661463
955775	-5.2807403
955778	-0.9577241
955844	6.257304
955878	-0.5017523
955959	-1.8351262
956013	5.318103
956204	-3.264895
956205	-0.69239724
956428	-0.4640921
956478	0.31872845
956511	-2.2884376
956544	-4.406599
956639	-12.035473
956641	-3.6277504
956645	-3.925361
956842	-1.1224891
956847	1.1343896
956861	-3.7677724
956863	12.286788
956880	0.9642039
956940	2.274666
956979	2.8923132
957029	-1.5471138
957075	-0.9468816
957113	1.1801912
957134	2.7574952
957165	-1.667481
957235	-0.42679462
957289	0.014619081
957294	-0.9943293
957414	10.322685
957515	0.01756202
957548	6.3728256
957552	0.95348775
957600	3.7481031
957670	3.6414
957678	-5.3362007
957713	-0.16042192
957718	3.4654572
957729	-0.93625474
957774	-6.0672913
957849	0.30962512
957874	-7.989121
957944	-3.0336072
957983	-0.92041576
957985	2.5124288
958035	-9.007472
958059	-0.6758869
958063	4.1740227
958153	0.13361365
958168	4.144482
958233	-1.3262374
958284	3.9670355
958300	-1.2140381
958309	-2.343962
958317	-0.9323804
958365	-1.6321566
958379	1.3240777
958384	-0.10134338
958498	-33.26159
958559	0.986036
958603	-1.9402809
958616	5.1692348
958649	-0.022064947
958668	-2.6851437
958719	-3.276744
958735	2.201348
958739	2.0472507
958772	-1.7908994
958776	-0.6332078
958814	0.52908635
958855	1.7556803
958925	-0.9103031
958953	-0.95056635
959029	1.8191828
959038	11.903029
959221	-3.3982303
959226	9.585697
959235	3.0558927
959249	3.2710695
959283	5.393432
959290	7.966821
959311	0.63930404
959318	1.7238954
959473	-4.4829783
959589	-3.0941858
959684	3.0219367
959705	-0.7234703
959726	-1.4393746
959742	0.3900837
959855	-2.3486924
959863	-2.0582697
959899	-1.1148425
959908	-0.48906314
959981	-1.5981032
960024	-0.2573718
960040	-0.7545189
960044	2.857096
960119	4.293196
960153	-0.9253746
960228	4.5092287
960343	-7.856441
960356	-12.442891
960386	-2.3598344
960415	-0.8807536
960459	-0.27268025
960475	-5.315352
960517	-0.7819849
960586	0.1569009
960623	-2.339344
960680	-11.759044
960716	-0.7950792
960783	0.9440171
960885	0.9777396
960894	1.2904717
960960	-1.0249957
960989	0.24531838
961001	-1.7136794
961006	-3.9258423
961028	6.043246
961080	-1.2547396
961088	-0.42690718
961102	-3.405004
961105	-3.1007707
961124	-2.4586172
961152	0.08162836
961160	-0.12815885
961163	3.4060926
961171	-3.7751536
961210	-1.9970351
961213	0.8359815
961230	4.387461
961329	4.0790505
961369	0.3907036
961421	-2.6448429
961424	2.6622992
961515	1.8176337
961529	-1.8407495
961633	3.336054
961639	-0.9618748
961648	-2.7867904
961665	2.726321
961725	-6.1294937
961780	0.8702889
961851	-0.7708209
961886	4.829246
961895	1.7705357
961919	-1.2652962
961950	3.6208065
961988	-1.8616601
962131	-3.1384962
962163	1.8646566
962199	5.7737083
962239	1.2201196
962424	-1.4972662
962579	-1.8518977
962634	8.664694
962636	-1.2951351
962650	6.3827715
962685	-0.21248974
962729	-0.9843391
962820	-3.4205737
962834	1.3812691
962864	2.6431928
962992	-1.706228
963046	5.1226606
963136	-2.0285647
963139	4.3376646
963160	-0.258633
963216	-13.94275
963239	-1.0751452
963255	-7.735632
963339	-0.6758869
963346	-0.9576941
963504	-7.116963
963602	7.4914665
963628	-1.9085526
963650	-3.1007707
963691	-0.8173184
963762	2.538422
963845	-1.996291
963882	-2.200969
963896	-0.44855982
963939	1.1965734
963964	10.516558
964030	-10.284608
964034	-1.6577703
964092	1.3631281
964109	-1.8407258
964125	2.60921
964143	-1.278491
964209	-0.61383027
964374	6.454356
964465	-0.6966386
964469	-0.8121077
964503	1.462134
964517	1.4052265
964600	-0.30671793
964678	3.4713466
964722	2.6211395
964764	1.4397032
964779	4.0117507
964809	3.917616
964829	-4.3901978
964864	-22.39458
964900	-0.75531256
964904	-12.045081
964910	1.2539219
964966	1.0755851
965009	-0.22559673
965176	-1.184127
965214	-3.7237542
965244	0.3832581
965247	4.3584495
965267	1.4731293
965269	-2.9482515
965294	2.5988176
965299	1.9322656
965300	1.5471879
965335	8.925911
965458	9.020636
965500	5.1709876
965521	-1.6127901
965590	-1.432827
965679	5.022753
965759	3.1729352
965770	-0.7915036
965774	-2.1039913
965780	-0.99698555
965781	2.730429
965883	-2.8517823
965933	3.0624516
965998	-4.611915
966091	3.5820687
966103	6.2331834
966104	-1.9537776
966114	-1.3435559
966134	3.1374238
966137	-1.6444669
966169	2.3302848
966269	-1.1136494
966314	-2.457702
966429	-1.2652962
966501	-2.1635516
966549	-7.227498
966564	-0.8813256
966604	-4.0115457
966644	4.905054
966678	1.7801179
966696	-0.74476665
966735	0.21781062
966826	-4.6359606
966864	4.3376646
966923	-2.6056154
966954	-1.6936136
966984	6.0589285
967041	-0.16470103
967105	-1.3745092
967131	-0.68162066
967148	-0.98211783
967210	4.1709194
967212	-5.3894877
967235	-0.33353138
967267	-0.7637243
967288	-10.27316
967382	1.7570119
967396	-4.3644805
967419	8.070592
967481	-2.0855227
967514	2.6889694
967524	-4.99515
967548	-0.2551208
967647	-0.6017993
967747	5.260366
967767	-0.9873204
967879	-2.0252798
967949	5.50556
967975	-4.0816875
967983	-4.153595
967990	-4.2567782
968067	-0.99513084
968158	-2.9142668
968338	0.09699925
968394	2.0986884
968418	-1.5110612
968475	-2.8083944
968498	14.607262
968593	3.0972464
968655	-4.4879856
968717	1.6227915
968743	-2.4902582
968773	3.5652306
968853	-4.528864
968950	-1.7196229
969035	2.9783933
969109	-0.62000024
969179	3.516148
969223	3.755661
969246	0.88412064
969260	-1.467288
969313	1.504246
969337	-2.0769782
969352	1.8255078
969373	4.508205
969463	4.1836257
969590	-2.8335657
969602	-0.5902726
969695	-6.797758
969708	-2.2307591
969723	-0.9495124
969741	-7.7196074
969855	0.06753026
969898	-3.4748876
969978	-3.8734396
970022	2.378923
970029	-1.8242835
970049	0.9539002
970064	-0.37664068
970143	-1.5929161
970165	3.4651065
970208	-5.5733495
970333	0.22339952
970434	-3.6134932
970484	-3.4091
970530	3.2334616
970599	1.1094998
970642	-3.580988
970643	5.360023
970768	3.5820687
970811	-5.255843
970899	4.9837494
971000	2.729994
971011	1.2527605
971085	-0.45319337
971275	-2.6704957
971291	-0.621768
971334	12.867949
971374	20.744816
971435	-6.5657773
971447	-0.83248055
971470	10.029037
971487	-5.863203
971513	-5.4276295
971517	-3.1007707
971595	-0.11284894
971701	-0.9203926
971736	-0.99849546
971794	-4.942973
971809	-2.9484494
971812	-0.04621528
971836	2.174651
971870	-16.48153
971896	-2.5828545
972000	-0.8861983
972004	0.83068883
972204	8.410264
972280	1.1753752
972303	-1.3062063
972340	-8.614004
972374	-0.69944113
972652	2.5421147
972704	-0.7781437
972740	7.642915
972832	-0.9873204
972849	2.5002623
972916	-1.578936
973074	2.199785
973175	8.040498
973184	5.0405426
973302	3.1888037
973338	6.9526143
973484	-1.3791269
973509	7.124298
973528	-1.8014674
973600	5.3702364
973619	0.715952
973663	-0.94821715
973680	1.8122826
973786	-2.3072271
973813	1.4361608
973861	-5.2083063
973876	-1.4180317
973889	-1.1733603
973901	-0.87707436
973924	-1.5797086
973944	2.5685613
974006	4.578273
974045	1.3802238
974162	-2.8091166
974195	3.0674543
974216	-1.5446141
974257	2.174651
974279	4.2319164
974326	2.777713
974328	-4.5763445
974359	-3.7833908
974379	-3.1422307
974392	-5.1410704
974480	-3.2196786
974484	-1.4243923
974630	1.7041516
974746	1.8257858
974759	-1.9254904
974781	-1.3176242
974794	-0.9301281
974814	-1.1359851
974827	-2.2471893
974901	-0.7234703
974924	-0.19693132
974994	-0.912032
975146	2.6541321
975188	0.97136146
975198	4.542571
975210	-3.6695359
975249	-6.2487073
975329	-2.9459472
975500	0.9612895
975553	5.1226606
975651	0.9233872
975652	5.339637
975697	-4.0788736
975707	-3.096521
975794	-0.99347025
976132	-0.99873626
976175	-5.7074533
976305	-0.30671793
976369	-1.0844094
976521	-0.33657306
976554	-0.4243054
976565	-1.0479387
976567	7.521753
976683	-1.4949708
976708	2.9020743
976966	3.336054
976989	1.7042788
977002	-2.1324942
977084	5.591164
977090	-2.3339126
977118	2.1869051
977152	4.390211
977182	-1.3930305
977195	0.9235442
977519	-2.4255178
977559	6.9886575
977587	5.0915422
977720	5.0098433
977740	-0.97732234
977769	0.01577636
977808	3.646777
977826	-2.60507
977948	-1.410444
977970	1.3437237
978006	-2.3893638
978022	-1.9888332
978175	-1.1557277
978255	3.4699154
978307	-3.5033128
978360	-0.9120342
978389	-3.0565674
978451	-0.32097962
978457	-0.7115393
978545	-3.202138
978620	0.93796027
978638	-3.1665773
978678	1.0753446
978729	-2.6508167
978830	0.69763374
978856	-0.94824684
978892	2.124937
979025	-2.7744288
979103	-0.8242636
979115	4.971477
979164	-0.2777152
979259	-4.352265
979291	-5.2726827
979299	-9.900747
979337	-3.8685136
979429	-0.019248199
979460	2.623903
979538	-2.440536
979577	0.3437623
979599	1.5321535
979661	2.5233223
979700	-2.5593853
979713	-3.9507427
979734	4.8095016
979746	14.467089
979752	6.6097
979762	-1.152141
979782	0.55152696
979824	3.9716327
979876	-1.432827
979908	0.9700609
980018	0.21490727
980034	0.6131866
980057	2.7345314
980103	-0.9598294
980129	0.6716692
980145	-0.14095248
980161	2.3530424
980279	-1.0119274
980395	-4.2603483
980408	4.7030363
980469	1.9425273
980488	-4.9806666
980564	4.029388
980570	8.01798
980604	8.53856
980611	1.480451
980618	-1.9290351
980622	1.6573265
980632	0.03997846
980712	-0.9120298
980760	-9.3273945
980809	3.8046713
980853	4.089823
980865	-3.3609843
980889	2.9577434
980904	-3.6924396
980979	-0.66133493
981005	-2.836317
981039	-2.7366674
981079	-1.8407495
981120	-0.0027627698
981317	-1.4127119
981324	-15.5273905
981339	-1.7555635
981374	-0.87685674
981434	-9.622752
981471	-0.9575579
981474	2.1214402
981510	2.6958213
981548	-1.9994013
981561	6.9966426
981564	-1.4765586
981618	-0.94112337
981680	-0.99676174
981735	-5.218144
981766	-0.57486635
981774	-0.21015105
981781	-2.4340997
981844	2.6541321
981869	-1.2893595
981887	-1.507939
981906	3.739611
981909	3.4683127
981914	2.3907971
981927	-0.9885014
981947	8.371722
982091	1.9516938
982185	4.9787455
982209	-4.5834246
982336	2.1117465
982338	1.5699852
982344	0.3797936
982356	0.66977024
982409	5.855205
982418	3.4118416
982460	-13.766718
982470	2.122666
982500	-0.41937214
982591	11.143166
982614	-2.927596
982644	0.95307803
982657	1.271771
982667	-0.33887434
982779	-0.8378094
982814	-3.2683272
982827	2.1911938
982853	-1.9493417
982872	-1.4853538
982895	-0.823096
982978	1.8987188
983007	-0.6489217
983079	-3.0325303
983242	0.74958235
983285	0.9482546
983288	-1.3987539
983340	-3.8862007
983341	-8.243691
983405	2.0521185
983417	-0.8419676
983477	-1.7824005
983481	-2.5595095
983499	5.790487
983503	-0.3582723
983514	-1.8113638
983518	-5.195105
983605	-0.6685697
983618	-1.2218848
983643	-1.5761572
983671	-0.65286535
983758	2.1249912
983765	-8.011463
983938	-6.70812
983949	0.69997317
984010	-3.1108603
984023	2.025763
984030	-0.90438426
984104	1.271771
984149	4.350298
984472	0.05101738
984514	3.3970249
984547	3.293132
984577	-2.6214468
984585	-6.0984797
984593	-0.83248055
984595	-6.1720448
984635	-0.4716172
984642	2.3218908
984688	-1.6317112
984740	2.5395072
984764	3.2472897
984789	-1.7761064
984881	-4.5109506
984951	-0.79309565
984976	-1.870708
984982	3.4139202
984985	-3.752369
985070	3.0265763
985139	2.119824
985234	-0.88200593
985270	0.9325572
985303	-0.8411902
985411	-2.1462445
985424	-0.5711626
985437	-1.3956202
985505	15.877854
985558	5.041005
985594	-2.9142668
985604	1.955123
985780	-5.352129
985802	-1.5651147
985902	0.7635683
985911	-0.7240751
985982	-1.7707754
985993	-1.1697385
986091	-1.76002
986215	-1.4059405
986237	-4.466232
986259	-1.490223
986281	-1.8410366
986434	-0.54261374
986492	1.6923252
986544	-4.170703
986579	6.9310317
986618	-0.98780435
986646	5.3142304
986650	-1.8938669
986714	-1.3022234
986722	-2.3792064
986725	3.204143
986810	-3.7350314
986871	3.70676
986915	-1.3791269
987039	-1.178128
987085	-2.381954
987098	0.882993
987117	2.539537
987157	2.90782
987245	-3.3813257
987277	-1.5219078
987287	-2.7889285
987345	-0.39249405
987406	0.19323896
987484	1.4907161
987534	-1.7251058
987539	-4.614239
987638	-0.9983805
987669	-0.8140571
987708	4.41145
987884	1.2555935
987919	1.7076797
987948	1.418844
987957	-3.1725187
988021	-0.8754567
988030	-2.350419
988073	-0.80154866
988115	5.1051445
988157	1.2597978
988168	-4.922473
988182	-0.9957502
988319	-2.3972325
988322	1.4604008
988489	-1.472822
988752	3.285557
988810	-2.7912884
988821	-2.735109
988861	3.6114926
988871	-2.1779199
988897	-5.3107824
988981	2.3950443
988985	-0.6258955
989001	0.74958235
989087	-1.9604653
989120	-3.7833908
989268	-1.4853383
989273	2.1445787
989310	1.9447757
989332	-3.1007707
989335	4.403389
989425	-0.8594755
989486	2.6008916
989589	5.033799
989603	-2.985831
989649	-0.9865885
989670	-0.8648374
989855	-1.2850225
989957	2.4587803
990009	7.4714527
990062	-0.2941544
990069	2.5648394
990109	0.60176176
990123	0.25729296
990140	9.08815
990252	-2.8494604
990284	-4.7826643
990314	3.0825448
990343	3.1602216
990438	-3.4014568
990553	-0.36122373
990554	-0.0035884506
990575	5.6789565
990640	-2.3960743
990683	-0.80410916
990687	1.8064256
990725	7.6578555
990773	-0.81562006
990778	-0.87237906
990843	-1.1633453
990850	0.58416545
990894	2.842072
990968	-1.5382555
990993	-3.3186328
991010	9.298992
991013	-1.6998221
991069	0.87838894
991151	-4.1137743
991160	-3.1727612
991213	-2.2726772
991329	-3.308286
991428	-0.8712209
991436	-0.38833892
991469	-0.9894231
991471	-9.636218
991523	2.8309946
991555	1.2380912
991583	2.288337
991589	-0.45649424
991605	0.8955103
991711	-3.9104118
991824	-0.8738381
991863	0.47361967
991883	-0.44393754
991897	-2.5666988
991911	-0.99063987
991942	7.2993197
992030	4.4516063
992116	-1.8758662
992181	-0.99677557
992210	-1.6734445
992292	-0.9141419
992293	-1.7661463
992295	-0.9138341
992323	-0.49828398
992326	5.4526777
992339	3.4955502
992465	-11.777214
992526	-4.5557723
992579	-0.35715798
992592	-2.2222438
992634	-0.40620324
992663	5.1796703
992675	-1.5750124
992723	-2.6692545
992733	-0.031108195
992753	-0.7525583
992761	-3.3557353
992767	2.0700932
992812	4.7228556
992813	4.004393
992854	-1.618926
992888	-1.800812
992914	-0.9146994
993005	-1.6256503
993090	0.9765471
993139	3.2076292
993233	2.5988176
993289	-1.8400066
993335	0.098672904
993347	-0.8519178
993517	-0.96179485
993574	3.809355
993603	-1.8970231
993637	-0.98287165
993685	-1.9326282
993742	-0.2909961
993758	-0.47405702
993763	-4.6891723
993770	3.0682123
993939	5.0231304
993945	-0.972355
993972	-3.5392094
994013	-3.3636794
994046	10.322996
994052	-1.7894125
994055	-2.650174
994117	-0.4415865
994356	3.4848447
994374	-3.0120862
994380	-0.9816917
994406	-0.028290711
994444	-3.1653216
994493	4.5913625
994507	1.6698556
994568	-0.80558586
994613	-0.8934087
994628	-4.9901843
994640	-0.86792904
994721	0.72445863
994809	2.9020743
994903	-1.5981032
994913	6.5111523
994916	4.617044
994942	-0.9935942
994951	-0.17704129
994987	-5.586346
995020	1.6413866
995158	-0.9562605
995371	2.8986957
995377	3.388871
995520	5.58338
995672	-1.090364
995724	4.4777317
995767	4.3529105
995807	-2.3310003
995849	5.6241174
995857	-7.09939
995873	-3.166239
996014	-5.9435687
996184	-1.5294906
996199	-0.97031176
996241	-5.792522
996268	-0.7732228
996308	1.6817265
996312	-2.1468136
996319	-0.8223014
996340	-0.946482
996446	-4.151209
996450	-0.8719333
996619	-0.78830373
996626	-2.152279
996656	-3.4004064
996668	-1.6489779
996676	-0.98549753
996718	-0.95983696
996803	-0.9731729
996880	0.9929206
996929	-0.13250978
997036	1.1995014
997054	3.104474
997080	-0.10086146
997091	1.4767997
997117	-2.350548
997138	3.9689505
997181	-2.3420806
997227	-0.7511306
997238	-0.05464286
997320	1.7020379
997404	-5.6560698
997487	1.7751422
997526	0.98545206
997547	3.2587862
997651	-4.400637
997659	2.5267684
997755	0.8384269
997764	1.3511238
997839	0.5100329
997953	4.067381
997958	-0.50886106
998022	0.06323735
998131	2.2945194
998162	-1.7810516
998269	-1.8625674
998289	-0.77333736
998304	2.19462
998323	2.51807
998388	-0.7008514
998392	-0.5256276
998396	-3.6046362
998422	-0.5323055
998429	-2.6214468
998511	-0.4382694
998739	-6.0799017
998805	-4.4505143
998873	-2.762949
998905	-0.38477737
998967	-0.0902807
998990	-0.95907927
998992	-1.62278
999140	-2.1763978
999174	-5.0459485
999197	-4.9292994
999259	-3.8820293
999287	3.7246594
999292	2.8038635
999321	-0.32711494
999327	-1.565985
999483	-1.5884835
999552	-2.7744288
999609	0.73448986
999656	8.000153
999701	-1.0755652
999762	4.703172
999772	3.285442
999874	-4.400637
1000044	11.663938
1000099	-2.4336252
1000181	-0.82186574
1000197	2.5664337
1000305	1.9488684
1000418	-0.575475
1000558	5.924946
1000574	4.29018
1000642	-3.2492177
1000801	-4.938402
1000884	-9.073225
1001077	0.73343146
1001165	-0.9873204
1001334	-0.39400023
1001349	0.033845913
1001404	-3.4042168
1001417	-0.9867134
1001588	9.264398
1001613	6.229957
1001700	3.9481337
1001722	-1.272169
1001784	-1.5685335
1001813	-2.606207
1001839	0.37921867
1001850	0.5438104
1001906	-1.8364404
1001947	6.1270075
1001999	-0.658109
1002023	-1.014253
1002196	-1.6885257
1002199	-0.5594335
1002219	10.468185
1002266	-1.9893003
1002274	-2.865641
1002344	-0.49803105
1002348	2.562936
1002382	3.3064978
1002423	-3.0706913
1002525	3.3132699
1002593	0.5963959
1002620	1.5061698
1002639	0.1436189
1002654	-1.162866
1002709	4.7411942
1002767	1.4609935
1002791	-6.8347106
1002809	0.70113117
1002817	-1.1973296
1002914	-0.9885014
1003074	-2.8698096
1003089	9.204653
1003105	2.3741138
1003170	-0.29130247
1003185	1.1276178
1003216	-3.8735054
1003310	0.43575403
1003311	-0.27765718
1003565	-0.80187327
1003579	8.125833
1003651	-2.9714043
1003687	4.075112
1003710	2.382376
1003801	7.3479795
1003959	2.6618927
1004014	3.036734
1004027	-4.2900276
1004077	-2.573646
1004088	0.90087575
1004165	-1.7226586
1004179	4.821708
1004187	-0.92585987
1004238	-0.6755859
1004449	-0.3582329
1004523	2.1893444
1004557	-5.8149424
1004569	-0.5460299
1004602	-0.680652
1004874	-1.3857102
1004878	-1.3067564
1004884	2.6808715
1005087	0.9811064
1005180	1.1564398
1005287	1.5008174
1005313	-4.982815
1005346	-1.0119274
1005356	-3.1159625
1005430	3.3465388
1005464	4.1351027
1005467	0.9591931
1005568	6.9937544
1005639	-7.3468294
1005642	7.6666536
1005677	3.7969604
1005754	0.22412996
1005756	-5.1183434
1005791	0.71497065
1005842	3.6712463
1005960	-1.8561026
1005992	-2.7364986
1005998	-1.9315853
1006003	-2.5068443
1006064	-0.2797665
1006138	10.410317
1006150	-0.70437056
1006257	3.646777
1006265	5.227408
1006516	-5.9435687
1006688	0.7635683
1006744	-0.10181093
1006786	3.004926
1006830	0.3437623
1006858	-0.97301596
1006860	-0.5494784
1006886	1.1058321
1006920	-2.8455017
1006981	-0.87237906
1007059	2.8664482
1007170	-0.8152581
1007287	4.5187182
1007312	-3.1446311
1007355	1.4929091
1007378	-0.33576837
1007394	-1.4808604
1007419	-1.5337577
1007430	-4.2758408
1007435	-1.3901846
1007494	-0.594121
1007496	-1.3080173
1007531	-3.2548032
1007743	-10.478367
1007859	0.6053397
1007865	-1.4082159
1007929	-0.6090547
1007953	-0.621768
1007984	-7.118526
1008027	0.9597561
1008130	-4.2367334
1008136	-0.004235805
1008178	1.2700317
1008223	-0.61716783
1008225	1.0465413
1008248	-0.9962214
1008300	-0.018815832
1008331	-3.4066432
1008364	1.8115348
1008371	-12.000375
1008413	1.5869571
1008440	-3.8607843
1008558	-2.5580692
1008605	2.0215418
1008688	-3.0822737
1008729	2.7675784
1008786	2.232587
1008823	-0.87707436
1008856	2.2246087
1008875	-8.659138
1008883	-1.4440702
1008887	4.6242795
1008898	2.7270553
1009056	-0.62386394
1009118	-1.7462509
1009164	3.8391788
1009241	-10.934256
1009271	-0.3255708
1009310	0.18947513
1009356	-1.6807418
1009545	-0.5553622
1009558	-3.0587828
1009636	-0.42205128
1009641	0.98990965
1009664	-2.2371275
1009669	-0.642194
1009676	1.8607223
1009706	-3.7214327
1009712	-2.3378055
1009753	2.169017
1009968	-0.22520581
1009981	7.16732
1009992	-2.3181372
1010034	-1.8105155
1010071	-3.331368
1010104	-0.48404735
1010111	2.610795
1010134	3.95801
1010136	0.3798474
1010141	-0.65237844
1010180	4.4482284
1010328	1.7656575
1010349	-0.24751596
1010410	4.218276
1010428	-1.328379
1010494	0.07443654
1010546	-2.122073
1010615	-5.4344096
1010684	-0.7847346
1010733	-2.343816
1010758	0.8081051
1010788	-0.5549798
1010826	1.8540008
1010863	-0.49083388
1010869	-1.7620404
1010899	-3.2000518
1010910	-0.96823764
1010925	5.503665
1010972	-0.19481055
1010974	-1.7649738
1010981	-1.5602124
1011050	0.5615108
1011223	-3.1642292
1011285	-3.3140714
1011297	-6.0477734
1011298	-2.1653328
1011360	1.6600399
1011382	-7.1621523
1011395	0.72125113
1011409	3.477855
1011416	6.9168463
1011430	-1.5118865
1011480	-2.5462394
1011485	1.7697845
1011529	-1.8882525
1011558	-2.4534574
1011577	-0.8547244
1011584	-3.1579792
1011612	-1.7028538
1011907	1.6504523
1011910	-0.9182753
1012018	-6.324852
1012019	-21.225805
1012023	0.38364387
1012085	4.148036
1012100	-0.880588
1012117	4.125285
1012167	3.549646
1012175	-0.60060537
1012279	-0.66741055
1012313	1.3602211
1012333	-3.4538863
1012349	5.4201074
1012435	-3.4561024
1012454	-0.6564094
1012532	1.1778051
1012644	1.6039008
1012721	-4.0365343
1012735	-0.36934644
1012746	-7.8898263
1012784	4.1722436
1012823	-2.6040285
1012831	2.419239
1012838	-1.9589922
1012850	0.44046846
1012889	-6.289749
1013079	-1.8089024
1013121	-0.30416775
1013149	-1.0891514
1013156	-0.036363665
1013206	-0.8948935
1013233	0.9988961
1013268	1.0110811
1013277	-2.6482933
1013288	-3.9768414
1013303	-0.9701558
1013305	1.857623
1013478	-1.576791
1013496	-2.2771292
1013514	-2.286211
1013584	-4.3906956
1013591	-1.6696115
1013605	4.5379267
1013639	-1.1698804
1013687	6.4175777
1013706	1.7024449
1013833	-0.39123747
1013908	2.2652268
1013949	-2.3378055
1013955	-0.037739802
1014025	-0.9301281
1014026	1.2007422
1014116	1.5202698
1014193	-0.7501466
1014255	-0.9861252
1014343	2.1030538
1014377	2.4889176
1014383	-2.0946126
1014390	-2.6629477
1014478	-0.44855982
1014485	-0.3469274
1014486	0.9140914
1014510	0.16824158
1014524	-2.3689034
1014533	-0.97031176
1014576	3.0927694
1014603	1.6024926
1014629	-7.6942463
1014655	2.9447312
1014685	-1.3078103
1014703	3.7698257
1014758	-0.5533266
1014816	-0.5097164
1014825	-0.90053475
1014861	1.9601842
1014896	-5.941227
1015011	4.776873
1015055	-0.6409523
1015063	-3.982455
1015138	1.1656477
1015163	-1.1656245
1015177	-3.3711085
1015213	-0.021812195
1015254	0.8909707
1015361	1.8198986
1015448	-1.085046
1015459	-0.25082788
1015473	-0.61383027
1015506	1.8415072
1015537	-8.721277
1015573	-4.54313
1015581	2.419239
1015594	-9.700563
1015631	-2.5007417
1015633	-3.4439328
1015648	0.18950129
1015743	-0.89177763
1015750	3.0031912
1015759	-3.3695302
1015774	-1.4719788
1015795	4.29018
1015814	5.105096
1015835	-5.8220186
1015840	-0.297113
1016033	-3.1953125
1016058	-0.956037
1016083	3.4028482
1016130	-2.773435
1016147	3.8241544
1016156	-0.9486936
1016165	-1.319446
1016181	3.9123733
1016215	-1.7517657
1016223	-0.2379812
1016429	3.2193625
1016443	4.4545956
1016476	8.875632
1016493	0.765017
1016518	-2.46116
1016565	-2.2765443
1016684	5.9295306
1016686	3.024691
1016731	-1.74177
1016778	1.843584
1016870	0.7733007
1016911	-1.3300991
1016984	-0.97254604
1016987	1.5699852
1017000	-0.8430274
1017068	4.358037
1017135	-1.1589446
1017144	-2.616172
1017203	7.753925
1017291	1.3946753
1017388	0.7105705
1017401	-0.82955825
1017435	-2.1451755
1017521	-0.9203926
1017528	1.0592728
1017556	5.246315
1017579	-6.7004976
1017583	0.894715
1017624	-0.8054693
1017638	7.9940596
1017665	-0.9772855
1017761	3.3970249
1017823	-0.94673437
1017870	-2.9535518
1017921	-5.5527797
1017963	-0.86942047
1017979	-0.6339878
1018083	-2.963158
1018140	1.2735289
1018158	0.40828404
1018280	3.7390347
1018322	3.5497968
1018406	-0.08949131
1018426	-2.5007417
1018576	0.96567845
1018610	-1.5152532
1018678	-2.3084095
1018715	-3.2380679
1018723	-0.9782862
1018755	0.55152696
1018803	-1.9028815
1018804	-0.78027403
1018861	-2.1967
1018912	-0.9807533
1019038	-3.498984
1019116	-1.6328064
1019175	-2.3391726
1019209	1.8225318
1019254	-0.9229619
1019294	-2.0700345
1019296	-5.352719
1019347	1.3482908
1019388	-6.588138
1019413	-0.68807065
1019491	-4.2090607
1019610	-1.9506395
1019719	-0.92363966
1019746	1.6349646
1019842	0.9928684
1019998	3.7026603
1020020	-0.99986
1020051	3.0997617
1020090	-4.3484545
1020109	-0.5931853
1020154	-1.42581
1020225	-1.832973
1020237	-2.6135151
1020305	5.739497
1020315	1.8963953
1020433	0.9235442
1020455	-0.6368517
1020478	-2.4034004
1020530	0.9095071
1020663	-0.93455106
1020738	1.6552694
1020771	-0.906879
1020791	-0.39044696
1020868	4.2319164
1020884	-0.6071871
1020886	-2.8698096
1020915	18.429596
1020985	-0.99359185
1021034	-4.8366976
1021042	-1.528457
1021049	-1.1959475
1021079	2.5069773
1021087	-3.5847838
1021101	-0.85983413
1021187	4.5991797
1021303	5.8188477
1021321	0.9645215
1021350	-0.7757923
1021379	-3.1117494
1021472	5.174539
1021481	-1.8109854
1021518	-0.6814333
1021563	2.378923
1021586	-0.85438025
1021592	0.54845375
1021738	-2.057408
1021756	-4.9076014
1021785	-0.479722
1021870	-0.76632607
1021886	0.7194098
1021904	0.52511305
1021912	9.00673
1021913	0.27523485
1021919	0.3334923
1021920	-1.1625018
1021952	3.7023416
1021957	1.1326156
1022027	-3.8821125
1022049	5.0399747
1022123	-0.9999849
1022173	6.633123
1022214	1.7656376
1022216	-0.81724805
1022249	-0.96592253
1022280	6.4433694
1022282	4.461628
1022291	3.0614524
1022339	1.9158926
1022401	-1.7908493
1022462	0.6445625
1022490	1.8295066
1022655	-6.1915355
1022684	-1.0559442
1022715	-7.1166244
1022726	-0.7553885
1022732	-2.6060631
1022784	-1.9983424
1022790	-1.7711143
1022927	-3.3695302
1022981	-0.9897847
1022982	-1.5797086
1022989	1.5841155
1023033	1.6504523
1023043	-4.1419663
1023090	3.6001396
1023119	-10.434813
1023191	-2.6130104
1023225	2.79035
1023238	-0.75218135
1023262	-6.31986
1023275	0.8422379
1023308	-2.9380841
1023326	-0.97174925
1023331	-2.6457286
1023332	-2.2953072
1023478	-0.3441731
1023494	-0.9720147
1023525	-3.7283163
1023554	1.385295
1023556	5.4740214
1023596	-1.2993557
1023626	-2.6694434
1023652	-1.5597396
1023657	-3.2434711
1023659	0.93563485
1023660	-1.5518786
1023661	-0.9816893
1023689	7.6280847
1023697	-0.83404386
1023706	-1.5270532
1023716	-3.0002313
1023738	-3.796526
1023769	2.4611154
1023771	-0.690201
1023872	2.0951545
1023890	0.61451465
1023901	3.0581546
1023925	0.087391734
1023954	1.868995
1023960	2.2597544
1023989	0.23909612
1024108	-2.4695477
1024196	-1.176783
1024298	-1.6214426
1024307	4.1907096
1024348	1.160138
1024385	2.365468
1024395	2.1109586
1024480	-1.0364909
1024524	2.538422
1024590	8.838445
1024639	0.85763973
1024742	4.795824
1024795	5.4718595
1024821	-0.99191654
1024824	-0.9901524
1024858	-2.440536
1024901	3.032025
1024915	-2.0981228
1024947	-3.2987726
1024965	-3.1414075
1025043	-6.391311
1025048	-1.6995268
1025098	-0.37446854
1025122	-5.255843
1025143	0.43367675
1025177	2.3426447
1025195	-22.112366
1025210	-3.234249
1025230	-1.3805602
1025231	-0.75403553
1025285	0.030880682
1025342	-3.5490627
1025344	-1.6926944
1025347	-1.7724848
1025350	-3.3790493
1025382	-1.0932393
1025384	5.9726286
1025437	4.555473
1025446	1.7094206
1025478	1.8485266
1025563	-3.1950696
1025577	4.1443872
1025651	3.6486645
1025785	2.0495732
1025817	-2.6060965
1025819	-0.24253424
1025829	-1.3961519
1025873	2.8006048
1025918	-3.0002313
1025946	-0.5199611
1025968	-1.9390135
1026047	2.171829
1026060	-4.554868
1026065	-2.0607038
1026088	-3.0792902
1026141	0.9869186
1026252	-0.94594187
1026254	-0.9145568
1026262	-0.8861983
1026304	5.697352
1026348	5.882376
1026381	-0.84351265
1026403	-0.99901867
1026482	-5.1025825
1026500	3.5866947
1026541	8.966524
1026557	-1.1973296
1026637	-1.4867924
1026687	-3.039678
1026689	-7.5809255
1026739	4.5607066
1026755	8.208517
1026818	0.016703732
1026900	-1.6807418
1026917	1.234577
1026935	4.630918
1027005	-4.8289886
1027069	3.1873088
1027076	5.909492
1027082	4.881493
1027124	-4.6887603
1027126	7.1926346
1027174	-0.63437593
1027225	-1.2802022
1027267	0.95348686
1027273	-2.6704957
1027295	-1.8456461
1027365	7.6430025
1027370	1.1224668
1027392	5.702351
1027411	4.003593
1027475	2.5745444
1027487	2.6965287
1027511	1.8582939
1027525	2.4776478
1027527	4.9826303
1027532	-2.1649785
1027557	2.8636403
1027559	1.3687409
1027609	2.0044274
1027700	-0.25105247
1027705	-0.62161916
1027735	-6.6536255
1027805	2.4257174
1027828	0.8118303
1027886	2.0700932
1027906	-5.242452
1027946	-3.338126
1027952	0.7863561
1027960	5.613835
1027992	1.1484485
1028016	-4.10273
1028020	4.7696056
1028044	-3.2601554
1028067	1.9862429
1028263	-3.9692225
1028310	2.9262621
1028335	-1.2922455
1028381	-2.3424163
1028383	-3.096521
1028423	-0.95476365
1028500	-4.542488
1028572	1.566453
1028604	9.109906
1028692	-0.7239793
1028697	-6.4700165
1028745	-1.6970732
1028799	-0.7999426
1028810	5.590685
1028812	0.043852456
1028816	-6.038166
1028830	-0.8576504
1028837	-3.6377218
1028861	2.8544533
1028880	4.5582824
1028889	3.7048955
1028975	-0.87685674
1028989	-8.783239
1029013	4.762833
1029014	-3.1642292
1029039	5.9669743
1029202	-0.81977355
1029226	0.71501637
1029245	2.070954
1029251	7.3692713
1029265	-0.922949
1029293	-0.7131966
1029315	2.6326447
1029364	1.9684497
1029538	0.44528106
1029677	-1.5567992
1029686	2.7151864
1029689	4.608923
1029690	-0.9120298
1029700	-4.4499087
1029763	0.017678265
1029828	3.3634777
1029875	4.9663486
1029901	-3.698233
1029913	-0.62483364
1029960	-0.99513084
1029962	-0.85983413
1030034	-3.9903185
1030121	1.6701022
1030135	3.0730627
1030172	-1.2217185
1030185	-1.5546896
1030201	-2.125354
1030214	-0.62932426
1030242	14.145514
1030277	5.006104
1030363	0.4170003
1030404	0.7635683
1030425	-0.9999453
1030455	-0.44272426
1030485	-0.6641152
1030602	-3.001584
1030620	1.0776683
1030654	-0.34701067
1030698	4.9787455
1030790	-1.7196229
1030809	1.1081021
1030830	-0.9953191
1030832	1.1386044
1030935	-2.3318765
1031005	0.42514306
1031037	4.12724
1031059	23.569523
1031089	-1.7661014
1031103	-0.9739113
1031165	3.942263
1031211	2.6862495
1031214	1.0635535
1031265	-1.9226358
1031307	-1.012712
1031349	4.9320755
1031426	-0.66153795
1031476	-1.7599677
1031490	-3.0992918
1031543	-6.673599
1031617	-2.5171478
1031646	-0.41744593
1031702	-1.0340128
1031804	-2.6056154
1031843	1.0354018
1031882	1.9972061
1031929	-4.1390634
1031959	8.559176
1031973	1.2867081
1032058	-0.62682104
1032110	25.647282
1032219	-7.427687
1032222	3.0677352
1032240	-0.98305494
1032290	2.6861184
1032296	1.3788971
1032321	-2.1509619
1032369	-1.3326342
1032394	6.3487606
1032408	-0.9741714
1032443	2.537071
1032444	4.6848845
1032478	4.073985
1032529	4.0010552
1032538	1.5412402
1032570	-0.81724805
1032572	-2.144459
1032607	-0.985492
1032608	1.7094206
1032654	-1.5446529
1032675	3.8992894
1032695	-0.9878023
1032723	3.245475
1032731	3.1459122
1032829	0.52184886
1032878	1.8062232
1032890	-0.8458154
1032913	4.387806
1032997	-7.407794
1033007	-2.591712
1033042	6.0777206
1033082	0.47311804
1033087	-0.96513426
1033089	-1.8586992
1033096	0.7115961
1033105	0.7691607
1033110	-1.5463713
1033166	-1.6558046
1033187	4.1605654
1033234	-0.48700684
1033239	-3.7627633
1033248	1.6437194
1033264	1.7991035
1033274	2.2574444
1033331	-3.4323282
1033478	0.30306002
1033545	-2.3840826
1033601	-2.3354473
1033647	-2.5505505
1033674	-0.24789655
1033762	-2.8597605
1033768	-0.82955825
1033827	-0.6258955
1033887	-0.89228183
1033959	1.9217244
1033980	-0.44631988
1033999	0.6794625
1034000	-0.66678584
1034036	4.257613
1034047	-1.6995268
1034050	-0.09432657
1034066	-1.8114948
1034100	-1.1417404
1034109	-0.9510774
1034303	1.5234749
1034348	1.480451
1034380	1.9464467
1034415	1.7101227
1034471	-1.6297674
1034485	-0.3484415
1034535	3.246172
1034544	-4.9460053
1034569	0.9535574
1034572	-0.5780084
1034583	0.99994016
1034618	1.418844
1034692	2.2402487
1034697	5.1051445
1034790	0.25672206
1034806	5.601222
1034850	-4.300448
1034862	-0.7804142
1034864	11.848293
1034870	-3.7427144
1034878	-0.604127
1034906	9.069456
1034920	-2.8384106
1034927	-2.883534
1034952	-0.31657636
1034974	-1.8274298
1034983	0.8687849
1034988	-0.5302324
1035161	2.3907971
1035182	-6.1607766
1035200	-1.4274714
1035250	-1.3783637
1035336	-14.061392
1035341	-0.7248989
1035387	5.8278446
1035388	-0.30566105
1035406	-0.426526
1035439	7.9833994
1035455	-1.5514616
1035506	-1.769925
1035538	-0.44761017
1035565	-0.6995754
1035567	7.6578555
1035635	1.9962332
1035660	-0.7889258
1035709	2.2978249
1035734	-1.7667227
1035755	0.41914335
1035790	-3.165677
1035820	-3.6127765
1035822	-2.2588663
1035874	6.222295
1035900	3.6011136
1035918	0.75282377
1035923	-1.3604059
1035965	-2.950422
1036052	-3.0298328
1036070	2.5232868
1036092	3.0938451
1036147	-0.9562605
1036184	3.4578512
1036203	-0.85663277
1036259	-0.9953191
1036275	2.6506927
1036312	0.99978554
1036384	0.11459038
1036432	-18.539564
1036437	-1.2850225
1036487	1.8837155
1036545	-3.443526
1036579	1.6616746
1036604	3.8592708
1036624	0.3334923
1036690	-2.7694836
1036711	-0.7811148
1036763	-1.5062621
1036793	-3.3538616
1036811	-0.53348076
1036828	-0.8636759
1036867	1.6404365
1036872	4.4516063
1036940	2.1466699
1037014	-5.750343
1037025	14.4958515
1037039	-0.12993842
1037054	-5.7227926
1037076	-0.3020028
1037095	-1.2293799
1037149	6.8961
1037191	-0.99150664
1037224	-3.324255
1037240	-2.129923
1037302	18.863245
1037307	-11.777214
1037375	2.1118224
1037443	3.971358
1037457	-0.9541863
1037474	-3.502828
1037537	-0.7164271
1037617	-0.93564516
1037619	5.295103
1037634	-1.2755331
1037681	-2.3084095
1037683	2.5861704
1037736	-2.0981228
1037737	-28.795298
1037757	-2.163034
1037778	2.8038635
1037782	-0.4763561
1037792	-0.9618673
1037909	-4.3932033
1037971	-1.3128299
1037995	-0.87775284
1038054	-2.8700144
1038098	-2.9217708
1038116	-1.0966376
1038153	-0.91783816
1038172	-18.469553
1038179	-1.5567992
1038184	-0.8703202
1038198	0.43575403
1038245	1.0319114
1038299	-4.640637
1038344	-2.0246694
1038400	-0.1604258
1038434	-0.95282584
1038484	2.9852188
1038503	-1.6031036
1038607	-2.8063107
1038612	3.0682123
1038642	-0.4142204
1038680	0.59235764
1038765	-2.4715567
1038826	-0.9541863
1038835	-0.76508605
1038865	2.8188188
1038933	0.42228857
1039042	-35.894096
1039077	-0.5902726
1039097	-1.5778533
1039179	8.605695
1039195	-2.089785
1039248	2.3409421
1039302	-3.1169093
1039329	8.53971
1039398	-1.3283502
1039450	6.900155
1039477	-9.32503
1039507	-0.7131966
1039550	4.7334905
1039606	-4.225614
1039630	-1.6063883
1039653	-1.3577782
1039737	5.926126
1039754	5.2998614
1039789	1.1320758
1039803	-0.9731729
1039838	2.2690384
1039859	8.914212
1039917	0.098672904
1039942	-3.3159115
1039947	2.7212539
1039980	3.5819502
1039985	8.4972725
1040004	3.9464228
1040140	-0.86329955
1040172	-12.916171
1040187	-4.165377
1040194	-5.095328
1040224	3.7480123
1040238	4.1709194
1040294	-6.4314795
1040299	-0.9385765
1040382	-2.8201656
1040405	2.0087333
1040420	0.9620631
1040426	-0.2379812
1040495	-5.326685
1040498	2.8607152
1040500	-0.81827193
1040553	3.1563225
1040575	12.847713
1040622	2.9446602
1040629	-8.698704
1040659	0.98418456
1040678	0.38258183
1040728	1.8058517
1040734	0.846227
1040755	-0.011628614
1040837	-5.255843
1040855	2.024149
1040870	0.9712666
1040919	-5.5997562
1040930	-3.7102547
1040954	-8.273201
1040962	1.5765684
1041010	10.545441
1041042	1.4542383
1041064	-0.8617913
1041069	5.9583354
1041074	-1.2564901
1041099	-1.8859817
1041111	1.227931
1041113	-0.65603006
1041143	0.70006454
1041164	9.018004
1041178	-1.6077778
1041181	3.5754333
1041193	-0.90432733
1041290	3.7368245
1041328	0.9443115
1041354	-0.6484048
1041364	-0.9999539
1041389	-6.0830216
1041404	13.378674
1041487	-0.2539044
1041496	-0.9333557
1041499	-6.3345184
1041529	0.26244086
1041534	0.9952141
1041543	-5.835018
1041598	-2.3899438
1041625	-5.963182
1041725	4.2482224
1041743	-1.9554166
1041824	-5.7061043
1041843	-0.12993842
1041934	-2.1052248
1041964	1.8520904
1041978	-0.8311829
1041996	-4.938402
1042060	0.37966338
1042068	1.6170087
1042210	-10.353526
1042259	-0.814192
1042264	-0.62431675
1042315	-2.1554995
1042361	-1.1318363
1042369	1.6266589
1042404	-13.935088
1042469	-3.7114172
1042503	-2.9138255
1042527	-8.011463
1042552	4.6574416
1042618	-0.97801465
1042659	-8.786963
1042694	3.251502
1042728	0.97637707
1042787	2.7886982
1042790	0.02204413
1042804	-5.782252
1042838	12.246502
1042903	5.987668
1042904	-0.68021303
1042953	-3.890177
1042962	-13.766718
1042972	2.5010786
1043012	3.571447
1043014	3.9987981
1043046	-2.4898703
1043129	2.0309463
1043185	-4.0727854
1043204	-5.718332
1043235	3.6019118
1043239	-0.9190621
1043249	-2.2780163
1043339	3.1042516
1043365	6.7337775
1043379	-0.78931195
1043397	-0.823096
1043415	-8.919225
1043422	-0.89732265
1043437	1.5834166
1043480	1.5433339
1043481	-9.677601
1043515	1.2481937
1043521	-1.2958994
1043620	0.69480634
1043634	0.10248832
1043635	-10.463029
1043639	-0.9975961
1043674	-4.8364244
1043684	-0.7135418
1043704	0.2001305
1043709	5.936945
1043767	8.541799
1043774	-11.651922
1043780	-0.35502946
1043797	1.5869571
1043803	-0.43430328
1043832	3.0265763
1043837	1.372193
1043857	-1.472822
1043882	-3.74831
1043915	-1.6032468
1044009	-0.8930414
1044033	-1.2394369
1044055	-6.175788
1044102	-0.9771129
1044105	2.5069773
1044109	8.613518
1044114	-2.5171478
1044155	-0.910176
1044209	11.825495
1044233	-0.7234703
1044267	15.877854
1044292	-0.3255883
1044319	1.4604008
1044330	-3.2153056
1044434	-0.9734135
1044440	0.18731642
1044554	-3.3901024
1044556	0.8648724
1044563	-0.95666814
1044579	0.76892215
1044591	0.8383722
1044635	-0.99849546
1044678	-0.98237777
1044727	-2.8852885
1044728	-0.2355749
1044736	0.8875967
1044785	3.0405579
1044822	1.9000419
1044862	-0.23189195
1044884	-0.7593161
1044925	-0.44855818
1044940	-14.099166
1044962	-1.7894125
1044969	6.7133865
1044972	-1.7915839
1045014	-4.733003
1045024	-1.4252512
1045065	0.99993384
1045113	3.8757007
1045137	-0.4716172
1045163	2.6600623
1045167	-3.5005827
1045172	0.01577636
1045205	7.176687
1045220	-2.7720394
1045271	0.5411175
1045285	4.3116665
1045314	-1.2738497
1045392	6.0099993
1045397	1.9916294
1045410	-3.1635776
1045445	-0.20870768
1045519	-1.9200398
1045572	-3.7350314
1045635	-4.8614645
1045640	2.600079
1045655	1.8822438
1045686	-1.1632396
1045706	0.95501345
1045739	4.044932
1045760	5.3836884
1045773	1.223886
1045787	4.063084
1045809	0.4623617
1045872	-5.4628897
1045879	3.5599756
1045952	5.356232
1045957	3.4417253
1045979	-2.4380012
1045981	5.9511294
1046007	-3.3813257
1046049	1.3654218
1046077	2.6932273
1046087	2.4502244
1046118	-0.95056635
1046141	-5.1247582
1046174	-0.96928275
1046184	-0.94666713
1046195	-2.485854
1046208	-6.5813375
1046226	-2.9245245
1046230	-0.85031873
1046245	-0.564516
1046275	2.0658503
1046280	5.0415425
1046298	2.704987
1046303	-0.5740939
1046377	-1.992155
1046384	-0.41692808
1046387	3.4165528
1046433	-0.81729704
1046447	-0.90643334
1046494	-8.743293
1046525	-1.3698624
1046556	4.6587896
1046560	-1.8557413
1046609	0.050828554
1046657	-2.3598344
1046665	-0.7240751
1046680	-8.243691
1046692	5.0231304
1046715	-1.0511259
1046716	-2.0238783
1046736	4.9051676
1046738	-0.9701259
1046744	0.46400347
1046754	5.344812
1046818	3.3783183
1046822	8.235762
1046824	-0.3561348
1046833	-0.33576837
1046843	-4.251634
1046903	-4.9214535
1046912	-0.3624803
1046927	2.7607982
1046929	0.55975425
1046976	5.410527
1046989	2.6246543
1047044	0.2220197
1047057	-1.214184
1047065	1.0110811
1047100	-1.9262735
1047184	1.5100538
1047197	-0.94492996
1047201	-0.6832497
1047259	-0.31409526
1047312	1.7041516
1047317	-1.5158303
1047353	-1.5192484
1047362	-2.3352513
1047479	0.875393
1047484	-1.5334325
1047500	3.364727
1047501	-0.297113
1047513	11.934681
1047619	-0.55766463
1047669	-3.8842957
1047703	4.2788286
1047772	4.04922
1047781	3.576191
1047815	-0.8719333
1047830	-0.9986449
1047890	4.0355644
1047914	4.810074
1047970	1.9865638
1047985	4.392258
1048007	-1.342474
1048054	1.3322058
1048124	-8.612357
1048164	0.049799126
1048173	-0.95056635
1048207	-1.1729975
1048223	9.185173
1048229	-0.81977355
1048306	-1.876443
1048349	-3.0939867
1048370	-5.626105
1048445	-0.77852505
1048464	-0.4440499
1048469	-2.5441704
1048489	5.9441934
1048490	-3.9692225
1048559	11.231926
1048573	0.5866215
